date,variable,strat,type,bottom,top,lower,upper,median,mean,sd
2020-05-02,reported_cases,NA,positivity-adjusted reported cases,3,15,4,9,9,9.033666666666667,3.9819365257439636
2020-05-03,reported_cases,NA,positivity-adjusted reported cases,2,13,5,9,8,8.117333333333333,3.732676945743182
2020-05-04,reported_cases,NA,positivity-adjusted reported cases,3,15,5,10,9,9.290666666666667,4.090120933661116
2020-05-05,reported_cases,NA,positivity-adjusted reported cases,3,16,5,10,9,9.942333333333334,4.294549523224141
2020-05-06,reported_cases,NA,positivity-adjusted reported cases,4,17,6,11,10,10.378,4.44473860128406
2020-05-07,reported_cases,NA,positivity-adjusted reported cases,3,16,5,10,9,9.803666666666667,4.259401451197462
2020-05-08,reported_cases,NA,positivity-adjusted reported cases,3,16,5,10,10,10.058666666666667,4.23302859261674
2020-05-09,reported_cases,NA,positivity-adjusted reported cases,3,16,5,10,9,9.796666666666667,4.254412089775989
2020-05-10,reported_cases,NA,positivity-adjusted reported cases,2,14,5,9,8,8.491,3.888224757382385
2020-05-11,reported_cases,NA,positivity-adjusted reported cases,2,15,4,9,9,9.349,4.214473426430325
2020-05-12,reported_cases,NA,positivity-adjusted reported cases,3,16,5,10,9,9.703,4.349685535156718
2020-05-13,reported_cases,NA,positivity-adjusted reported cases,3,16,5,10,9,9.648,4.286360573064377
2020-05-14,reported_cases,NA,positivity-adjusted reported cases,3,15,4,9,8,8.878666666666666,4.027656749921384
2020-05-15,reported_cases,NA,positivity-adjusted reported cases,2,15,4,9,8,8.934666666666667,4.150036846121202
2020-05-16,reported_cases,NA,positivity-adjusted reported cases,2,14,3,8,8,8.512333333333334,4.036245571690836
2020-05-17,reported_cases,NA,positivity-adjusted reported cases,2,12,3,7,7,7.255333333333334,3.543960793837639
2020-05-18,reported_cases,NA,positivity-adjusted reported cases,2,13,4,8,7,7.799,3.747970307665521
2020-05-19,reported_cases,NA,positivity-adjusted reported cases,2,13,4,8,8,8.019666666666666,3.6864359245072182
2020-05-20,reported_cases,NA,positivity-adjusted reported cases,2,13,5,9,8,7.957333333333334,3.692251859884583
2020-05-21,reported_cases,NA,positivity-adjusted reported cases,2,12,3,7,7,7.157666666666667,3.4818839336578566
2020-05-22,reported_cases,NA,positivity-adjusted reported cases,2,12,3,7,7,7.143,3.450292621366728
2020-05-23,reported_cases,NA,positivity-adjusted reported cases,1,11,3,7,6,6.709333333333333,3.323029801939351
2020-05-24,reported_cases,NA,positivity-adjusted reported cases,1,10,3,6,5,5.739333333333334,3.0016200286658066
2020-05-25,reported_cases,NA,positivity-adjusted reported cases,1,10,4,7,6,6.097333333333333,3.1467168336483575
2020-05-26,reported_cases,NA,positivity-adjusted reported cases,1,10,4,7,6,6.1866666666666665,3.1683594686835153
2020-05-27,reported_cases,NA,positivity-adjusted reported cases,2,11,2,6,6,6.178,3.131386997510218
2020-05-28,reported_cases,NA,positivity-adjusted reported cases,1,10,3,6,5,5.583,2.996348394501838
2020-05-29,reported_cases,NA,positivity-adjusted reported cases,1,10,3,6,5,5.641,3.0605949444192384
2020-05-30,reported_cases,NA,positivity-adjusted reported cases,1,9,2,5,5,5.316,2.855671950247287
2020-05-31,reported_cases,NA,positivity-adjusted reported cases,0,8,1,4,4,4.671333333333333,2.6384904963991724
2020-06-01,reported_cases,NA,positivity-adjusted reported cases,1,9,2,5,5,5.143666666666666,2.7608393591221216
2020-06-02,reported_cases,NA,positivity-adjusted reported cases,1,9,2,5,5,5.390333333333333,2.9198427553770077
2020-06-03,reported_cases,NA,positivity-adjusted reported cases,1,10,3,6,5,5.633666666666667,3.008623798562389
2020-06-04,reported_cases,NA,positivity-adjusted reported cases,1,9,2,5,5,5.322666666666667,2.895746536713895
2020-06-05,reported_cases,NA,positivity-adjusted reported cases,0,9,2,5,5,5.489,2.985774709664527
2020-06-06,reported_cases,NA,positivity-adjusted reported cases,1,10,3,6,5,5.647,3.0161935406222686
2020-06-07,reported_cases,NA,positivity-adjusted reported cases,1,9,2,5,5,5.175666666666666,2.834222790907304
2020-06-08,reported_cases,NA,positivity-adjusted reported cases,1,10,3,6,6,5.945666666666667,3.0612369416234038
2020-06-09,reported_cases,NA,positivity-adjusted reported cases,1,11,3,7,6,6.716666666666667,3.3898209172224965
2020-06-10,reported_cases,NA,positivity-adjusted reported cases,1,12,4,8,7,7.426666666666667,3.5644808967894255
2020-06-11,reported_cases,NA,positivity-adjusted reported cases,1,12,4,8,7,7.556666666666667,3.720403565446292
2020-06-12,reported_cases,NA,positivity-adjusted reported cases,2,14,5,9,8,8.305666666666667,3.953493551190979
2020-06-13,reported_cases,NA,positivity-adjusted reported cases,2,15,4,9,8,8.977333333333334,4.174760963047874
2020-06-14,reported_cases,NA,positivity-adjusted reported cases,2,14,4,9,8,8.783666666666667,4.055409803186293
2020-06-15,reported_cases,NA,positivity-adjusted reported cases,2,17,5,11,10,10.848,4.808874201969049
2020-06-16,reported_cases,NA,positivity-adjusted reported cases,4,21,6,13,12,13.049,5.472407887090858
2020-06-17,reported_cases,NA,positivity-adjusted reported cases,6,24,9,16,14,14.934,6.108634528703483
2020-06-18,reported_cases,NA,positivity-adjusted reported cases,5,25,8,16,15,16.082333333333334,6.516316087126069
2020-06-19,reported_cases,NA,positivity-adjusted reported cases,7,29,10,19,18,18.499333333333333,7.164014744399601
2020-06-20,reported_cases,NA,positivity-adjusted reported cases,8,32,13,22,20,20.601666666666667,7.760567377726341
2020-06-21,reported_cases,NA,positivity-adjusted reported cases,7,31,12,22,20,20.745,7.847961848046247
2020-06-22,reported_cases,NA,positivity-adjusted reported cases,9,39,17,28,25,26.033,9.576071465632708
2020-06-23,reported_cases,NA,positivity-adjusted reported cases,12,48,19,33,30,31.886333333333333,11.554735704230557
2020-06-24,reported_cases,NA,positivity-adjusted reported cases,15,55,25,40,36,37.432,12.826673400256162
2020-06-25,reported_cases,NA,positivity-adjusted reported cases,17,60,25,42,39,40.215666666666664,14.108065083101176
2020-06-26,reported_cases,NA,positivity-adjusted reported cases,22,71,30,50,45,46.50866666666667,15.862023604188364
2020-06-27,reported_cases,NA,positivity-adjusted reported cases,25,80,34,56,51,52.50066666666667,17.790938856358473
2020-06-28,reported_cases,NA,positivity-adjusted reported cases,23,79,37,58,51,52.61666666666667,17.813126940153364
2020-06-29,reported_cases,NA,positivity-adjusted reported cases,32,100,43,71,64,66.14333333333333,22.001397138535804
2020-06-30,reported_cases,NA,positivity-adjusted reported cases,38,121,56,89,78,80.83133333333333,26.962749887874214
2020-07-01,reported_cases,NA,positivity-adjusted reported cases,46,142,63,101,90,93.858,30.464534549019938
2020-07-02,reported_cases,NA,positivity-adjusted reported cases,47,148,70,110,95.5,99.48666666666666,32.62995648544912
2020-07-03,reported_cases,NA,positivity-adjusted reported cases,53,164,84,129,110.5,114.264,35.4873886836605
2020-07-04,reported_cases,NA,positivity-adjusted reported cases,57,184,94,146,123,126.33266666666667,40.46601659485698
2020-07-05,reported_cases,NA,positivity-adjusted reported cases,58,186,84,136,121,124.78633333333333,40.44222056576912
2020-07-06,reported_cases,NA,positivity-adjusted reported cases,80,231,113,172,149,154.994,47.77527383068079
2020-07-07,reported_cases,NA,positivity-adjusted reported cases,88,270,132,204,177,183.51166666666666,58.73788025412395
2020-07-08,reported_cases,NA,positivity-adjusted reported cases,107,307,145,227,202,208.40533333333335,63.70778549125391
2020-07-09,reported_cases,NA,positivity-adjusted reported cases,109,323,159,244,211,218.069,67.92153819506441
2020-07-10,reported_cases,NA,positivity-adjusted reported cases,114,358,180,276,239,246.50633333333334,77.22191637101193
2020-07-11,reported_cases,NA,positivity-adjusted reported cases,131,389,183,289,253,261.87833333333333,84.64192587459722
2020-07-12,reported_cases,NA,positivity-adjusted reported cases,116,366,168,269,243,251.41233333333332,79.63140524602112
2020-07-13,reported_cases,NA,positivity-adjusted reported cases,146,445,211,328,289,301.51666666666665,95.329892050334
2020-07-14,reported_cases,NA,positivity-adjusted reported cases,168,508,254,391,337,348.8346666666667,109.19972004470297
2020-07-15,reported_cases,NA,positivity-adjusted reported cases,194,559,266,411,367,379.3086666666667,117.74670619807469
2020-07-16,reported_cases,NA,positivity-adjusted reported cases,191,553,274,421,370,379.61533333333335,116.46722100836796
2020-07-17,reported_cases,NA,positivity-adjusted reported cases,200,605,299,464,402,415.43466666666666,128.38809744706705
2020-07-18,reported_cases,NA,positivity-adjusted reported cases,206,641,294,463,420,435.6616666666667,136.61427823460258
2020-07-19,reported_cases,NA,positivity-adjusted reported cases,200,590,275,432,386,402.31033333333335,124.81178104163278
2020-07-20,reported_cases,NA,positivity-adjusted reported cases,246,680,322,498,452,466.0156666666667,140.33078183586727
2020-07-21,reported_cases,NA,positivity-adjusted reported cases,261,769,366,572,504,521.7603333333333,161.07953242154613
2020-07-22,reported_cases,NA,positivity-adjusted reported cases,291,832,385,606,538.5,560.5326666666666,176.80435569564798
2020-07-23,reported_cases,NA,positivity-adjusted reported cases,281,811,401,619,525,540.7973333333333,170.47434242928696
2020-07-24,reported_cases,NA,positivity-adjusted reported cases,291,840,427,646,556,574.6526666666666,174.2900026619375
2020-07-25,reported_cases,NA,positivity-adjusted reported cases,297,855,440,659,563,581.4756666666667,176.81736774159728
2020-07-26,reported_cases,NA,positivity-adjusted reported cases,263,769,358,557,509,524.9703333333333,158.93446922675926
2020-07-27,reported_cases,NA,positivity-adjusted reported cases,292,869,441,670,574,596.2993333333334,185.1513112805628
2020-07-28,reported_cases,NA,positivity-adjusted reported cases,321,949,467,723,623,648.955,202.05162688854904
2020-07-29,reported_cases,NA,positivity-adjusted reported cases,323,987,489,746,650,674.5566666666666,212.80711080935689
2020-07-30,reported_cases,NA,positivity-adjusted reported cases,326,941,436,687,612.5,636.0116666666667,199.64267395268112
2020-07-31,reported_cases,NA,positivity-adjusted reported cases,348,985,494,731,628,652.3713333333334,200.74050005170662
2020-08-01,reported_cases,NA,positivity-adjusted reported cases,344,960,485,735,627,645.1993333333334,197.2853688741586
2020-08-02,reported_cases,NA,positivity-adjusted reported cases,285,817,407,622,538.5,560.583,173.69354697403165
2020-08-03,reported_cases,NA,positivity-adjusted reported cases,300,897,467,699,590.5,608.69,187.76458597558326
2020-08-04,reported_cases,NA,positivity-adjusted reported cases,349,971,457,705,624,647.945,198.50223765603118
2020-08-05,reported_cases,NA,positivity-adjusted reported cases,349,944,451,696,623,644.0996666666666,192.18363939291413
2020-08-06,reported_cases,NA,positivity-adjusted reported cases,302,862,434,667,566.5,585.7193333333333,180.7917617405726
2020-08-07,reported_cases,NA,positivity-adjusted reported cases,291,840,416,632,560,578.5426666666667,175.21195903748162
2020-08-08,reported_cases,NA,positivity-adjusted reported cases,286,821,396,613,537,555.827,172.78374097326088
2020-08-09,reported_cases,NA,positivity-adjusted reported cases,246,687,345,522,445,460.547,140.3325509849918
2020-08-10,reported_cases,NA,positivity-adjusted reported cases,236,714,319,512,467,484.817,152.01933913428124
2020-08-11,reported_cases,NA,positivity-adjusted reported cases,246,725,353,546,479,493.36266666666666,151.3758568031789
2020-08-12,reported_cases,NA,positivity-adjusted reported cases,261,723,334,522,467,483.673,148.46485333312083
2020-08-13,reported_cases,NA,positivity-adjusted reported cases,227,634,313,472,413,423.49333333333334,127.10358661133594
2020-08-14,reported_cases,NA,positivity-adjusted reported cases,194,583,286,443,392,405.6483333333333,123.31202678248903
2020-08-15,reported_cases,NA,positivity-adjusted reported cases,185,557,278,423,361,375.1453333333333,118.5221162578373
2020-08-16,reported_cases,NA,positivity-adjusted reported cases,147,452,217,335,295,306.9096666666667,95.90310722397872
2020-08-17,reported_cases,NA,positivity-adjusted reported cases,164,470,237,363,306,317.6166666666667,99.64307286282074
2020-08-18,reported_cases,NA,positivity-adjusted reported cases,148,456,237,361,304,312.5283333333333,96.7544331663137
2020-08-19,reported_cases,NA,positivity-adjusted reported cases,149,438,211,325,287,297.549,93.4093144838571
2020-08-20,reported_cases,NA,positivity-adjusted reported cases,134,394,182,287,254,260.28933333333333,80.31745296409181
2020-08-21,reported_cases,NA,positivity-adjusted reported cases,125,362,171,270,236,245.25833333333333,76.29505822261329
2020-08-22,reported_cases,NA,positivity-adjusted reported cases,111,318,162,246,214,219.813,65.84983496249778
2020-08-23,reported_cases,NA,positivity-adjusted reported cases,81,252,122,191,171,176.67633333333333,55.047267329411554
2020-08-24,reported_cases,NA,positivity-adjusted reported cases,92,271,135,207,175,181.22666666666666,56.952259031799294
2020-08-25,reported_cases,NA,positivity-adjusted reported cases,91,259,135,204,172,177.13766666666666,55.27932690029555
2020-08-26,reported_cases,NA,positivity-adjusted reported cases,83,247,114,179,160,166.072,51.950666725825116
2020-08-27,reported_cases,NA,positivity-adjusted reported cases,73,211,102,159,137,141.50666666666666,44.15289097536781
2020-08-28,reported_cases,NA,positivity-adjusted reported cases,65,202,93,147,129,134.30166666666668,43.314093558438366
2020-08-29,reported_cases,NA,positivity-adjusted reported cases,56,177,83,132,117,121.191,38.618825161902954
2020-08-30,reported_cases,NA,positivity-adjusted reported cases,47,148,66,106,92,96.35333333333334,33.123388642779524
2020-08-31,reported_cases,NA,positivity-adjusted reported cases,44,145,62,103,93,97.59233333333333,33.433946084867465
2020-09-01,reported_cases,NA,positivity-adjusted reported cases,43,146,64,104,93,96.43533333333333,32.73809828393577
2020-09-02,reported_cases,NA,positivity-adjusted reported cases,39,137,57,96,86,90.18266666666666,32.20556420368145
2020-09-03,reported_cases,NA,positivity-adjusted reported cases,28,118,52,86,73,77.10733333333333,30.101536733641986
2020-09-04,reported_cases,NA,positivity-adjusted reported cases,30,117,42,74,68,72.50166666666667,28.775012267577264
2020-09-05,reported_cases,NA,positivity-adjusted reported cases,23,105,36,67,61,66.00466666666667,28.55790310052056
2020-09-06,reported_cases,NA,positivity-adjusted reported cases,17,85,27,53,48,52.637,24.875935527924636
2020-09-07,reported_cases,NA,positivity-adjusted reported cases,15,87,29,54,48,53.970333333333336,28.547710541266493
2020-09-08,reported_cases,NA,positivity-adjusted reported cases,17,94,26,53,47,54.68933333333333,37.58037050959053
2020-09-09,reported_cases,NA,positivity-adjusted reported cases,14,88,21,47,44,51.98833333333334,38.13675831356293
2020-09-10,reported_cases,NA,positivity-adjusted reported cases,10,78,18,40,37,46.519,63.40728507251163
2020-09-11,reported_cases,NA,positivity-adjusted reported cases,8,77,15,37,34,47.578,158.61469916203674
2020-09-12,reported_cases,NA,positivity-adjusted reported cases,6,75,12,33,31,59.24066666666667,890.532349796963
2020-09-13,reported_cases,NA,positivity-adjusted reported cases,2,61,9,26,24,68.48233333333333,1741.9057790062968
2020-09-14,reported_cases,NA,positivity-adjusted reported cases,4,67,7,25,24,322.5493333333333,15321.557638016156
2020-09-15,reported_cases,NA,positivity-adjusted reported cases,2,71,6,24,23,1322.4543333333334,69481.46213444773
2020-04-18,infections,NA,Infections,1.4424472670712798,2.0048224985209524,1.599378533987335,1.8261401792810046,1.7171519528412507,1.7221647370050865,0.17157216531511493
2020-04-19,infections,NA,Infections,4.082900163109411,5.696784072312735,4.540895892188599,5.197861092806047,4.880999174218266,4.902931250993452,0.5070880736270595
2020-04-20,infections,NA,Infections,5.827439671847447,8.160677989311303,6.498950068538341,7.428478094318557,7.035596107049425,7.062649703228744,0.7066626471842622
2020-04-21,infections,NA,Infections,7.774897777402826,11.08379032233931,8.78893780309453,10.084424759208453,9.510089312378158,9.55218103913379,0.9931216462279332
2020-04-22,infections,NA,Infections,9.875691380788135,13.857967842436977,11.117746875978426,12.677734461451118,11.904663720471982,11.961979351046011,1.2088354350015034
2020-04-23,infections,NA,Infections,11.682766359819459,16.374709637115757,12.906327934278838,14.81574505091597,13.972889581940834,14.041894856226813,1.4357363458273387
2020-04-24,infections,NA,Infections,13.35769784960816,18.626115427629056,14.779182389525538,16.97142148124551,16.00004888587662,16.042450979534657,1.6423041143018977
2020-04-25,infections,NA,Infections,13.033652698764055,18.06877272892925,14.448248037034094,16.58094355053847,15.391292452220107,15.467539100112074,1.5622580177745644
2020-04-26,infections,NA,Infections,10.899237560209805,15.02117208182306,11.93996144488414,13.600109149167613,12.913934569974824,12.95033931481608,1.253996938368566
2020-04-27,infections,NA,Infections,11.047821026145048,15.197218997986182,12.231036571449227,13.951491281254803,13.08190402415243,13.133237669368377,1.2844054968814427
2020-04-28,infections,NA,Infections,9.735668611935262,13.420111097192136,10.739651316003265,12.238067268915565,11.577595414719061,11.623326972540397,1.1477579798678978
2020-04-29,infections,NA,Infections,8.906652573492773,12.242018954991575,9.684687105374943,11.091265874185769,10.562671573643698,10.60787006191641,1.0550001791078243
2020-04-30,infections,NA,Infections,9.482543554965686,12.973349293766063,10.528893396303587,11.981576806879549,11.301656444957452,11.334437800864304,1.0919850857006281
2020-05-01,infections,NA,Infections,9.518905602617616,13.174893971296584,10.39423294177299,11.939958696936893,11.279391656135232,11.31490442041717,1.1480410592896964
2020-05-02,infections,NA,Infections,8.477430740171583,12.736899101748206,9.512011770876747,11.220951841176856,10.540694068141748,10.653813691750223,1.3716101710888677
2020-05-03,infections,NA,Infections,8.133089837754662,12.644007529811054,9.186884834752341,10.98167076798076,10.21518566729768,10.362769417420044,1.4480789817932647
2020-05-04,infections,NA,Infections,7.758762998459056,12.449525363832727,8.861273535590902,10.707623608382965,9.897736830961655,10.041901327075513,1.4998310290047794
2020-05-05,infections,NA,Infections,7.2722881152930015,12.060355674766798,8.531037715289115,10.414003759139247,9.560701574518522,9.695299633418099,1.5148168157820678
2020-05-06,infections,NA,Infections,7.001898574283914,11.689559357050664,7.995128991334222,9.87618666599089,9.194923795587634,9.327140793123114,1.4942476070295843
2020-05-07,infections,NA,Infections,6.6615077017423445,11.252937959200157,7.7605832300637605,9.610679707614137,8.80421426704098,8.942377251635438,1.4445613925408396
2020-05-08,infections,NA,Infections,6.444736582266169,10.82188123991361,7.254431999807794,9.008395307913363,8.43832417471058,8.54669145910084,1.374209695813566
2020-05-09,infections,NA,Infections,5.938441037303877,10.057345158214744,6.894784959808901,8.584745092511783,8.043274562967039,8.146217114961738,1.2918991502691761
2020-05-10,infections,NA,Infections,5.762575816974865,9.614237051922105,6.729050637127102,8.328288252123473,7.661622659439999,7.747197089100476,1.2055273065405698
2020-05-11,infections,NA,Infections,5.573089025064118,9.191444165092445,6.363530140361938,7.867850367654341,7.281573700066957,7.355660841695746,1.1215784130486817
2020-05-12,infections,NA,Infections,5.311717314593611,8.678734239937112,6.226186290307952,7.645200566974944,6.90707867639318,6.977164060164787,1.0448515204614746
2020-05-13,infections,NA,Infections,5.060856778968554,8.191100681639517,5.7785663914871375,7.108071748558388,6.549490959699392,6.616608604112385,0.9784169498244709
2020-05-14,infections,NA,Infections,4.794563054740144,7.751364397805421,5.505714601888654,6.757801180532092,6.214762685047753,6.278145012195837,0.9237291584003009
2020-05-15,infections,NA,Infections,4.546754439515008,7.375898785649891,5.287132680122616,6.4726762371355875,5.913366193043748,5.9651502136065515,0.8808650786371229
2020-05-16,infections,NA,Infections,4.265819800128097,6.998662573577449,4.958291786364103,6.090140737034777,5.6199717132137295,5.680267847898477,0.8488730594769439
2020-05-17,infections,NA,Infections,4.0828562535986554,6.755721378443975,4.861048021869919,5.959926084446397,5.37626398727855,5.425496353876986,0.8261926341680329
2020-05-18,infections,NA,Infections,3.9163800850847537,6.515638246893144,4.5299196959203005,5.608145758949551,5.152939997860871,5.202309881428878,0.811068639296682
2020-05-19,infections,NA,Infections,3.678741791587407,6.2430580135954274,4.2918623114689,5.349561563320871,4.9623056306368,5.011786896809481,0.8018781431340634
2020-05-20,infections,NA,Infections,3.4453316072624665,6.022406656908737,4.294822355177659,5.33285017855068,4.799404793383362,4.854773198715764,0.797327541824688
2020-05-21,infections,NA,Infections,3.324004805002874,5.908741621984202,4.20949220646869,5.242929664378483,4.684723357353697,4.732045718269982,0.7965232878314936
2020-05-22,infections,NA,Infections,3.221395544246557,5.8149441845015115,4.084388392564969,5.114843324924043,4.597396303199415,4.6444309196794755,0.7989511318357845
2020-05-23,infections,NA,Infections,3.2680660332614933,5.84597641009928,4.01485117938385,5.059148334259059,4.5562620127990066,4.592958723317656,0.8044068063816501
2020-05-24,infections,NA,Infections,3.2207717966148883,5.813603570190739,3.9744113996039325,5.024374935264376,4.538814760089851,4.578997565444717,0.8129148475841563
2020-05-25,infections,NA,Infections,3.192511609092047,5.834919939954001,3.974689112867611,5.057522567502174,4.5575868420842784,4.604384726440161,0.8246527411079907
2020-05-26,infections,NA,Infections,3.278682982251049,5.975453238771,4.00287612319545,5.109037919674764,4.632116795727218,4.671583571035519,0.839890036722935
2020-05-27,infections,NA,Infections,3.298709687256623,6.071085051783723,4.032711682254589,5.173369079735869,4.743065367832057,4.783800193764056,0.8589530268700669
2020-05-28,infections,NA,Infections,3.5523843466560776,6.401715080432945,4.195922008047131,5.361283377567423,4.901149748417234,4.945100186528628,0.8821956527741365
2020-05-29,infections,NA,Infections,3.7649830498975327,6.711269024666684,4.320326333973355,5.516984057447945,5.100208054421625,5.160646750402418,0.9099998549543991
2020-05-30,infections,NA,Infections,3.9835360417382644,7.038803326885433,4.6247726550944614,5.859883652637474,5.377555841240831,5.4368219928425745,0.9427819880224584
2020-05-31,infections,NA,Infections,4.119601835548025,7.283811921594753,4.935338306958366,6.219403426389365,5.721763002866092,5.781431275142959,0.9810195942882076
2020-06-01,infections,NA,Infections,4.557460458003673,7.8414616048006405,5.245003714981913,6.591403174135339,6.142050200078067,6.203955557319413,1.025304764253345
2020-06-02,infections,NA,Infections,4.983496994886862,8.419178054402067,5.878093306592552,7.299977778462165,6.64306064438367,6.715763522940114,1.0764321367134944
2020-06-03,infections,NA,Infections,5.490731134124119,9.109253523337353,6.491751553001302,7.9768796009140015,7.256418048784964,7.330361905614664,1.1355297716324078
2020-06-04,infections,NA,Infections,6.072486110107112,9.930631295369274,7.203864841040629,8.7933210035426,7.989702348521791,8.06368083362464,1.2042521111239484
2020-06-05,infections,NA,Infections,6.807356594015623,10.953222379924508,7.757878926938248,9.44381996828925,8.847684404767852,8.93435445000321,1.2850071102935676
2020-06-06,infections,NA,Infections,7.69702857077029,12.132760106546616,8.923627626507395,10.718012762216736,9.881364569023024,9.964012010113677,1.3811742234202569
2020-06-07,infections,NA,Infections,8.680956786069865,13.466409580100605,10.01869997603138,11.917064555856708,11.073750934412757,11.177571964431603,1.49721221248683
2020-06-08,infections,NA,Infections,9.962180010483188,15.292253427160057,11.320802126130053,13.355814682845246,12.485247044038466,12.60353920883045,1.6385299363652484
2020-06-09,infections,NA,Infections,11.44941963104395,17.393415715258776,13.063520270763327,15.301168244278147,14.15586139132304,14.274311985557711,1.8110348521838826
2020-06-10,infections,NA,Infections,13.01423973388847,19.56904167540438,14.568941462282778,17.06905490902157,16.109045689984377,16.226512595083506,2.0204075319350605
2020-06-11,infections,NA,Infections,14.791648492521995,22.187525655924272,16.714582524981083,19.531695824815735,18.338195922648474,18.50136252483378,2.2713199255802348
2020-06-12,infections,NA,Infections,17.103068301518256,25.47981065094283,19.190200195969354,22.379143030006805,20.99140112348428,21.14512418576547,2.566900135984812
2020-06-13,infections,NA,Infections,19.6101474817331,29.062476730371394,22.082754694497574,25.673781242214258,24.020049976560703,24.20962465032647,2.9086721994499736
2020-06-14,infections,NA,Infections,22.46562204758513,33.149997348983085,25.21546718897107,29.411528261917606,27.55818160634169,27.75285972618469,3.2970149753206077
2020-06-15,infections,NA,Infections,26.08455743912235,38.14453151237329,28.820171967449607,33.642969302996555,31.625556709038115,31.839650381040023,3.732002756002406
2020-06-16,infections,NA,Infections,29.967833382971353,43.68347867343931,33.413613119176844,38.896864734168794,36.29559036843007,36.54229206175788,4.2143825827574695
2020-06-17,infections,NA,Infections,33.85442014045897,49.29698410872473,38.097398791541345,44.30427574867692,41.66300585381056,41.941106994678265,4.74641894908329
2020-06-18,infections,NA,Infections,39.14574720214966,56.47011293634159,44.97887729360711,52.01516840103897,47.79389296018482,48.1247865360979,5.332388998302965
2020-06-19,infections,NA,Infections,45.78192863105348,65.08781486553718,51.737719477739354,59.633318058998704,54.797354001953835,55.1904001556721,5.9786461906537784
2020-06-20,infections,NA,Infections,52.13892255292834,73.68468230803948,58.85948073077263,67.7744513190628,62.79783372928266,63.2429528257886,6.69339806879613
2020-06-21,infections,NA,Infections,59.43164618991593,83.62081135499645,66.48481667425895,76.50311806596393,72.00339427211267,72.39439493202067,7.486658993675587
2020-06-22,infections,NA,Infections,68.07492088971608,95.24217624250144,75.52755692134923,86.673043986997,82.30126382080806,82.76202853197076,8.371206350235965
2020-06-23,infections,NA,Infections,78.71275102281622,109.12130534587789,86.4257508496078,98.90917758812847,94.11416159253807,94.46630968925044,9.36571569011922
2020-06-24,infections,NA,Infections,89.41127883818362,123.53235419979927,97.66630793424264,111.7904167994172,107.27279909573946,107.62811534817101,10.501437642334977
2020-06-25,infections,NA,Infections,102.20803622954125,140.32870452309467,112.26388226274415,128.18362317773034,122.12370026522976,122.36561846581529,11.833505801409977
2020-06-26,infections,NA,Infections,116.78526604438919,159.96849000379498,130.3012248022413,148.27039989586493,138.51850153868565,138.79098755535748,13.456645125665538
2020-06-27,infections,NA,Infections,131.2473395020231,180.73628355412689,144.9820819409185,165.51151740255284,156.34661633856953,157.00718534546616,15.522069543697834
2020-06-28,infections,NA,Infections,145.37305669541843,204.38200962151157,163.16281336670653,187.21710383730667,176.46082171012674,177.1051754712795,18.248454283888893
2020-06-29,infections,NA,Infections,162.0109447640777,233.33384494603075,181.77213053798818,210.61225331542164,198.1939779249118,199.16184866208033,21.918997441853428
2020-06-30,infections,NA,Infections,179.38237131930006,266.1213372147562,202.00830824762863,237.86231555397976,221.82664767685733,223.23894790732976,26.863378146442166
2020-07-01,infections,NA,Infections,208.90057016319713,281.3991746441074,229.04132937581792,259.14957144394805,245.07183929541048,246.05200120920017,23.00176990788713
2020-07-02,infections,NA,Infections,232.27364820204951,312.9501630762759,252.6784717388404,285.7832173486493,270.96787137190415,272.490179507011,25.278701461403003
2020-07-03,infections,NA,Infections,250.78571919308516,340.80772436449445,278.94336824362625,315.4821508239412,299.1215916824018,300.40685801421563,27.775086302402695
2020-07-04,infections,NA,Infections,278.0864157253123,377.27801474341885,305.8578455813869,346.45203036604414,327.64819137740284,329.6868699873927,30.546905182365546
2020-07-05,infections,NA,Infections,301.85949994957184,410.2158913840397,335.5690730225859,380.3524345536233,357.69172890533724,360.18646748678924,33.725960189550776
2020-07-06,infections,NA,Infections,327.9117920797605,448.87582731700985,363.97363183548185,413.6062379337805,389.56339035604367,391.75322685532825,37.56816293969944
2020-07-07,infections,NA,Infections,357.8512222820327,493.89049818775874,392.2745308094185,447.9873172177281,421.19128974534567,424.2390742792213,42.455136201074026
2020-07-08,infections,NA,Infections,378.606518824596,536.8258331619194,417.8565587775443,481.20179906978603,454.3311967239049,457.51020647618185,48.851514977163056
2020-07-09,infections,NA,Infections,393.7745107374785,577.9165840426525,441.77626222775467,517.6711785357107,486.09265717480594,491.45390611832227,57.232545409689585
2020-07-10,infections,NA,Infections,425.522487439301,577.2364121859788,458.59966604966735,520.7556630967512,501.6039739915657,505.617395165034,47.419868782021624
2020-07-11,infections,NA,Infections,452.31432699895504,614.0513148510074,493.7274866718764,558.4955094488138,528.8461489034771,532.8801587261745,50.28086527685009
2020-07-12,infections,NA,Infections,471.52553519504676,643.0080073501397,513.0970788293222,581.6501530293482,554.5615623787828,559.1222617470663,53.19470269545348
2020-07-13,infections,NA,Infections,496.13064403197495,677.1246610440525,531.8464395296729,603.6583977075762,580.3068279201648,584.3562284892784,56.050886073044126
2020-07-14,infections,NA,Infections,513.6032820290611,703.1455921921356,554.6815790689432,631.4821598789631,604.262145612493,608.4800746897073,58.76638381125078
2020-07-15,infections,NA,Infections,531.8559490472688,730.8974769259594,582.0702371004116,662.403629275558,627.2360688506681,631.3490541940332,61.33218895047314
2020-07-16,infections,NA,Infections,544.929868764975,752.6134766527167,603.3651672566449,687.1511934168019,648.5476953221296,652.7904254516128,63.830146879917955
2020-07-17,infections,NA,Infections,571.9809200026446,788.68335377867,613.9730567838823,701.6352693046266,668.4000252135306,672.6043842020218,66.44073776936966
2020-07-18,infections,NA,Infections,578.5672418863983,804.1376494033115,632.5715234626817,724.2733990159888,687.3504413871233,690.5624087457437,69.44222976685808
2020-07-19,infections,NA,Infections,590.1634515261749,827.0267390632404,644.4385480906104,741.9849783839094,704.0404098780175,706.407147094443,73.19202231189138
2020-07-20,infections,NA,Infections,588.5517055501821,839.3453751454492,659.5856521280037,764.2179290265626,715.5580080240916,719.8556463586309,78.08015110257485
2020-07-21,infections,NA,Infections,594.5479813516232,865.7664432430321,657.2884427984308,770.1741465604955,725.9016187439465,730.6066707242305,84.45572950146654
2020-07-22,infections,NA,Infections,604.8538564191315,824.7890851329938,666.5457941843598,757.4053039533349,716.3483722979654,720.6357693503838,68.29978465638492
2020-07-23,infections,NA,Infections,602.5417552036839,822.5326788303648,661.0733760754608,750.064121067408,716.216597283759,720.1684337688961,68.37220243928972
2020-07-24,infections,NA,Infections,605.0349690133796,822.682507339736,662.4429909688932,752.5001765646218,711.1199213520196,715.5660414327842,68.37903944298027
2020-07-25,infections,NA,Infections,593.4028309605752,810.8124314913538,649.8736854547872,738.2750322718595,702.6416352812123,706.7951204143006,68.19490293652447
2020-07-26,infections,NA,Infections,580.8489511152765,799.8220304487037,637.7199124971565,724.6878583070353,691.325144756212,693.8245890763905,67.74289355524165
2020-07-27,infections,NA,Infections,561.29903153896,779.400503564924,625.4611540962064,711.3954821121037,674.1194641695431,676.7147212779429,67.01953436045633
2020-07-28,infections,NA,Infections,546.5065110193513,761.1301863325963,610.3871759496941,695.2083350224668,653.6185003133861,655.651219192668,66.09032374519325
2020-07-29,infections,NA,Infections,525.5507424117702,734.5935104349845,581.3467358521159,663.9230832670352,628.9070571172756,630.9560282901106,65.07334312133436
2020-07-30,infections,NA,Infections,499.0000934081728,706.5410885277753,552.532141564328,634.6030898040308,600.2169308715128,603.0818364064007,64.11577050495484
2020-07-31,infections,NA,Infections,473.2622870145228,676.0422614260395,525.2435663136173,606.8291940222941,570.7131828485412,572.5928584664136,63.364021091000495
2020-08-01,infections,NA,Infections,436.17586094565104,637.3108295503758,497.25960640585487,578.3839082447097,538.0997873010847,540.1345215318137,62.93062405775188
2020-08-02,infections,NA,Infections,408.0584875146576,609.6117243541684,461.9954092725201,544.0616676978779,503.4662785289771,506.3955875049425,62.86606131106886
2020-08-03,infections,NA,Infections,369.8880073823654,531.6725252511842,408.4029628356185,471.4245666507346,446.9465111194097,450.3990841791758,49.755400425502735
2020-08-04,infections,NA,Infections,331.92044793980887,481.5871923328756,378.973255587274,437.5564579606857,409.84450134605913,413.5458518484609,46.31100520362896
2020-08-05,infections,NA,Infections,310.65565587592215,448.8689421971045,343.040804343412,397.4589959711178,373.893302451763,377.58607605616805,42.920543572134086
2020-08-06,infections,NA,Infections,279.4857890226701,407.35816073916783,319.61901859141545,369.87423136040684,340.41594843950224,343.1817345920553,39.62744063619676
2020-08-07,infections,NA,Infections,252.86647366899408,370.8046022373285,283.7624671522363,330.28160625565886,308.4650661789501,310.7488303677016,36.48017810572618
2020-08-08,infections,NA,Infections,225.9040947006446,333.4991061455636,256.2539206784589,299.659496722395,278.52222766431305,280.5463705717495,33.52010973437415
2020-08-09,infections,NA,Infections,202.16091688545086,300.0859344207128,228.711013014577,268.6235673169847,251.2663162820491,252.71197093444226,30.777318767325596
2020-08-10,infections,NA,Infections,182.9844799901845,273.1210608287673,202.49058987439574,239.33538640777726,226.34626085670004,227.28594093566466,28.270379149415763
2020-08-11,infections,NA,Infections,163.05010938573847,246.2066695069234,184.675583040275,218.80635854516478,203.5707833283177,204.23200027359678,26.008284144488005
2020-08-12,infections,NA,Infections,143.50925106382883,220.2931310616614,166.1955528070188,197.82607660498056,182.72139983511948,183.45704676798852,23.993442445142897
2020-08-13,infections,NA,Infections,130.1794958565855,201.75148575203485,151.38789500300595,181.2128706028288,163.87293656650678,164.82862916675296,22.224957287241285
2020-08-14,infections,NA,Infections,113.49312751908278,180.6775460906672,132.12692334362617,159.80877596038206,147.33543455418177,148.19003535633018,20.70150975948401
2020-08-15,infections,NA,Infections,102.29106077726706,165.6193295771773,116.73897861394325,142.7457942741539,132.51112991051738,133.3725657574016,19.42303971736916
2020-08-16,infections,NA,Infections,90.27508843487428,150.47196018788082,104.15053033292642,128.63699602387376,119.30713570472665,120.20496978276772,18.39058021330705
2020-08-17,infections,NA,Infections,77.89825785937636,135.61169100712374,94.64575139662779,117.68235963815384,107.59933897044573,108.52027216477501,17.604244616580747
2020-08-18,infections,NA,Infections,70.36114862074703,125.7089541190809,85.23282170862393,107.152372248949,97.5260790257525,98.16036992118993,17.060278739494674
2020-08-19,infections,NA,Infections,62.65168230084665,116.82593188180502,76.92060838701035,98.08256567793633,88.4801259996913,88.97884321988094,16.748696759340316
2020-08-20,infections,NA,Infections,53.72682131006287,107.65449858562253,69.1823183291384,90.2481215940816,80.23817131556366,80.84241397866872,16.652785287693302
2020-08-21,infections,NA,Infections,45.6468775958379,99.41232416408491,60.587735745827985,81.6629639206397,73.28274326831766,73.63143097304363,16.750750718883317
2020-08-22,infections,NA,Infections,39.17432086451935,93.74317948770957,55.03627037335683,76.38292603046831,66.49151929025396,67.23977831948515,17.018795551437815
2020-08-23,infections,NA,Infections,31.830291156630132,88.00200755428556,49.000334667320104,70.99295234557749,60.41074388718268,61.574003103331776,17.434479093959837
2020-08-24,infections,NA,Infections,25.094281499144294,82.36185489134346,43.30305922360855,65.7762538245715,55.111929081156646,56.55271443976061,17.980072061414923
2020-08-25,infections,NA,Infections,22.729513113409332,81.48514336794851,38.403632888781466,61.38918346835962,50.21287477258235,52.10555962102602,18.645681778443283
2020-08-26,infections,NA,Infections,16.222760162195375,76.41421280908753,31.655552529190658,54.98260520373135,45.685327199083304,48.1723260240657,19.432634865081955
2020-08-27,infections,NA,Infections,12.623894271441698,73.34944206025385,25.62709218634376,49.02900579911444,41.50384892289642,44.70218016921419,20.357631844531138
2020-08-28,infections,NA,Infections,9.636236043482356,70.912821678333,22.039974073820765,45.32366134223784,37.89651693893536,41.653115332555984,21.458605377658984
2020-08-29,infections,NA,Infections,7.346020265871758,69.94577435340355,15.176477909360102,38.24875568311109,34.402612282370754,38.991668303450965,22.80401654325334
2020-08-30,infections,NA,Infections,6.184351995842096,69.15190100321792,12.953736686526653,35.34543990160807,31.061707759280164,36.69299300081089,24.5086593004881
2020-08-31,infections,NA,Infections,3.2487109301063812,66.26356293227431,11.074847686232426,32.67927849155328,28.21039268448593,34.7414706477131,26.761212173157013
2020-09-01,infections,NA,Infections,3.5743706250834526,66.83962871068337,7.901317994157271,28.484765613434845,25.54357977255616,33.13224520067344,29.872641828978765
2020-09-02,infections,NA,Infections,1.5585194767506303,64.49930733718058,6.58347663198542,25.987360772584257,23.17744628302872,31.874539208611537,34.36286965267159
2020-09-03,infections,NA,Infections,1.1266290169326847,63.78220263444325,3.7400800430160124,21.919590647816488,20.978565226705378,30.99885791096097,41.12670334873206
2020-09-04,infections,NA,Infections,1.4490457879988534,64.05872517966415,2.876201972894558,19.791865501789022,18.80871327991717,30.572581298981643,51.805825917247155
2020-09-05,infections,NA,Infections,0.17564695507457143,62.33923244063965,2.3177153332615466,18.010082302887042,16.95948712678181,30.739402916076838,69.85518050238036
2020-09-06,infections,NA,Infections,0.28445925157520396,61.75742271251398,1.877206889426291,16.447449679715902,15.322497839062128,31.826090805106027,104.40866567182559
2020-09-07,infections,NA,Infections,0.2102904793386092,61.327266722385616,1.4946965639857595,14.761125495327988,13.808145913765955,34.67163772843186,185.94269535337895
2020-09-08,infections,NA,Infections,0.07161290580619784,61.91135702143385,1.033230669200743,13.129932433604612,12.41106436983341,41.77032297841424,427.78795363845956
2020-09-09,infections,NA,Infections,0.053364146038918,60.5335627747594,0.3882678565586353,11.294249483030649,11.121063825520634,61.734178453185116,1264.847630320866
2020-09-10,infections,NA,Infections,0.039860922613619426,61.755778893973115,0.2811387505106053,10.08643541522621,9.930344206465705,128.79111269751854,4499.436868864262
2020-09-11,infections,NA,Infections,0.029838258743081762,63.76890289648077,0.1455056960513015,9.05245898797927,8.985344525722702,397.73483832989604,18460.53700275168
2020-09-12,infections,NA,Infections,0.022374919665338087,63.92092392725704,0.10672083553263044,8.234635074251832,8.162103322127676,1657.2331173170583,86039.14746891995
2020-09-13,infections,NA,Infections,0.0282962499693945,64.02065856230489,0.0282962499693945,7.325619218360732,7.320045667137951,8397.775123483394,452560.2349159342
2020-09-14,infections,NA,Infections,0.01262217593449079,66.62066326918982,0.02143786643961396,6.62749240608117,6.617551223127652,48984.090347671256,2670317.888326822
2020-09-15,infections,NA,Infections,0.009484147629088878,65.62983824282863,0.01534223995383469,5.958796875611712,5.946583767828282,320667.0095524358,17540388.099676996
2020-05-02,R,NA,Effective reproduction number (R),0.710451570958112,1.085775532437634,0.807267904178694,0.9525506730004796,0.9028650203566257,0.912873056235228,0.11884734733465048
2020-05-03,R,NA,Effective reproduction number (R),0.7386299856183987,1.0633019287410301,0.8150517070875121,0.9431677945847337,0.8975939361621681,0.9049621426488775,0.1019263151217719
2020-05-04,R,NA,Effective reproduction number (R),0.7612130854490577,1.036057802854945,0.8228009887046073,0.935505712151987,0.8925328700880721,0.8965473373252962,0.0864860184477286
2020-05-05,R,NA,Effective reproduction number (R),0.7738325828302058,1.0085456742619687,0.8256231060226523,0.9239333701702988,0.8853029378269367,0.887717852431056,0.07290022289635163
2020-05-06,R,NA,Effective reproduction number (R),0.7778935722153465,0.9759089899603374,0.832220021132835,0.9169114080205353,0.8769776791818659,0.8786018529827206,0.06164139340840908
2020-05-07,R,NA,Effective reproduction number (R),0.7817205718135054,0.954782361255054,0.8323885568866929,0.9052753070840068,0.8682947943880615,0.8693642016930723,0.053254998413661644
2020-05-08,R,NA,Effective reproduction number (R),0.7830767358402576,0.9393703850061761,0.827719731315404,0.8929080476464984,0.85977288894362,0.8602023299932904,0.048194311901500725
2020-05-09,R,NA,Effective reproduction number (R),0.7706770067382972,0.9206121077531869,0.8218929852890261,0.8842387962163141,0.8504256945559858,0.8513406927409799,0.046488116200867895
2020-05-10,R,NA,Effective reproduction number (R),0.7602696120783052,0.9159314247670091,0.8094550533646855,0.8714364338230662,0.842843193029029,0.8430243498218792,0.0475349695336611
2020-05-11,R,NA,Effective reproduction number (R),0.7522855926217263,0.9150891175027447,0.8009816019440704,0.8662280786661704,0.8356715084856986,0.8355122255263473,0.0503512159216722
2020-05-12,R,NA,Effective reproduction number (R),0.7423114404041532,0.9179188397025861,0.7932982515454287,0.8623060845906173,0.8297392857811585,0.8290705287212113,0.05400336217720654
2020-05-13,R,NA,Effective reproduction number (R),0.7332555536504414,0.9212323274307419,0.7974137122719456,0.8716306407023795,0.8252957088867883,0.8239666887022279,0.0578192200534307
2020-05-14,R,NA,Effective reproduction number (R),0.7229725903513483,0.9235141811298706,0.7937360037187154,0.87348121814947,0.8225236979558388,0.8204639987147904,0.06138217259591367
2020-05-15,R,NA,Effective reproduction number (R),0.7122906687063435,0.9219821640615797,0.7863827735407092,0.8705770120225508,0.8213524147871449,0.818816990997267,0.06445973493293909
2020-05-16,R,NA,Effective reproduction number (R),0.7124526043592941,0.9297588244313506,0.7888582863101349,0.8762047321926758,0.8216866495650477,0.8192674203317174,0.0669404264146007
2020-05-17,R,NA,Effective reproduction number (R),0.7090310179657685,0.9320133514911456,0.7864070180767798,0.876811378656702,0.8246946942757971,0.8220406260356606,0.06879161807359332
2020-05-18,R,NA,Effective reproduction number (R),0.7155191758659076,0.9392110400604704,0.7878206952274868,0.8800213041421214,0.8308293408385065,0.827341984179157,0.07003331331633678
2020-05-19,R,NA,Effective reproduction number (R),0.7190133814131374,0.9470173339359655,0.7989946447438705,0.8926112026943084,0.8390049751660542,0.8353531535710225,0.07072167966003302
2020-05-20,R,NA,Effective reproduction number (R),0.721581853800777,0.9521438514419155,0.8069420004476596,0.9001516071553192,0.8483720043613682,0.8462278566239727,0.07093814608476053
2020-05-21,R,NA,Effective reproduction number (R),0.7466852927685597,0.9770915088903049,0.823809081352729,0.9170804016491393,0.862362827357263,0.8600870134398924,0.07078159186070644
2020-05-22,R,NA,Effective reproduction number (R),0.7554468397079003,0.9867313028602569,0.8301804306365427,0.921871756638723,0.8781844207614338,0.8770131581650502,0.07036217480513851
2020-05-23,R,NA,Effective reproduction number (R),0.7758466063473451,1.0059219817285647,0.8474647027481662,0.9367835045653804,0.8977392040710629,0.8970442048452832,0.069795890550634
2020-05-24,R,NA,Effective reproduction number (R),0.8133566301320756,1.0404932845768082,0.8759035177552315,0.9656803029002985,0.9198047319545559,0.9201667883708508,0.06919929651249572
2020-05-25,R,NA,Effective reproduction number (R),0.8390239448871306,1.0616016346467763,0.9073265972542222,0.997942832949663,0.945285310281109,0.9463095738038588,0.06868419595111082
2020-05-26,R,NA,Effective reproduction number (R),0.8716708427698848,1.0917835371195292,0.9243016383098377,1.0158430228894033,0.9742092881243664,0.9753370884585448,0.06835253102867327
2020-05-27,R,NA,Effective reproduction number (R),0.8956945874280963,1.1184248379606492,0.9469430262432946,1.0386766863642949,1.0056272516338423,1.0070447648220204,0.06829211592380663
2020-05-28,R,NA,Effective reproduction number (R),0.938841273665323,1.1634055898073492,0.9937999670833857,1.0837077619133686,1.0401791596641847,1.0411559659327796,0.0685737955107491
2020-05-29,R,NA,Effective reproduction number (R),0.9628531829020861,1.1899019574698908,1.0299602028195052,1.1193067326928736,1.075276630510984,1.0773217773015076,0.06924987544985392
2020-05-30,R,NA,Effective reproduction number (R),1.0001221379777243,1.2289135495002181,1.061070343889555,1.1517699773617616,1.1132090090974929,1.1151242756023039,0.07035247914076889
2020-05-31,R,NA,Effective reproduction number (R),1.0355669673851953,1.268614711732182,1.10739034016652,1.1998606112789147,1.1521278784928954,1.1540838163327267,0.07188974960614004
2020-06-01,R,NA,Effective reproduction number (R),1.065982056271955,1.3077057523196307,1.1302823996603346,1.2261043655156023,1.19246761107736,1.193670619902413,0.07383858204785
2020-06-02,R,NA,Effective reproduction number (R),1.1013930341548304,1.3508563583370885,1.1798817159428927,1.2784890517260694,1.230737104392043,1.2333205846937545,0.07613504355498048
2020-06-03,R,NA,Effective reproduction number (R),1.1386748178120547,1.3967739637009151,1.2167887014117968,1.317806360424237,1.2687507971498202,1.27245483218054,0.07866654519282053
2020-06-04,R,NA,Effective reproduction number (R),1.1755782715702812,1.4377184278605852,1.2483062161621827,1.3505881174119445,1.3056675408536673,1.3105020232014464,0.08127111240686942
2020-06-05,R,NA,Effective reproduction number (R),1.213181594803476,1.483666132062657,1.2874466052261682,1.3948794826634026,1.340945574965438,1.3469220264739257,0.08374754659734852
2020-06-06,R,NA,Effective reproduction number (R),1.246463247490698,1.5222242853943988,1.3086921632909154,1.4184665788787774,1.3760138031824765,1.3812291429374166,0.08587662482268062
2020-06-07,R,NA,Effective reproduction number (R),1.2654135293889277,1.5486228931943626,1.348476833959764,1.4589165371363182,1.4080074571009318,1.4130128783910139,0.08744976379755193
2020-06-08,R,NA,Effective reproduction number (R),1.297594103644617,1.581306897196253,1.3747100195455921,1.4848982051312103,1.4357837492837042,1.4419542907252785,0.08829943516628787
2020-06-09,R,NA,Effective reproduction number (R),1.3259382528549593,1.6108943937866818,1.4004290266974702,1.5121233242971672,1.4626015748743126,1.4678362607142734,0.08832544769935813
2020-06-10,R,NA,Effective reproduction number (R),1.3464230089883888,1.630400726817406,1.4139282600232084,1.5275244713391365,1.4853357942917698,1.4905466324589298,0.08751243291642835
2020-06-11,R,NA,Effective reproduction number (R),1.3696322861085066,1.650243272627776,1.4364170295086294,1.550600706612131,1.5059715604484054,1.5100739606054832,0.08593566705241071
2020-06-12,R,NA,Effective reproduction number (R),1.3895354366816721,1.661434558400923,1.4629447801772266,1.5748871033665996,1.5226378639952802,1.5264964537783554,0.08375410849178785
2020-06-13,R,NA,Effective reproduction number (R),1.4068703046871822,1.671033852849579,1.4876183795448596,1.5964227287254082,1.5366730631470014,1.5399654657167137,0.08119093236226645
2020-06-14,R,NA,Effective reproduction number (R),1.4284281850904086,1.6833031423664992,1.5030369766372715,1.6076242384378203,1.5487402210022494,1.5506854273107815,0.078503044538767
2020-06-15,R,NA,Effective reproduction number (R),1.4393899539195976,1.6893469423673588,1.51000738901112,1.6108487131552132,1.5576312334886206,1.5588923579845122,0.0759426839306896
2020-06-16,R,NA,Effective reproduction number (R),1.4451046076790246,1.6845212284397304,1.5145771798513759,1.6121670498779939,1.5640594734750797,1.5648330349491693,0.07371698511866112
2020-06-17,R,NA,Effective reproduction number (R),1.4566588754144836,1.692176005585192,1.5108371002369663,1.6039338896634567,1.568519386248627,1.568746584581567,0.0719548593314402
2020-06-18,R,NA,Effective reproduction number (R),1.4498549475359264,1.6803538396402042,1.5207722668823962,1.6121955240581303,1.570206543976586,1.5708497792807843,0.07069210692752213
2020-06-19,R,NA,Effective reproduction number (R),1.4516826203239028,1.679481983020103,1.5133972931746906,1.603498624009603,1.569007849846252,1.5713267734697345,0.06988185006235867
2020-06-20,R,NA,Effective reproduction number (R),1.45941741099277,1.6843037326244958,1.5184683535259318,1.608796381667753,1.5692687678590709,1.5703234802017494,0.06942828854384958
2020-06-21,R,NA,Effective reproduction number (R),1.461095705427693,1.6869206565485364,1.5239841494411146,1.6124402959031148,1.5670376959091155,1.5679463375837686,0.06923288436634245
2020-06-22,R,NA,Effective reproduction number (R),1.4534760215267601,1.6743920064217368,1.512979484438132,1.6025053565721405,1.5647350093737078,1.564264877435792,0.06923897569079551
2020-06-23,R,NA,Effective reproduction number (R),1.451811028534873,1.673890333027728,1.520020866238007,1.610778655443358,1.560465303023649,1.5593172985183064,0.06946345922880082
2020-06-24,R,NA,Effective reproduction number (R),1.4398573394615222,1.6648118567942087,1.502173033350658,1.5951624349604951,1.5533339336487897,1.5531181555503983,0.07000836176020536
2020-06-25,R,NA,Effective reproduction number (R),1.4325485129277773,1.6634177198621534,1.4977424657277787,1.5907036160860804,1.5454429246149628,1.5456672821187476,0.07104823608362947
2020-06-26,R,NA,Effective reproduction number (R),1.419455166950483,1.6558768306751999,1.4866601849644165,1.5825700974022423,1.53738578063744,1.5369591416349986,0.07279294011129056
2020-06-27,R,NA,Effective reproduction number (R),1.405262943949267,1.651367324974856,1.4800615573627005,1.5794668193976928,1.525849264783743,1.5269919144623527,0.0754326597380442
2020-06-28,R,NA,Effective reproduction number (R),1.3881615352523131,1.647691819762012,1.4543031542134834,1.5582940363759243,1.514544667196274,1.5157757528021911,0.07908202986062539
2020-06-29,R,NA,Effective reproduction number (R),1.3744366898886071,1.6485181409344762,1.4465714317435958,1.5573468705736595,1.5016996391392188,1.5033397472296843,0.08374476191051747
2020-06-30,R,NA,Effective reproduction number (R),1.3500326613909175,1.6414056699287263,1.433227121529907,1.553519378455343,1.487109487793223,1.4897372402826001,0.0893116415401316
2020-07-01,R,NA,Effective reproduction number (R),1.3174251697381145,1.6050360082050013,1.3853764113551499,1.502121232461242,1.4580259879935678,1.4616140685173789,0.08750577592746069
2020-07-02,R,NA,Effective reproduction number (R),1.3168943202982692,1.5795956831102924,1.3901145403815627,1.49809386445601,1.4428017013942511,1.4452005974154936,0.08001702921379332
2020-07-03,R,NA,Effective reproduction number (R),1.315495947188226,1.5580171881222922,1.3681583913911328,1.4673476279143882,1.4257073916473446,1.4280022720489645,0.07405241474419381
2020-07-04,R,NA,Effective reproduction number (R),1.3024145881432667,1.5335352494690175,1.3602264395581165,1.452536030124062,1.4084389280260492,1.4101940667520807,0.06997755462919393
2020-07-05,R,NA,Effective reproduction number (R),1.2829908233906104,1.5091018383007277,1.3511467892581845,1.4405179512297484,1.3900818096891316,1.3919667779601939,0.06801145947627131
2020-07-06,R,NA,Effective reproduction number (R),1.2644213178742014,1.4898896587015258,1.3266622039759837,1.4171131223976867,1.3711704686497292,1.373519080696878,0.0681535702433591
2020-07-07,R,NA,Effective reproduction number (R),1.2314910203050553,1.4613371155163182,1.3029674377053944,1.3976581668979724,1.3536212052377028,1.3550482755816515,0.07017884696379707
2020-07-08,R,NA,Effective reproduction number (R),1.2143437640743964,1.455367748295134,1.2799003208776947,1.377201586282193,1.3347320770480073,1.3367403498298616,0.07371279696009861
2020-07-09,R,NA,Effective reproduction number (R),1.1927127159850737,1.4478020436506545,1.2654611954090726,1.3693003965455905,1.3169885764897693,1.3187600782498365,0.07833460330964252
2020-07-10,R,NA,Effective reproduction number (R),1.129356469993902,1.384528219580446,1.2091744914920879,1.316566629032188,1.2523059221159345,1.2556681690067737,0.07927348241893722
2020-07-11,R,NA,Effective reproduction number (R),1.1161997544703153,1.3484262407092866,1.1863912657781208,1.2850488112165026,1.2363750789869896,1.2385308441964182,0.07264873027139207
2020-07-12,R,NA,Effective reproduction number (R),1.113364416188077,1.3280949805186562,1.168620626801092,1.2602116443402858,1.220402957322104,1.2220151250285858,0.06692736993037084
2020-07-13,R,NA,Effective reproduction number (R),1.1020398477739461,1.3037809568611816,1.1581255258214764,1.2437157257327374,1.2038211581873517,1.2061390006547066,0.06225049165653839
2020-07-14,R,NA,Effective reproduction number (R),1.0948518270875234,1.2844128616484711,1.1426786460710954,1.223632000356611,1.18829202126599,1.1908733857172007,0.05872944060837378
2020-07-15,R,NA,Effective reproduction number (R),1.0899709085147495,1.2745949140831538,1.1250769571689572,1.2026000202869596,1.1739565034156845,1.1761438743608064,0.056431987684920575
2020-07-16,R,NA,Effective reproduction number (R),1.074382860753577,1.2578516697057445,1.1295906050525142,1.204537867265893,1.161037374091893,1.16183487524617,0.055373238106762084
2020-07-17,R,NA,Effective reproduction number (R),1.0555598824422041,1.2396562957093533,1.1078544152758605,1.1817467488259843,1.1474058408031302,1.1477958650921616,0.055514346196943336
2020-07-18,R,NA,Effective reproduction number (R),1.0453715398382062,1.2312387649641046,1.0986870956035832,1.1734425504990331,1.1330753012595873,1.1338494492993294,0.056768731427344225
2020-07-19,R,NA,Effective reproduction number (R),1.022884357471975,1.2147004378334696,1.08128383891815,1.1585663684223297,1.120101635922872,1.119800899210003,0.05901180516373841
2020-07-20,R,NA,Effective reproduction number (R),0.9987570290343453,1.2000703985215995,1.0748749471365067,1.1584735530559591,1.106580404083079,1.1054488254976653,0.062089864731695005
2020-07-21,R,NA,Effective reproduction number (R),0.9756801004177341,1.1905038223901283,1.0568905407768996,1.14703529463302,1.0903175414145163,1.0905966238990152,0.06582685641474403
2020-07-22,R,NA,Effective reproduction number (R),0.9359886358893175,1.1703565201559685,0.9911968861679222,1.0853246308125557,1.0484653991946318,1.053014525552467,0.0720348762069576
2020-07-23,R,NA,Effective reproduction number (R),0.930715835033614,1.1477895924026131,0.9780401209337479,1.0683651649319017,1.0326323982939436,1.0363904099269683,0.06742855044582496
2020-07-24,R,NA,Effective reproduction number (R),0.9115273304834773,1.11389252920204,0.9679736456147177,1.054773260777543,1.0158610206445018,1.0188556052050095,0.06343992487918236
2020-07-25,R,NA,Effective reproduction number (R),0.9006319075110059,1.092703130261569,0.960810514288208,1.0420232545191257,0.9982960848573391,1.0003582624690046,0.06016771266540708
2020-07-26,R,NA,Effective reproduction number (R),0.8869683976656714,1.0737447890885554,0.9312152385957186,1.0091405659456893,0.9784154978358348,0.980900291493373,0.05766814914952368
2020-07-27,R,NA,Effective reproduction number (R),0.8593825404356946,1.0434701968457294,0.9182899157234686,0.9933902027867492,0.958875118846186,0.9605407317354746,0.055952640731341166
2020-07-28,R,NA,Effective reproduction number (R),0.8443214540285724,1.024683948784541,0.8951530402208402,0.9687986908300137,0.9383060628401749,0.9393956368694515,0.054995669179334815
2020-07-29,R,NA,Effective reproduction number (R),0.8213918798194,1.0015648392500571,0.8856791350471038,0.9581741868782219,0.9174091859341431,0.9176342384589207,0.054748342665657035
2020-07-30,R,NA,Effective reproduction number (R),0.7991967075457497,0.9789393509576827,0.8543815866477786,0.9269968835127544,0.8958358840444289,0.8954715315196594,0.05515071606498855
2020-07-31,R,NA,Effective reproduction number (R),0.7832968299242397,0.9664514644933627,0.835779793383936,0.9097420538747749,0.872886817793747,0.8731578299568163,0.056138095775169296
2020-08-01,R,NA,Effective reproduction number (R),0.7569253973510226,0.945006075009279,0.8144879255558931,0.8892259108100943,0.8505347408258743,0.8509661941969278,0.0576411222922234
2020-08-02,R,NA,Effective reproduction number (R),0.7305946707391665,0.925317076915243,0.7868424924257006,0.8631878649483629,0.8276398570426426,0.8291788640949815,0.05958294017202177
2020-08-03,R,NA,Effective reproduction number (R),0.6785853868074271,0.8722802875378121,0.7245109908315311,0.8026858184418805,0.7710581861805171,0.7731979907806092,0.05937161320545254
2020-08-04,R,NA,Effective reproduction number (R),0.6585326097314362,0.8411716358988138,0.7108656675011915,0.7844541197099163,0.7512953066672534,0.7534653290302672,0.05608744951800935
2020-08-05,R,NA,Effective reproduction number (R),0.6476480200451193,0.8232360797462809,0.6996105690198303,0.7698591626104804,0.7330466485968068,0.7348859157859718,0.053560350454706536
2020-08-06,R,NA,Effective reproduction number (R),0.6343906739139001,0.8051740410573724,0.6833339935839597,0.7520139976682053,0.7166729851487597,0.7176573757584492,0.0517978056213505
2020-08-07,R,NA,Effective reproduction number (R),0.6222413373173599,0.7900832825621233,0.6716240779986156,0.7383297947178824,0.7020686018300364,0.7019395376149052,0.05074581728794006
2020-08-08,R,NA,Effective reproduction number (R),0.6062173987266802,0.7712242791512138,0.6594829567520001,0.7254825975399622,0.6881749519315561,0.6878525092187918,0.05030382694526127
2020-08-09,R,NA,Effective reproduction number (R),0.5877394850224967,0.7530249387663076,0.6393525930466382,0.7047677163757975,0.6764221339758312,0.6754768314825977,0.050351694537218494
2020-08-10,R,NA,Effective reproduction number (R),0.5805163531045912,0.7451485988118937,0.6300643306880697,0.6958523049041128,0.6653867019335467,0.6648551602513183,0.05077996223314828
2020-08-11,R,NA,Effective reproduction number (R),0.5666706157319547,0.735335070210414,0.6207466679366778,0.6874318738353803,0.6559827668791413,0.65599490024259,0.05151527511771756
2020-08-12,R,NA,Effective reproduction number (R),0.5583325182804967,0.7305024062618392,0.6133717702590983,0.6825116408814959,0.6493536890466132,0.6488712719499344,0.052536717771853335
2020-08-13,R,NA,Effective reproduction number (R),0.554775298476566,0.7309143643659847,0.6095132201280429,0.6805854352704299,0.6444801242320658,0.6434304091750931,0.0538820792034398
2020-08-14,R,NA,Effective reproduction number (R),0.5462086650699497,0.7266481325341129,0.6062440491853683,0.6786406352679,0.6412546786088155,0.6395922373554332,0.05564419537623985
2020-08-15,R,NA,Effective reproduction number (R),0.5391254733263249,0.729496933819356,0.6058862283295203,0.6800764927788097,0.6393461464951173,0.6372530476852623,0.05795764408442462
2020-08-16,R,NA,Effective reproduction number (R),0.5373671335830419,0.7366856782550201,0.5992771189196813,0.6768337690538386,0.6381109488727543,0.6362878372984669,0.06097696110076227
2020-08-17,R,NA,Effective reproduction number (R),0.5222016585618933,0.7342476150355508,0.5993315976348439,0.6811351353468498,0.6385749655049207,0.6365526114664051,0.06484991868663995
2020-08-18,R,NA,Effective reproduction number (R),0.5263939178238232,0.754440174552719,0.6007515209220027,0.6888668797256287,0.6394868592406133,0.6378869227998594,0.06969199113863257
2020-08-19,R,NA,Effective reproduction number (R),0.5151655521328353,0.7636937825466776,0.599218579554136,0.6946814777730134,0.6414925732134046,0.6401169426783349,0.07556847589608866
2020-08-20,R,NA,Effective reproduction number (R),0.5053541026293065,0.7770014785478454,0.5896970923298861,0.6946817454244184,0.643266550895024,0.6430593164381024,0.08248779315613845
2020-08-21,R,NA,Effective reproduction number (R),0.4909613494216205,0.7888560848040765,0.5813868505217323,0.6957416320344245,0.6466218663276878,0.646525949360817,0.09040516531665838
2020-08-22,R,NA,Effective reproduction number (R),0.4780507410327757,0.8044190315674054,0.5836459161970315,0.7091305479242953,0.6501184493179416,0.6503297167243274,0.09923310050744039
2020-08-23,R,NA,Effective reproduction number (R),0.47455794387268513,0.8321551563340982,0.5859001257017186,0.7245242662236943,0.6535068673876998,0.6542909077219775,0.10885483726235866
2020-08-24,R,NA,Effective reproduction number (R),0.45652235438916994,0.8456608942699785,0.5855894065774114,0.7364478663571377,0.6570001282736707,0.6582440275663314,0.11913798981736004
2020-08-25,R,NA,Effective reproduction number (R),0.44154670589970474,0.8658671172608915,0.5881979241910162,0.7532105659877938,0.6596497206900037,0.6620444293394838,0.12994671351441012
2020-08-26,R,NA,Effective reproduction number (R),0.44259195954288816,0.8996469822244458,0.5619310761303593,0.7400695213983712,0.6596082115550498,0.6655741647615206,0.14115140986473787
2020-08-27,R,NA,Effective reproduction number (R),0.4293949292425794,0.9241605584225985,0.5580226956807305,0.7480085096289493,0.660548703837605,0.6687464619510745,0.15263560713539584
2020-08-28,R,NA,Effective reproduction number (R),0.3934230077790701,0.9192686679588298,0.5758880843407229,0.7790024375726643,0.6607484944488604,0.6715083696344127,0.1643004513521771
2020-08-29,R,NA,Effective reproduction number (R),0.3926404950415945,0.9469919716789041,0.5449287209642679,0.7573648777726413,0.6610169978579838,0.6738413321966243,0.17606814169029783
2020-08-30,R,NA,Effective reproduction number (R),0.37375742106220877,0.9597337284700933,0.5136535027733664,0.7364245299171696,0.6592411443604984,0.6757597291060664,0.18788631099883227
2020-08-31,R,NA,Effective reproduction number (R),0.3809121472131413,0.9939750186034545,0.5045257430606436,0.7373801345867284,0.6568463715564086,0.677307658858355,0.19973545387777275
2020-09-01,R,NA,Effective reproduction number (R),0.3651933561791694,1.0046566993519706,0.4993227365771341,0.7414351330300253,0.6540083085724193,0.6785544100807985,0.21164087402973583
2020-09-02,R,NA,Effective reproduction number (R),0.3509053207988331,1.016641561190678,0.5125624971991717,0.7622235808017777,0.6503622435751284,0.6795891067380598,0.22368926504122372
2020-09-03,R,NA,Effective reproduction number (R),0.34229375998012856,1.03244894464116,0.48748330629939457,0.7463868865109656,0.6475590598192187,0.6805149464971239,0.23604807134906
2020-09-04,R,NA,Effective reproduction number (R),0.3125556724620425,1.0230061907907617,0.47700511061451417,0.744212633212249,0.6439705939371172,0.681443315051046,0.24898345872616523
2020-09-05,R,NA,Effective reproduction number (R),0.31869752784228067,1.0515475935690215,0.47793127451557765,0.7522532346694543,0.6401116572660284,0.6824879200708412,0.26287065434455
2020-09-06,R,NA,Effective reproduction number (R),0.2912601485805976,1.0448203661339892,0.46043224843424024,0.7422144506733968,0.640411750439307,0.6837590090798402,0.2781897405478707
2020-09-07,R,NA,Effective reproduction number (R),0.29548592501955534,1.0760432600082466,0.44568243313528144,0.7314695906981836,0.6396386575440237,0.6853577500405356,0.29550218766748826
2020-09-08,R,NA,Effective reproduction number (R),0.285658156031516,1.0794358130430926,0.43495763999275505,0.7259400453481187,0.6373398236040321,0.6873709493127028,0.31540915239749767
2020-09-09,R,NA,Effective reproduction number (R),0.2872002223980987,1.1004408171390438,0.42443137413760823,0.7212999303436596,0.6337522318276471,0.68986639831796015,0.3384997540111962
2020-09-10,R,NA,Effective reproduction number (R),0.29126129604905315,1.1170809647511408,0.42436540752812346,0.7265702619938703,0.6342791455612191,0.6928891913134851,0.3653006493584488
2020-09-11,R,NA,Effective reproduction number (R),0.29041623308340075,1.138407237027841,0.41040601102956253,0.7172956089073002,0.6369116652063003,0.6964592747430001,0.396231924431432
2020-09-12,R,NA,Effective reproduction number (R),0.25488803555947537,1.1171902487147716,0.439841330806812,0.7505520562841952,0.6366317253493826,0.7005702765313859,0.4315605325618889
2020-09-13,R,NA,Effective reproduction number (R),0.2195394211144391,1.1002144967083056,0.42514059506687896,0.7381630906788363,0.6373387828397544,0.705189419398842,0.471333263339247
2020-09-14,R,NA,Effective reproduction number (R),0.22453890405331367,1.121499449095642,0.43075731232878167,0.7508709624904709,0.6386261617154544,0.7102582043051476,0.5152800217266621
2020-09-15,R,NA,Effective reproduction number (R),0.20807529543999156,1.1208750688264344,0.42526903121358467,0.7520213111839119,0.6381377002198072,0.7156936813159116,0.5627051619719785
