Incident Date,State,City Or County,Address,# Killed,# Injured,Operations
"December 30, 2016",Ohio,Mansfield,3230 Possum Run Rd,0,5,N/A
"December 28, 2016",Georgia,Columbus,2914 10th Street,1,4,N/A
"December 25, 2016",Illinois,Chicago,8600 block of South Maryland Avenue,3,4,N/A
"December 25, 2016",New York,Mount Vernon,4 North 3rd Avenue,1,5,N/A
"December 24, 2016",North Carolina,Madison,490 K Ford Rd,0,7,N/A
"December 17, 2016",Illinois,Chicago (Roseland),100 block of West 105th Street,5,0,N/A
"December 11, 2016",Florida,Orlando (Pine Hills),4305 N Pine Hills Rd,1,4,N/A
"December 11, 2016",Maryland,Baltimore,3916 South Hanover Street,0,5,N/A
"December 3, 2016",California,Los Angeles,91st Street and Western Avenue,0,6,N/A
"December 2, 2016",New Jersey,Bloomfield,3 1st Ave,0,6,N/A
"November 30, 2016",Maryland,Baltimore,2901 Garrison Blvd,2,4,N/A
"November 27, 2016",Louisiana,New Orleans,100 block of Bourbon Street,1,9,N/A
"November 27, 2016",Missouri,Kansas City,Gregory and Prospect,0,7,N/A
"November 26, 2016",Illinois,Chicago,8800 block of S Exchange Ave,1,5,N/A
"November 24, 2016",Kentucky,Louisville,4501 W Broadway,2,4,N/A
"November 22, 2016",Florida,Clewiston,1068 Harlem Academy Avenue,1,4,N/A
"November 17, 2016",Tennessee,Dyersburg,160 Longfellow,1,7,N/A
"November 13, 2016",Florida,Jacksonville,5105 Cleveland Rd,3,2,N/A
"November 12, 2016",California,Sacramento,8600 block of Ardith Drive,1,5,N/A
"November 12, 2016",Connecticut,Bridgeport,2500 Park Avenue,0,5,N/A
"November 9, 2016",Washington,Seattle,1524 3rd Ave,0,5,N/A
"November 5, 2016",South Carolina,Myrtle Beach,803 Main St,0,5,N/A
"November 5, 2016",California,Oakland,420 14th Street,0,8,N/A
"November 5, 2016",Illinois,Chicago,4800 block of North Winthrop,0,5,N/A
"November 2, 2016",Arkansas,Little Rock,2111 Bragg Street,1,4,N/A
"November 1, 2016",Tennessee,Memphis,5200 block of Zodiac Rd,1,5,N/A
"October 30, 2016",New York,Newburgh,119 First Street,2,5,N/A
"October 30, 2016",Maryland,Capitol Heights,6860 Walker Mill Road,3,3,N/A
"October 30, 2016",Texas,San Antonio,2900 block of Aspen Meadow,0,5,N/A
"October 29, 2016",California,Los Angeles,1600 block of Century Boulevard,0,5,N/A
"October 28, 2016",New Mexico,Carlsbad,Center and Primrose,0,0,N/A
"October 28, 2016",Mississippi,Jackson,200 block of Lorenz Blvd,0,6,N/A
"October 23, 2016",Oklahoma,Wellston,Highway 66 and N 3310 Rd,1,5,N/A
"October 22, 2016",California,Oakland,77th and Bancroft Avenues,0,7,N/A
"October 17, 2016",Illinois,Chicago (Englewood),6700 block of South Winchester,1,4,N/A
"October 15, 2016",Alabama,Mobile,1800 block of St Stephens Road,0,5,N/A
"October 15, 2016",Illinois,Rockford,7801 East State St,1,5,N/A
"October 15, 2016",California,Los Angeles,2918 Rimpau Blvd,4,11,N/A
"October 14, 2016",Illinois,Chicago,3300 block of W Maypole Ave,1,6,N/A
"October 9, 2016",Michigan,Grand Rapids,1850 28th Street SE,1,8,N/A
"October 4, 2016",Louisiana,New Orleans,3727 Ulloa Street,3,2,N/A
"October 2, 2016",Texas,San Antonio,2600 South Flores Street,1,4,N/A
"September 26, 2016",Texas,Houston,5450 Weslayan St,1,6,N/A
"September 25, 2016",Texas,Cedar Hill,67 N Joe Wilson Rd,2,4,N/A
"September 24, 2016",Maryland,Baltimore,Greenmount Avenue and Preston Street,0,8,N/A
"September 23, 2016",Washington,Burlington,201 Cascade Mall Dr,5,0,N/A
"September 17, 2016",Florida,Miami,20582 SW 119th Ave,0,6,N/A
"September 17, 2016",Florida,Orlando,3918 Columbia St,1,6,N/A
"September 17, 2016",District of Columbia,Washington,2600 block of Birney Place SE,2,7,N/A
"September 16, 2016",Pennsylvania,Philadelphia,5100 block of Sansom St,2,5,N/A
"September 13, 2016",Indiana,Fort Wayne,1723 E Wayne St,3,2,N/A
"September 12, 2016",Utah,Ogden,243 30th Street,0,0,N/A
"September 11, 2016",Louisiana,New Orleans,2349 S Claiborne Ave,1,5,N/A
"September 11, 2016",Missouri,Kansas City,500 block of Westport Rd,0,6,N/A
"September 11, 2016",Michigan,Saginaw,2207 Pierce Road,0,5,N/A
"September 11, 2016",North Carolina,New Bern,1100 block of Highway 70,0,5,N/A
"September 8, 2016",Arkansas,Hot Springs National Park (Hot Springs),300 block of Lacey St,1,4,N/A
"September 5, 2016",Illinois,Chicago,2700 block of W Lexington Ave,2,3,N/A
"September 4, 2016",Virginia,Roanoke,1020 Orange Ave NE,1,10,N/A
"August 31, 2016",Washington,Renton,800 block of Pierce Ave NE,0,0,N/A
"August 28, 2016",Texas,Lubbock,2200 block of 17th St,0,6,N/A
"August 28, 2016",Alabama,Dadeville,512 E Columbus St,0,5,N/A
"August 27, 2016",Alabama,Bessemer (Brighton),3810 7th Ave,1,6,N/A
"August 27, 2016",Florida,Miami,1900 block of NW 83rd Terr,2,4,N/A
"August 25, 2016",New Jersey,Bridgeton,Marion Street,0,5,N/A
"August 21, 2016",Connecticut,Bridgeport,19 Plymouth St,0,13,N/A
"August 20, 2016",Washington,Tacoma,900 block of Pacific Avenue,0,5,N/A
"August 20, 2016",Alabama,Citronelle,Jim Platt Road,5,0,N/A
"August 14, 2016",Minnesota,Minneapolis,1717 Plymouth Ave N,0,5,N/A
"August 13, 2016",Missouri,Joplin,1800 Connecticut Ave,0,4,N/A
"August 13, 2016",Washington,Tacoma,3900 South Mason Avenue,0,1,N/A
"August 8, 2016",Florida,Jacksonville,1214 Labelle St,0,7,N/A
"July 31, 2016",Texas,Austin,208 E 6th St,1,4,N/A
"July 30, 2016",Missouri,Saint Louis,5000 block of Kensington Ave,0,5,N/A
"July 30, 2016",Georgia,Townsend (Eulonia),14699 Highway 17,0,5,N/A
"July 29, 2016",Georgia,Athens,Trail Creek St,0,7,N/A
"July 28, 2016",New York,Elmira,303 College Ave,0,5,N/A
"July 25, 2016",Florida,Fort Myers,3580 Evans Ave,2,19,N/A
"July 25, 2016",Michigan,Detroit,12000 block of Tuller Street,0,1,N/A
"July 24, 2016",Ohio,Hamilton,1555 Main St,1,7,N/A
"July 22, 2016",Illinois,Kankakee,300 block of North Wildwood Avenue,0,5,N/A
"July 21, 2016",Illinois,Chicago,4400 block of South Leamington,0,5,N/A
"July 17, 2016",Louisiana,Baton Rouge,9611 Airline Highway,4,3,N/A
"July 16, 2016",Texas,Dallas,6300 block of Benavides Drive,0,5,N/A
"July 16, 2016",Ohio,Cleveland,5000 block of Euclid Avenue,0,5,N/A
"July 16, 2016",California,Bakersfield,621 Stephens Drive,1,14,N/A
"July 16, 2016",Tennessee,Clarksville,1348 College Street,0,6,N/A
"July 13, 2016",Georgia,Warner Robins,105 Magnolia Avenue,0,5,N/A
"July 11, 2016",Maryland,Baltimore,1800 block of W. North Avenue,0,5,N/A
"July 7, 2016",Texas,Dallas,800 Main St,5,9,N/A
"July 4, 2016",New York,Brooklyn,419 Chauncey Street,0,7,N/A
"July 4, 2016",Texas,Houston,1300 block of Robin,3,2,N/A
"July 4, 2016",Arizona,Phoenix,4000 block of West Southern Avenue,2,6,N/A
"July 3, 2016",Louisiana,Monroe,401 Lea Joyner Memorial Expy,2,3,N/A
"June 30, 2016",Illinois,Chicago,9500 block of South Loomis Street,1,4,N/A
"June 26, 2016",Georgia,Atlanta,1500 block of Moreland Avenue SE,1,4,N/A
"June 26, 2016",North Carolina,Charlotte,2240 Camp Greene St.,0,5,N/A
"June 25, 2016",Texas,Fort Worth,2466 East Lancaster Avenue,2,5,N/A
"June 24, 2016",Connecticut,Hartford,Brook and Winter Street,0,5,N/A
"June 24, 2016",Maryland,District Heights,3100 block of Orleans Ave,3,2,N/A
"June 22, 2016",Georgia,Dekalb (county),Lancashire Drive and Central Drive,1,4,N/A
"June 18, 2016",Ohio,Warren,Highland Avenue,2,4,N/A
"June 14, 2016",Delaware,Wilmington,South Van Buren and Elm streets,0,4,N/A
"June 13, 2016",New York,Brooklyn,Avenue D and E. 57th,0,5,N/A
"June 13, 2016",Illinois,Chicago,3200 block of West Congress,0,5,N/A
"June 12, 2016",Florida,Orlando,1912 S Orange Avenue,50,53,N/A
"June 11, 2016",New Mexico,Roswell,2300 block of Davis Ave,5,0,N/A
"June 5, 2016",Florida,Cape Coral,2600 block of Skyline Boulevard S,3,3,N/A
"June 5, 2016",Arizona,Phoenix,8152 N Black Canyon Hwy,2,4,N/A
"May 30, 2016",Maryland,Baltimore,500 block of East 43rd Street,0,5,N/A
"May 30, 2016",California,Sacramento,3900 block of 44th,0,5,N/A
"May 29, 2016",New Jersey,Trenton,600 block of Martin Luther King Jr. Boulevard,0,6,N/A
"May 29, 2016",Washington,Zillah,2500 block of Lucy Lane,0,5,N/A
"May 29, 2016",Texas,Houston,13210 Memorial Drive,2,6,N/A
"May 27, 2016",Montana,Missoula,W Harrier,0,0,N/A
"May 23, 2016",New Jersey,Newark,102 Isabella Avenue,0,5,N/A
"May 15, 2016",Georgia,Moultrie,Rossman Dairy Road,5,0,N/A
"May 14, 2016",Georgia,Atlanta,Cordova and Peoples Street,0,5,N/A
"May 11, 2016",Alabama,Birmingham,1400 block of 21st Street N,1,4,N/A
"May 11, 2016",Illinois,Chicago,7100 block of South State Street,0,5,N/A
"May 7, 2016",Florida,Davenport,N/A,0,0,N/A
"May 6, 2016",Michigan,Detroit,12300 block of Gratiot,1,4,N/A
"May 6, 2016",Maryland,Bethesda,7101 Democracy Blvd,3,3,N/A
"May 5, 2016",Louisiana,Shreveport,300 block of North Thomas Drive,2,6,N/A
"May 4, 2016",Minnesota,Minneapolis,16th Avenue North and Newton Avenue North,1,7,N/A
"May 1, 2016",Tennessee,Murfreesboro,1955 Old Castle Drive,0,5,N/A
"April 29, 2016",California,Oakland,3200 block of San Pablo Avenue,0,5,N/A
"April 27, 2016",Michigan,Wyoming,2000 block of Michael Avenue Southwest,0,0,N/A
"April 26, 2016",Maryland,District Heights (Forestville),6500 block of Hil-Mar Drive,1,4,N/A
"April 25, 2016",Florida,Miami,1506 Northwest 70th Street,0,5,N/A
"April 24, 2016",Illinois,Chicago (Englewood),2000 block of West 68th Place,2,3,N/A
"April 22, 2016",Ohio,Piketon,4077 Union Hill Road,8,0,N/A
"April 22, 2016",Georgia,Appling,3162 Johnson Drive,6,0,N/A
"April 19, 2016",Illinois,Chicago,1400 block of West 84th Street,1,4,N/A
"April 17, 2016",South Carolina,Harleyville,120 block of Dogwood Trail,0,0,N/A
"April 17, 2016",Texas,Edinburg,5021 W St Hwy 107,1,6,N/A
"April 16, 2016",Michigan,Detroit,9500 block of Oakland,1,4,N/A
"April 16, 2016",Florida,Orlando,1100 block of Conley Street,2,4,N/A
"April 7, 2016",Illinois,Chicago,2200 block of East 70th Place,0,4,N/A
"March 19, 2016",Florida,Plantation,12050 NW 4th Court,1,4,N/A
"March 15, 2016",Georgia,Atlanta,Donald Lee Hollowell Drive,0,5,N/A
"March 12, 2016",Florida,Fort Mc Coy (Fort McCoy),1501 NE 231 Avenue,0,6,N/A
"March 11, 2016",New Jersey,Trenton,Oliver Avenue,0,5,N/A
"March 9, 2016",Pennsylvania,Pittsburgh,1304 Franklin Ave,5,3,N/A
"March 8, 2016",Texas,San Antonio,Sherman St,2,3,N/A
"March 7, 2016",Kansas,Kansas City,3000 block of South 36th Street,5,0,N/A
"March 6, 2016",Massachusetts,Chelsea,120 Washington Avenue,1,6,N/A
"March 6, 2016",California,Compton,900 block of West Victoria Street,1,8,N/A
"March 2, 2016",Louisiana,Baton Rouge,Avenue I,0,0,N/A
"February 29, 2016",Maryland,Mount Airy,Woodville Road and Mater Way,0,0,N/A
"February 28, 2016",Michigan,Detroit,8800 block of Livernois,0,5,N/A
"February 26, 2016",Washington,Belfair,300 block of Horseshoe Rd.,5,0,N/A
"February 26, 2016",Georgia,Columbus,2200 block Burnside Drive,0,0,N/A
"February 25, 2016",Kansas,Hesston,200 S Ridge Rd,4,14,N/A
"February 21, 2016",Texas,Houston,5100 block of Idaho Street,0,5,N/A
"February 20, 2016",Michigan,Kalamazoo,5581 Cracker Barrel Blvd,6,2,N/A
"February 20, 2016",Mississippi,Iuka,231 Co Rd 201,2,3,N/A
"February 14, 2016",Alabama,Eutaw (Union),Earnest Friday Road,0,5,N/A
"February 7, 2016",Mississippi,Pass Christian,Davis Avenue,2,4,N/A
"February 7, 2016",Florida,Orlando,7432 Universal Blvd,2,10,N/A
"February 7, 2016",New York,Rochester,547 State St,1,7,N/A
"February 6, 2016",Florida,Tampa,8123 N Nebraska Ave,2,6,N/A
"January 30, 2016",Arizona,Glendale,67th and Missouri Avenue,3,5,N/A
"January 27, 2016",Virginia,Chesapeake,1401 N. George Washington Hwy,6,0,N/A
"January 26, 2016",Washington,Seattle,Airport Way S. and S. Atlantic St.,2,3,N/A
"January 25, 2016",California,Perris,140 S. D Street,1,4,N/A
"January 11, 2016",Delaware,Wilmington,900 block of Brown Street,1,4,N/A
"January 8, 2016",Illinois,Chicago,1500 block of South Kedzie,1,4,N/A
"January 7, 2016",New York,Ellenville,15 Backman Avenue,0,1,N/A
"January 3, 2016",New Jersey,Trenton,600 block of Lamberton Street,0,0,N/A
"January 3, 2016",Missouri,Springfield,3351 E Sunshine St,0,0,N/A
