"Incident Date",State,"City Or County",Address,"# Killed","# Injured",Operations
"June 30, 2017",Virginia,Suffolk,"300 block of Gloucester St",1,1,N/A
"June 30, 2017",Colorado,Westminster,"3791 W 68th Ave",1,0,N/A
"June 30, 2017",Nevada,"Las Vegas","9100 block of Vintage Wine Ave",1,0,N/A
"June 30, 2017",Iowa,"Charles City","2100 block of Clarkview Dr",1,0,N/A
"June 30, 2017",Pennsylvania,Chester,"2200 block of W 3rd St",2,0,N/A
"June 30, 2017",Tennessee,Memphis,"1918 Ezell St",1,0,N/A
"June 30, 2017","New York",Bronx,"1650 Grand Concourse",2,6,N/A
"June 30, 2017",Illinois,"Chicago (Englewood)","5700 block of S Wells",3,0,N/A
"June 30, 2017",Texas,Frisco,"12000 block of Henderson Dr",1,0,N/A
"June 30, 2017",Florida,Miami,"NW 1st Ave and NW 38th St",1,0,N/A
"June 30, 2017",Arizona,Phoenix,"5600 block of N 34th",1,0,N/A
"June 30, 2017",Arizona,Tucson,"5850 N Business Park Dr",1,0,N/A
"June 30, 2017","New York","Staten Island","487 Vanderbilt Ave",1,0,N/A
"June 30, 2017",Arizona,Tucson,"8280 N Cortaro Rd",1,0,N/A
"June 30, 2017",Missouri,"Saint Louis","1900 block of Belt Ave",1,1,N/A
"June 30, 2017",Illinois,Herrin,"Taylor and 14th street",1,0,N/A
"June 30, 2017",Texas,Alvin,"CR 192 and CR 865",1,0,N/A
"June 30, 2017","North Carolina",Durham,"Dayton St",1,0,N/A
"June 30, 2017",Illinois,Chicago,"4100 block of S State St",2,0,N/A
"June 30, 2017",Alabama,Elberta,"26541 Schoen Rd",1,0,N/A
"June 30, 2017",Oregon,"Blue River",NF-120,1,0,N/A
"June 30, 2017",Louisiana,"Baton Rouge","1900 block of Scenic Hwy",1,0,N/A
"June 30, 2017",Alabama,Mobile,"1600 block of Faure Dr E",2,0,N/A
"June 30, 2017",Nebraska,Schuyler,"700 block of E St",1,0,N/A
"June 30, 2017",Illinois,"University Park","800 block of White Oak Ln",1,0,N/A
"June 30, 2017",Alabama,Birmingham,"1700 Block of Jefferson Ave SW",1,0,N/A
"June 30, 2017",Georgia,"Jenkins (county)",N/A,1,0,N/A
"June 30, 2017",Mississippi,Vicksburg,"2000 block of Military Ave",1,0,N/A
"June 30, 2017","New Jersey",Trenton,"Sanford Street",1,0,N/A
"June 30, 2017",California,"Los Angeles","1100 block W 104th St",1,0,N/A
"June 30, 2017","New York",Bronx,"Rosedale Ave and Randall Ave",1,0,N/A
"June 30, 2017","New York",Rochester,"583 W Broad St",1,0,N/A
"June 30, 2017",Colorado,"Fort Collins","Hwy 392 and County Rd 9",1,0,N/A
"June 30, 2017",Georgia,Savannah,"1100 block of West 49th Street",1,0,N/A
"June 30, 2017",California,Burbank,"1400 block of Broadway",1,0,N/A
"June 30, 2017",Ohio,Ashtabula,"1730 W 8th St",1,0,N/A
"June 29, 2017",Oklahoma,Tulsa,"10156 E Admiral Blvd",1,0,N/A
"June 29, 2017",Florida,"Cape Coral","2100 Block of Kismet Pkwy W",1,0,N/A
"June 29, 2017",Georgia,Atlanta,"Sells Avenue and Peeples Street",1,1,N/A
"June 29, 2017","South Carolina",Lancaster,"2901 Pardue Street",2,1,N/A
"June 29, 2017",Georgia,Marietta,"700 block of Franklin Gateway",1,0,N/A
"June 29, 2017",Pennsylvania,Erie,"1300 block of E 20th St",1,1,N/A
"June 29, 2017",Oklahoma,Norman,"1700 block of Abe Martin Dr",1,0,N/A
"June 29, 2017",Colorado,Denver,"W Louisiana Ave and S Bannock St",1,1,N/A
"June 29, 2017",Oklahoma,"Oklahoma City","4511 Sunnyview Dr",1,0,N/A
"June 29, 2017",Arizona,Phoenix,"4302 W Indian School Rd",1,0,N/A
"June 29, 2017","New Jersey",Newark,"300 block of Hawthorne Ave",1,1,N/A
"June 29, 2017",Nevada,"Las Vegas","311 N Buffalo Dr",1,2,N/A
"June 29, 2017",California,Burbank,"1400 block of Broadway",1,0,N/A
"June 29, 2017",Indiana,Indianapolis,"W 23rd and Aqueduct",1,0,N/A
"June 29, 2017",Florida,Jacksonville,"6550 103rd St",1,0,N/A
"June 29, 2017",Ohio,Columbus,"3140 E Main St",1,1,N/A
"June 29, 2017",Indiana,"Fort Wayne","4000 block of E Pettit Ave",1,0,N/A
"June 29, 2017",Louisiana,"Baton Rouge","E Polk St",1,0,N/A
"June 29, 2017",Texas,Beaumont,"3700 block of Magnolia",1,0,N/A
"June 29, 2017",Indiana,Indianapolis,"2000 Moray Ct E",1,0,N/A
"June 29, 2017",Texas,"San Antonio","Evergreen and Howard",2,1,N/A
"June 29, 2017",Arizona,Phoenix,"N 29th Ave and W Taylor St",1,0,N/A
"June 29, 2017",California,Victorville,"15500 block of Hesperia Rd",1,0,N/A
"June 29, 2017",Maryland,Baltimore,"2200 block of Christian St",1,0,N/A
"June 29, 2017",Maryland,Baltimore,"Arunah Avenue and North Bentalou Street",1,0,N/A
"June 29, 2017",Mississippi,Pascagoula,"2214 Catalpa Ave",1,0,N/A
"June 29, 2017",Florida,"West Palm Beach","10th St and Tamarind Ave",1,1,N/A
"June 29, 2017",Alabama,Mobile,"Oakleigh Dr",1,0,N/A
"June 29, 2017",Florida,Deltona,"2001 Saxon Blvd",1,0,N/A
"June 29, 2017",Florida,"Deerfield Beach","1700 S Powerline Rd",1,0,N/A
"June 29, 2017",Florida,Gainesville,"2841 SW 37th Pl",1,0,N/A
"June 29, 2017","District of Columbia",Washington,"800 block of 46th St NE",1,0,N/A
"June 29, 2017","New Mexico",Albuquerque,I-40,2,0,N/A
"June 29, 2017",Florida,"Palm Beach Gardens (Riviera Beach)","1500 block of W Blue Heron Blvd",1,0,N/A
"June 29, 2017",Arizona,Chandler,"700 block of W Ivanhoe St",1,0,N/A
"June 29, 2017",Pennsylvania,Philadelphia,"6045 N 5th St",1,0,N/A
"June 28, 2017",California,Stockton,"8700 block of Cherbourg Way",1,0,N/A
"June 28, 2017",California,"San Jose","1000 block of Creston Ln",1,1,N/A
"June 28, 2017","New Mexico",Albuquerque,"100 block of Hilton Ave NW",1,0,N/A
"June 28, 2017",Utah,"West Jordan","7800 S 2700 W",2,0,N/A
"June 28, 2017",California,Fontana,"Pine Ave and Pine Ct",1,0,N/A
"June 28, 2017",Wisconsin,Milwaukee,"5600 block of N 94th St",1,1,N/A
"June 28, 2017",Florida,Orlando,"Calathea Dr",2,0,N/A
"June 28, 2017",Ohio,Akron,"850 Sumner Street",1,3,N/A
"June 28, 2017",Georgia,"Stone Mountain","5500 block of Fieldgreen Dr",1,0,N/A
"June 28, 2017",Texas,"League City","700 block of Mayhill Ridge Ln",1,1,N/A
"June 28, 2017",Maryland,"Upper Marlboro","6400 block of Pennsylvania Avenue",1,0,N/A
"June 28, 2017",Illinois,Chicago,"3200 block of W Haddon",1,0,N/A
"June 28, 2017",Georgia,Lithonia,"2843 Panola Road",1,0,N/A
"June 28, 2017",Illinois,Chicago,"5400 block of S Wabash",2,0,N/A
"June 28, 2017",Illinois,Chicago,"8900 block of S Morgan",1,0,N/A
"June 28, 2017",Illinois,Madison,"W 2nd and Jefferson",1,0,N/A
"June 28, 2017",California,Pomona,"1400 block of S Gibbs Ave",1,0,N/A
"June 28, 2017",California,"Los Angeles","3rd and Witmer street",1,0,N/A
"June 28, 2017",Massachusetts,Amesbury,"Kimball Rd",1,0,N/A
"June 28, 2017",California,Sacramento,"3700 block of 40th St",1,1,N/A
"June 28, 2017",Alabama,Montgomery,"100 Block of Garden St",1,2,N/A
"June 28, 2017",Florida,Miami,"NW 66th and NW 22nd",1,3,N/A
"June 28, 2017",Tennessee,Nashville,"719 Thompson Ln",1,1,N/A
"June 28, 2017",Massachusetts,Boston,"96 Ashmont St",1,0,N/A
"June 28, 2017",Illinois,Chicago,"W 79th St and S Christiana Ave",1,0,N/A
"June 28, 2017","North Carolina",Hamlet,"700 King St",1,0,N/A
"June 28, 2017",Alabama,"Mobile (Prichard)","2000 block of Wolf Ridge Road",1,0,N/A
"June 28, 2017",Colorado,Denver,"9200 block of E Nassau Ave",1,0,N/A
"June 28, 2017","New Jersey",Trenton,"100 block of Miller St",1,0,N/A
"June 28, 2017",Illinois,Chicago,"4000 Block of W Division",1,0,N/A
"June 28, 2017",Florida,"Lake Worth","4000 Block of Plumbago Pl",1,0,N/A
"June 28, 2017",Ohio,"Cleveland (Cleveland Heights)","Elbon Rd",1,0,N/A
"June 28, 2017",Pennsylvania,Philadelphia,"6th St and Montgomery Ave",1,0,N/A
"June 28, 2017",Arizona,Avondale,"S 107th Ave and W Lower Buckeye Rd",1,1,N/A
"June 28, 2017",Pennsylvania,"West Chester","PA 100 and US 202",1,0,N/A
"June 28, 2017","New Jersey","Woodbury (West Deptford)","700 Crown Point Rd",1,0,N/A
"June 28, 2017",Ohio,Columbus,"2200 block of Dawnlight Ave",1,0,N/A
"June 28, 2017",Missouri,Florissant,"3500 block of Candlebrook Ct",1,0,N/A
"June 28, 2017",Colorado,Denver,"7540 York St",1,0,N/A
"June 28, 2017",Louisiana,"New Orleans","7400 block Chef Hwy",1,0,N/A
"June 28, 2017","South Carolina","North Charleston","3300 block of Ashley Phosphate Rd",1,0,N/A
"June 27, 2017",Texas,Amarillo,"601 S Nelson St",1,0,N/A
"June 27, 2017",Louisiana,Monroe,"Long Dr and Milliken Dr",1,0,N/A
"June 27, 2017","New York",Syracuse,"100 block of East Kennedy St",1,0,N/A
"June 27, 2017",Pennsylvania,York,"600 block of W Princess St",1,0,N/A
"June 27, 2017",Arizona,Phoenix,"8th St and Bell Rd",1,0,N/A
"June 27, 2017",Louisiana,"New Orleans","Paris Ave and Lafreniere St",1,0,N/A
"June 27, 2017",Georgia,Savannah,"700 block of W 57th St",1,0,N/A
"June 27, 2017",Alaska,Kipnuk,N/A,1,0,N/A
"June 27, 2017","West Virginia","Oak Hill","Legends Highway",1,0,N/A
"June 27, 2017",Mississippi,"Mount Olive","436 Mt Pleasant Rd",1,0,N/A
"June 27, 2017",Virginia,Portsmouth,"Greenwood Dr and Viking St",1,0,N/A
"June 27, 2017",Pennsylvania,Chester,"11th St and McDowell Ave",1,1,N/A
"June 27, 2017",Maryland,Conowingo,"200 block of Old Mill Rd",2,0,N/A
"June 27, 2017",Maryland,Suitland,"4200 block of Silver Hill Rd",1,0,N/A
"June 27, 2017",Iowa,"Iowa City","520 Ernest St",1,0,N/A
"June 27, 2017",Wisconsin,Milwaukee,"3200 block of W Center St",1,0,N/A
"June 27, 2017",Indiana,"Crown Point","9301 Madison St",1,0,N/A
"June 27, 2017",Georgia,Cordele,"2109 16th Avenue",1,0,N/A
"June 27, 2017",California,"San Bernardino","1400 block of N Wall Ave",1,0,N/A
"June 27, 2017",Delaware,Dover,"255 Webbs Ln",1,1,N/A
"June 27, 2017",Alabama,Huntsville,"2600 block of Barbara Drive",1,0,N/A
"June 27, 2017",Georgia,Albany,"2300 block East Alberson Drive",3,0,N/A
"June 27, 2017",Illinois,Chicago,"6400 block of South Ingleside",1,0,N/A
"June 27, 2017",Alabama,Mobile,"2400 block of Dubose Street",1,0,N/A
"June 27, 2017",Maine,Orland,"Acadia Hwy",1,0,N/A
"June 27, 2017",Florida,Tallahassee,"4000 block of Forsythe Park Cir",1,0,N/A
"June 27, 2017",Georgia,Hawkinsville,"Woods Rd",2,0,N/A
"June 27, 2017",Arkansas,Hindsville,"1458 Madison County Road 8325",1,0,N/A
"June 27, 2017","North Carolina",Greenville,"River Bluff Road",1,2,N/A
"June 27, 2017","South Carolina","North Charleston","St. Johns Avenue",1,0,N/A
"June 27, 2017",Illinois,Chicago,"6500 block of S University",1,0,N/A
"June 27, 2017",Nebraska,Schuyler,"222 W 16th S",1,0,N/A
"June 27, 2017",Missouri,"Saint Louis","900 block of Aubert Ave",1,0,N/A
"June 27, 2017",California,"South Gate","Rayo Ave and Firestone Pl",1,0,N/A
"June 27, 2017",California,Stockton,"1800 W Charter Way",2,0,N/A
"June 26, 2017","North Carolina",Greensboro,"Benjamin Benson St",1,1,N/A
"June 26, 2017",Missouri,"Kansas City","10400 block of E 39th Terrace",1,1,N/A
"June 26, 2017",Missouri,Columbia,"300 block of Brickton Rd",1,1,N/A
"June 26, 2017",Alabama,Mobile,"3365 Moffett Rd",1,0,N/A
"June 26, 2017",Alabama,Montgomery,"3700 block of Oak Shadow Lane",1,0,N/A
"June 26, 2017",Alabama,Birmingham,"5900 block of 1st Avenue North",1,1,N/A
"June 26, 2017",Kansas,Topeka,"10th and SW Billard Ave",1,0,N/A
"June 26, 2017",Minnesota,Halstad,"549 US Highway 75",1,0,N/A
"June 26, 2017","South Carolina",Conway,"Juniper Bay Road and Dunn Short Cut Road",1,0,N/A
"June 26, 2017","North Carolina",Gibsonville,"Burlington Avenue",2,0,N/A
"June 26, 2017",Alabama,Saraland,"798 Goldenrod Drive",1,1,N/A
"June 26, 2017",Indiana,Indianapolis,"7100 block of Warrior Trail",1,0,N/A
"June 26, 2017",Georgia,Atlanta,"3208 Martin Luther King Junior Dr SW",1,1,N/A
"June 26, 2017",Florida,Miami,"NW 54th St and 22nd Ave",1,0,N/A
"June 26, 2017",Louisiana,"New Iberia","200 block of E Lawrence St",2,0,N/A
"June 26, 2017",California,Stockton,"1800 Block of W Martin Luther King Jr Blvd",2,0,N/A
"June 26, 2017",Oklahoma,Tulsa,"506 E 56th St N",1,0,N/A
"June 26, 2017",Illinois,Chicago,"7900 block of S Ridgeland",1,0,N/A
"June 26, 2017",California,Madera,"701 N Granada Dr",1,0,N/A
"June 26, 2017",Alabama,Montgomery,"1714 Coral Ln",1,1,N/A
"June 26, 2017",California,Delano,"15th Pl and Albany St",1,0,N/A
"June 26, 2017",Pennsylvania,Philadelphia,"2300 block of South Marshall St",1,0,N/A
"June 26, 2017",Illinois,Chicago,"5400 block of S Bishop",1,0,N/A
"June 26, 2017",Illinois,Chicago,"1000 block of W 103rd St",1,0,N/A
"June 26, 2017",Indiana,"Fort Wayne","400 block of W Masterson Ave",1,0,N/A
"June 26, 2017",Georgia,Gainesville,"2241 Barnes Drive",1,0,N/A
"June 26, 2017","New York",Buffalo,"Daisy Pl and Florida St",1,0,N/A
"June 26, 2017","South Carolina",Darlington,"Southern Pines and Kirven Street",2,1,N/A
"June 26, 2017",Tennessee,Nashville,"572 Brooksboro Terr",1,0,N/A
"June 26, 2017",Tennessee,Chattanooga,"101 Glenwood Dr",1,2,N/A
"June 26, 2017",Massachusetts,Boston,"1357 Blue Hill Ave",1,0,N/A
"June 26, 2017",Illinois,Chicago,"4800 block of W Gladys",1,0,N/A
"June 26, 2017",Georgia,Decatur,"3335 Valley Brook Place",1,0,N/A
"June 25, 2017",Arizona,"Cave Creek","Cave Creek Rd and Tatum Blvd",1,0,N/A
"June 25, 2017",Kansas,Topeka,"715 SW Taylor St",1,0,N/A
"June 25, 2017",Arkansas,"El Dorado",N/A,1,0,N/A
"June 25, 2017",Michigan,Flint,"327 Sheffield Ave",1,0,N/A
"June 25, 2017","North Carolina",Asheville,"1 Granada St",1,0,N/A
"June 25, 2017",Virginia,Barboursville,"3500 block of Creels Mill Road",2,0,N/A
"June 25, 2017","New Jersey",Newark,"Edwin Pl and Willoughby St",1,1,N/A
"June 25, 2017",California,Riverside,"7494 Indiana Ave",1,0,N/A
"June 25, 2017",Maryland,Baltimore,"1200 Block of Harwood Ave",1,0,N/A
"June 25, 2017",California,Mojave,"L St and Shasta St",1,0,N/A
"June 25, 2017","New York",Bronx,"Tiffany St and Oak Point Ave",1,1,N/A
"June 25, 2017",Oklahoma,"Oklahoma City","SW 15th St and Robinson Ave",1,0,N/A
"June 25, 2017","New Jersey",Newark,"Avon Avenue and Peshine Street",1,0,N/A
"June 25, 2017",California,Modesto,"600 block of Thrasher Ave",1,0,N/A
"June 25, 2017","North Carolina",Lewisville,"Grainland Dr",1,0,N/A
"June 25, 2017",Florida,Pensacola,"6100 Block of Rawson Ln",1,0,N/A
"June 25, 2017","New Jersey",Hammonton,"700 block of Bairdmore Ave",1,0,N/A
"June 25, 2017",California,"Rio Linda","400 block of Q St",2,0,N/A
"June 25, 2017",Ohio,Canton,"1700 block of Edwards Ave NE",1,2,N/A
"June 25, 2017","South Carolina",Dalzell,N/A,1,0,N/A
"June 25, 2017","North Carolina",Benson,"905 Barefoot St",1,0,N/A
"June 25, 2017","South Carolina","North Charleston","Vistavia Road",1,0,N/A
"June 25, 2017",Louisiana,"New Orleans (Algiers)","1200 block of Odeon Avenue",1,0,N/A
"June 25, 2017",Louisiana,Shreveport,"2500 block of Regent St",1,0,N/A
"June 25, 2017",Florida,Jacksonville,"9400 Block of Lem Turner Rd",1,0,N/A
"June 25, 2017","North Carolina",Greensboro,"2309 Phillips Ave",1,1,N/A
"June 25, 2017",Texas,Arlington,"I-20 and S Cooper St",1,0,N/A
"June 25, 2017",Maryland,Baltimore,"2500 block of Hoffman St",1,0,N/A
"June 25, 2017",Missouri,"Saint Louis","5000 block of Thekla Ave",1,3,N/A
"June 25, 2017",Maryland,Baltimore,"1200 block of Cochran Avenue",1,0,N/A
"June 25, 2017",Missouri,"Saint Louis","4700 block of Beacon Ave",1,1,N/A
"June 25, 2017",Georgia,Athens,"College Avenue",1,0,N/A
"June 25, 2017",Wisconsin,Milwaukee,"38th and Center",1,0,N/A
"June 25, 2017",Ohio,Hamilton,"500 block of S Front St",1,0,N/A
"June 25, 2017","South Carolina","Rock Hill","200 block of Sunset Drive",1,1,N/A
"June 25, 2017",Illinois,Chicago,"5200 block of S Western",1,0,N/A
"June 25, 2017",Georgia,Canton,"Jefferson Circle",2,1,N/A
"June 25, 2017",Alabama,Mobile,"1200 block of St Madar St",1,0,N/A
"June 25, 2017",Illinois,Chicago,"7900 block of S Brandon",1,0,N/A
"June 25, 2017",Nevada,"Las Vegas","4400 block of Wendy Ln",2,1,N/A
"June 25, 2017","New Mexico",Pecos,"Lazy T Ranch Rd and Frontage Rd 2116",1,0,N/A
"June 25, 2017",Texas,Houston,"4425 FM 1960",1,0,N/A
"June 25, 2017","North Carolina",Shelby,"531 Suttle St",1,0,N/A
"June 25, 2017",Texas,Waco,"2119 LaSalle Ave",1,0,N/A
"June 24, 2017",Illinois,"East Saint Louis","1200 block of Baker Ave",1,0,N/A
"June 24, 2017",Pennsylvania,Philadelphia,"Kensington Ave and Tioga St",1,0,N/A
"June 24, 2017",Tennessee,Memphis,"Jackson Avenue",1,0,N/A
"June 24, 2017",Pennsylvania,Coopersburg,"5000 block of Limeport Rd",2,0,N/A
"June 24, 2017",Kansas,Hutchinson,"100 block of S Elm",1,0,N/A
"June 24, 2017",California,"National City","1000 block of East Eighth Street",2,2,N/A
"June 24, 2017","South Carolina",Greenville,"1509 Grove Rd",1,0,N/A
"June 24, 2017",Missouri,"Saint Louis","3300 Block of Goodfellow Blvd",1,0,N/A
"June 24, 2017",Florida,"Fort Lauderdale","2335 NW 16th Ct",1,4,N/A
"June 24, 2017",Florida,"Belle Glade","Duda Rd and Gator Blvd",1,0,N/A
"June 24, 2017",Pennsylvania,Lebanon,"900 block of Walnut St",1,0,N/A
"June 24, 2017",Louisiana,Gonzales,"Superior Wood Ave",1,0,N/A
"June 24, 2017",Minnesota,Puposky,"25300 Block of West St",1,0,N/A
"June 24, 2017",California,Delano,"1000 block of Lexington St",1,0,N/A
"June 24, 2017",California,"San Diego","South 31st St and Martin Ave",1,0,N/A
"June 24, 2017",Indiana,"East Chicago","4806 Alexander",1,0,N/A
"June 24, 2017",Oklahoma,Tulsa,"E 4th Pl and S Garnett Rd",1,0,N/A
"June 24, 2017",Ohio,Marion,"300 block of Brentwood Dr",2,0,N/A
"June 24, 2017","South Carolina",Columbia,"1005 Fontaine Rd",1,0,N/A
"June 24, 2017",Pennsylvania,"Pittsburgh (Wilkinsburg)","Maple St and Hunter St",1,0,N/A
"June 24, 2017",Washington,"Seattle (Seatac)","14200 block of S 29th Ave",1,1,N/A
"June 24, 2017",Washington,Kent,"99th Ave S and S 244th St S",1,0,N/A
"June 24, 2017",Alabama,Auburn,"700 block of Hunter Court",2,0,N/A
"June 24, 2017",California,"Moreno Valley","Hemlock Ave and Orchid Ln",1,0,N/A
"June 24, 2017",Virginia,"Richmond (Richmnd)","2000 block of Groom Drive",1,0,N/A
"June 24, 2017",California,Salinas,"600 block of Roosevelt St",2,0,N/A
"June 24, 2017",California,Richmond,"2000 block of Groom Dr",1,0,N/A
"June 24, 2017",Georgia,"Forest Park","241 Falcon Dr",1,0,N/A
"June 24, 2017",Missouri,"Saint Louis (Berkeley)","8200 Block of Fay Ave",1,0,N/A
"June 24, 2017",California,"San Gabriel","1300 block of Stevens Ave",2,0,N/A
"June 24, 2017",Pennsylvania,"Red Lion","2500 block of Myers School Rd",1,0,N/A
"June 24, 2017",Illinois,Chicago,"1200 block of North Laramie",1,0,N/A
"June 24, 2017",Alabama,"Deer Park","US 45",1,0,N/A
"June 24, 2017",Kentucky,Louisville,"3100 block of Huberta Dr",1,0,N/A
"June 24, 2017",Illinois,Chicago,"3800 block of West Chicago",1,0,N/A
"June 24, 2017",Minnesota,"Saint Paul","Aurora Ave and  Marion St",1,0,N/A
"June 24, 2017",Kansas,Eudora,"10 W 9th St",1,0,N/A
"June 24, 2017",Nevada,"Las Vegas","1900 block of Bookbinder Road",1,1,N/A
"June 24, 2017",Missouri,"Saint Louis","10000 block of Toelle Ln",1,0,N/A
"June 24, 2017",Oregon,Florence,"Highway 126",1,0,N/A
"June 24, 2017",Tennessee,Nashville,"Hurst Dr",1,1,N/A
"June 24, 2017","North Carolina",Charlotte,"4709 Tuckaseegee Rd",1,0,N/A
"June 23, 2017","North Carolina",Lumberton,"300 block of Odum Rd",1,0,N/A
"June 23, 2017",Colorado,"Canon City","714 Grand Ave",1,0,N/A
"June 23, 2017",California,"Los Angeles","S Hooper Ave and E 92nd St",1,0,N/A
"June 23, 2017",Ohio,Youngstown,"Oneta St",1,0,N/A
"June 23, 2017",California,Oakland,"Seminary Ave and Foothill Blvd",1,0,N/A
"June 23, 2017",Georgia,Savannah,"500 block of W 38th St",1,1,N/A
"June 23, 2017",Colorado,Denver,"2105 Buchtel Boulevard South",1,0,N/A
"June 23, 2017",Louisiana,"New Orleans","St. Bernard Avenue and North Roman Street",1,0,N/A
"June 23, 2017",Kentucky,Louisville,"2404 West Jefferson Street",2,1,N/A
"June 23, 2017",California,Clovis,"2995 Burl Ave",1,0,N/A
"June 23, 2017",Illinois,Chicago,"4700 block of W West End Ave",1,0,N/A
"June 23, 2017",Louisiana,"Saint Rose (St Rose)","200 block of E Club Dr",1,1,N/A
"June 23, 2017",Arizona,Phoenix,"21st St and Adams St",1,0,N/A
"June 23, 2017","West Virginia",Grafton,"Riverside Dr and Yates Ave",1,0,N/A
"June 23, 2017",California,"La Mirada","14100 Block of Mansa Dr",1,0,N/A
"June 23, 2017","North Carolina",Raleigh,"3309 Wake Forest Rd",1,0,N/A
"June 23, 2017",Texas,Dallas,"2300 block of Denmark St",1,0,N/A
"June 23, 2017","New Jersey",Camden,"Beideman Ave and River Rd",1,0,N/A
"June 23, 2017",Indiana,Elkhart,"700 block of Monroe St",1,0,N/A
"June 23, 2017",California,Sacramento,"7600 block of Pocket Rd",1,0,N/A
"June 23, 2017",Florida,Trenton,N/A,1,1,N/A
"June 23, 2017",Maryland,Hyattsville,"5501 45th Ave",2,0,N/A
"June 23, 2017",Alabama,Mobile,"Cody Road and Pine Run Road",1,0,N/A
"June 23, 2017",Kentucky,"Louisville (Hurstbourne)","8500 block of Cheltenham Cir",1,0,N/A
"June 23, 2017",Maryland,Baltimore,"5200 block of St Charles Ave",1,0,N/A
"June 23, 2017",California,"Los Angeles","12112 McKinley Ave",1,0,N/A
"June 23, 2017",Ohio,Toledo,"Earl St and Rogers St",1,0,N/A
"June 23, 2017",Arkansas,"Fort Smith","3000 block of Willow Cove",2,0,N/A
"June 23, 2017",Ohio,Cleveland,"Wade Park Ave and Ansel Rd",1,0,N/A
"June 23, 2017","New York",Brooklyn,"865 Cleveland St",2,0,N/A
"June 23, 2017",Minnesota,Minnetonka,"2825 Hedberg Dr",1,0,N/A
"June 23, 2017",Texas,Houston,"7900 block of Creekbend Drive",1,0,N/A
"June 23, 2017",Virginia,"Virginia Beach","1000 block of Minneapolis Dr",1,0,N/A
"June 23, 2017",Louisiana,"New Orleans","12100 block of North Interstate 10 Service Road",1,0,N/A
"June 23, 2017",Georgia,Atlanta,"300 block of Candler Rd SE",1,0,N/A
"June 23, 2017",Illinois,"Blue Island","143rd St and S Western Ave",1,0,N/A
"June 23, 2017",Pennsylvania,Pittsburgh,"Paulson Ave and Dean St",1,0,N/A
"June 22, 2017",Florida,Bradenton,"300 block of 12th Ave W",1,0,N/A
"June 22, 2017",Connecticut,Hartford,"388 Farmington Ave",0,0,N/A
"June 22, 2017","New Mexico","Silver City",N/A,1,0,N/A
"June 22, 2017",Illinois,Rockford,"1400 block of Court St",1,0,N/A
"June 22, 2017",Tennessee,Nashville,"831 Glastonbury Rd",1,0,N/A
"June 22, 2017",Nevada,"Las Vegas","6600 Block of Castor Tree Way",1,0,N/A
"June 22, 2017",Kentucky,Louisville,"26th and Howard Street",1,0,N/A
"June 22, 2017","West Virginia",Alderson,"411 Snake Run Rd",2,1,N/A
"June 22, 2017",Arizona,"Sierra Vista","4000 Block of Sagebrush",1,0,N/A
"June 22, 2017",Oklahoma,Millerton,"300 block of Chicasaw St",1,0,N/A
"June 22, 2017",Tennessee,Nashville,"600 block of 41st Ave N",1,0,N/A
"June 22, 2017",Ohio,Westerville,"7900 block of Schleppi Rd",1,0,N/A
"June 22, 2017",Georgia,Atlanta,"1100 block of Osborne Street",1,6,N/A
"June 22, 2017",Tennessee,Knoxville,"1401 Joe Lewis Road",2,1,N/A
"June 22, 2017",Virginia,Richmond,"2200 block of Chalfont Dr",2,0,N/A
"June 22, 2017",California,Palmdale,"38500 block of 10th St",1,1,N/A
"June 22, 2017",Illinois,Dolton,"15300 block of S Blackstone Ave",1,0,N/A
"June 22, 2017",Florida,Miami,"1663 Miami Gardens Dr",2,0,N/A
"June 22, 2017",Tennessee,Knoxville,"7608 Foxglen Boulevard",2,1,N/A
"June 22, 2017",Texas,Houston,"13000 block of Bexhill Dr",1,1,N/A
"June 22, 2017",Georgia,Monroe,"Wheel House Ln",1,0,N/A
"June 22, 2017",Georgia,Milledgeville,"100 block of Marion Street",1,0,N/A
"June 22, 2017",Washington,"University Place","2100 block of Sunset Dr W",1,0,N/A
"June 22, 2017",Michigan,Flint,"1200 block of Donaldson",1,1,N/A
"June 22, 2017",California,"Los Angeles (Hollywood)","7245 Hillside Ave",1,0,N/A
"June 22, 2017",Oklahoma,Lawton,"1504 NW Euclid",1,0,N/A
"June 22, 2017",Missouri,"Saint Louis","5500 block of Thrush Ave",1,1,N/A
"June 22, 2017",Utah,"Salt Lake City (Taylorsville)","2524 Hard Rock Dr",2,0,N/A
"June 22, 2017",Ohio,Canton,"900 block of Garfield Ave",1,0,N/A
"June 22, 2017",Oklahoma,Tulsa,"8000 block of E 2nd St",1,0,N/A
"June 22, 2017",Georgia,Augusta,"1603 Jonathan Court",1,0,N/A
"June 22, 2017",Idaho,Bruneau,"Hot Springs Rd",1,0,N/A
"June 22, 2017",California,"San Francisco","Turk St",1,0,N/A
"June 21, 2017",Illinois,"Chicago (Englewood)","7000 Block of S Parnell",1,0,N/A
"June 21, 2017",Michigan,Detroit,"20000 block of Glastonbury",2,0,N/A
"June 21, 2017",Pennsylvania,Philadelphia,"Torresdale Ave and Scattergood St",1,0,N/A
"June 21, 2017",Michigan,Detroit,"14000 block of Park Grove St",1,0,N/A
"June 21, 2017",Ohio,"Dayton (Huber Heights)","24 W Norman Ave",1,0,N/A
"June 21, 2017","South Carolina",Summerville,"West 2nd North Street",1,0,N/A
"June 21, 2017",Tennessee,Memphis,"4800 block of Rickard Rd",1,0,N/A
"June 21, 2017",Texas,Palestine,"County Rd 2120",1,0,N/A
"June 21, 2017",Illinois,Monee,"700 block of Manhattan-Monee Rd",1,0,N/A
"June 21, 2017",Texas,Beaumont,"4500 block of Harding Rd",1,1,N/A
"June 21, 2017",California,Brentwood,"200 block of Birch St",2,0,N/A
"June 21, 2017",Indiana,Indianapolis,"6600 block of Hollow Run Dr",1,0,N/A
"June 21, 2017",Louisiana,"Denham Springs","20000 block of Saun Drive",1,0,N/A
"June 21, 2017",Alabama,Montevallo,"Hwy 203",1,1,N/A
"June 21, 2017","New York",Newburgh,"168 Chambers St",1,0,N/A
"June 21, 2017",Louisiana,Marrero,"1800 Block of Buccola Ave",1,1,N/A
"June 21, 2017","New Jersey",Newark,"400 block of 18th Avenue",1,1,N/A
"June 21, 2017","New Jersey","Maple Shade","124 E Kings Hwy",1,0,N/A
"June 21, 2017",Wisconsin,Crandon,"200 East Cobb Blvd",1,0,N/A
"June 21, 2017",Tennessee,"Lenoir City","6071 White Wing Rd",2,0,N/A
"June 21, 2017",Pennsylvania,"Sugar Grove","5390 Brown Hill Rd",1,1,N/A
"June 21, 2017",Maryland,Baltimore,"3900 block of Liberty Heights Avenue",1,0,N/A
"June 21, 2017",Mississippi,Mantachie,"5600 MS 363",2,0,N/A
"June 21, 2017",Illinois,Chicago,"4500 block of S Leclaire",1,0,N/A
"June 21, 2017","New York",Brooklyn,"Union St and Sutter Ave",1,0,N/A
"June 21, 2017","New Jersey",Avenel,"1 Rodgers St",1,1,N/A
"June 21, 2017",California,Atwater,"Gurr Rd and Ave One",1,0,N/A
"June 21, 2017",Oklahoma,Tulsa,"N Marion and E King St",1,0,N/A
"June 21, 2017",Oregon,"Central Point","2830 Oakridge Ave",1,0,N/A
"June 21, 2017",Illinois,Chicago,"Chicago Skyway and 88th St",2,0,N/A
"June 21, 2017",Missouri,"Kansas City (Gladstone)","Charlotte and 60th Terrace",1,1,N/A
"June 21, 2017",Georgia,Riverdale,"Roxbury Dr and Black Twig Ct",1,0,N/A
"June 21, 2017","District of Columbia",Washington,"700 block of 51st St NE",1,0,N/A
"June 20, 2017",Kentucky,London,"KY 229 and Hideaway Rd",2,0,N/A
"June 20, 2017",Texas,Stafford,"11206 W Airport Blvd",1,0,N/A
"June 20, 2017","North Carolina",Charlotte,"4600 block of Eastwycke Pl",1,0,N/A
"June 20, 2017",Tennessee,Memphis,"96 W Dunbar Rd",1,1,N/A
"June 20, 2017",Pennsylvania,Chambersburg,"5 Garber Street",1,0,N/A
"June 20, 2017",Maryland,Baltimore,"1700 Block of Ellsworth St",1,0,N/A
"June 20, 2017",Florida,Jacksonville,"5141 Shenandoah Ave",1,1,N/A
"June 20, 2017",California,Oakland,"2800 block of Hannah St",1,0,N/A
"June 20, 2017",California,"El Monte","Garvey Ave and Durfee Ave",1,1,N/A
"June 20, 2017",Ohio,"Hamilton (Saint Clair)","4100 block of Trenton Rd",1,0,N/A
"June 20, 2017",Alabama,Huntsville,"8309 Whitesburg Way",1,1,N/A
"June 20, 2017","North Carolina",Charlotte,"400 block of Hilo Dr",2,0,N/A
"June 20, 2017",Alabama,Mobile,"2605 Halls Mill Road",1,0,N/A
"June 20, 2017",Michigan,Clinton,"24204 Lotus Drive",1,0,N/A
"June 20, 2017",California,"Los Angeles","3400 block W Florence Ave",1,0,N/A
"June 20, 2017",California,"Los Angeles","8105 S Avalon Blvd",1,0,N/A
"June 20, 2017",Ohio,Cincinnati,"Findlay St and Baymiller St",1,0,N/A
"June 20, 2017",California,"South Gate","California Ave and Santa Ana St",1,0,N/A
"June 20, 2017",California,Palmdale,"5500 block of Laurel Ave",1,0,N/A
"June 20, 2017",Illinois,Danville,"300 block of Bradley Ln",1,0,N/A
"June 20, 2017","South Carolina",Walterboro,"440 block of Deloach Avenue",1,0,N/A
"June 20, 2017","South Carolina","North Charleston","2900 block of Lexington Avenue",1,0,N/A
"June 20, 2017",Tennessee,Franklin,"Peytsonsville Rd",1,0,N/A
"June 20, 2017",Illinois,Chicago,"200 block of S Hoyne",1,2,N/A
"June 20, 2017",Tennessee,Chattanooga,"2116 Shepherd Rd",2,0,N/A
"June 20, 2017",Kansas,Lehigh,"400 block of E Maria St",1,0,N/A
"June 20, 2017",Arkansas,Danville,"Belleville Ridge Road",1,0,N/A
"June 20, 2017",Florida,"Lehigh Acres","3100 block of 3rd Street W",2,0,N/A
"June 20, 2017",Colorado,"Colorado Springs","4255 Airport Rd",1,0,N/A
"June 20, 2017",Arizona,"Grand Canyon (Grand Canyon National Park)","Rim Trail",1,0,N/A
"June 20, 2017",Nevada,"Las Vegas","1100 block of South Cimarron Road",1,0,N/A
"June 19, 2017",Louisiana,Shreveport,"300 Block of W 80th St",1,0,N/A
"June 19, 2017",Florida,"Lehigh Acres","4600 block of 28th St SW",1,0,N/A
"June 19, 2017",Illinois,Dolton,"14325 Kimbark Ave",1,0,N/A
"June 19, 2017",Tennessee,Nashville,"901 1st Ave S",1,0,N/A
"June 19, 2017",Mississippi,Canton,"88 3rd Avenue",1,0,N/A
"June 19, 2017",Alabama,Montgomery,"1500 Block of Taft St",1,0,N/A
"June 19, 2017",Pennsylvania,Tamaqua,N/A,1,0,N/A
"June 19, 2017",Texas,"San Marcos","1525 Aquarena Springs Drive",1,0,N/A
"June 19, 2017",Mississippi,Jackson,"28 Raymond Rd",1,0,N/A
"June 19, 2017",Louisiana,"New Orleans","1100 bock of N Roman St",1,0,N/A
"June 19, 2017",Missouri,"Kansas City","3800 block of East 71st Street",1,0,N/A
"June 19, 2017",Louisiana,"Pearl River","LA 41 and Max Mercer Rd",2,0,N/A
"June 19, 2017",Ohio,Barberton,"Pasadena Pl",1,0,N/A
"June 19, 2017",Illinois,Chicago,"1000 block of North Lawndale",1,0,N/A
"June 19, 2017","New Jersey","Trenton (Hamilton Township)","2700 block of Nottingham Way",1,0,N/A
"June 19, 2017","District of Columbia",Washington,"300 block of 54th Street NE",1,0,N/A
"June 19, 2017",Alabama,Montgomery,"5800 block of Eagle Cir",1,0,N/A
"June 19, 2017",Wisconsin,"Pleasant Prairie","8600 block of 82nd St",2,0,N/A
"June 19, 2017",Colorado,Aurora,"1948 S Ouray St",1,0,N/A
"June 19, 2017",Virginia,Hampton,"200 block of Derosa Dr",1,0,N/A
"June 19, 2017",Alaska,Fairbanks,"1931 Eagan Ave",1,0,N/A
"June 19, 2017","South Carolina",Chesterfield,"Hurst Cemetery Ln",1,0,N/A
"June 19, 2017",California,Lancaster,"6300 Starview Dr",2,0,N/A
"June 19, 2017",Louisiana,"Baton Rouge","800 Swan Avenue",1,0,N/A
"June 19, 2017",Michigan,Flint,"600 Block of W Alma Ave",1,0,N/A
"June 19, 2017",Oklahoma,Bixby,"S 85th E Pl",1,0,N/A
"June 19, 2017",Texas,Dallas,"10700 block of Eastham Dr",1,0,N/A
"June 19, 2017",Idaho,Caldwell,"N KCID Rd",3,0,N/A
"June 19, 2017",Michigan,Fenwick,"9600 block of Tow Road",2,0,N/A
"June 19, 2017",Alabama,"Mobile (Prichard)","Bullshead Ave and Percy Ave",1,0,N/A
"June 19, 2017",Minnesota,Minneapolis,"42nd Ave N and Welcome Ave N",1,0,N/A
"June 19, 2017",Wisconsin,Milwaukee,"N. 76th Street and W. Mill Road",1,0,N/A
"June 19, 2017",Louisiana,"New Orleans","Almonaster Avenue and North Prieur Street",1,0,N/A
"June 19, 2017",California,Fresno,"6340 N Figarden Dr",1,1,N/A
"June 19, 2017",Illinois,Chicago,"1800 block of S Kildare",1,0,N/A
"June 19, 2017",Pennsylvania,Philadelphia,"N Yewdall St",1,0,N/A
"June 19, 2017",Pennsylvania,Mckeesport,"900 block of Lysle Blvd",1,0,N/A
"June 19, 2017",Tennessee,Manchester,"300 Hillsboro Blvd",1,2,N/A
"June 19, 2017",Oregon,Gresham,"1001 SE 217th Ave",1,0,N/A
"June 19, 2017",Texas,Mcallen,"1400 block of Vine Ave",1,0,N/A
"June 19, 2017","South Carolina","Saint George","131 Deerwood Rd",1,0,N/A
"June 19, 2017",Georgia,Macon,"152 Bradstone Circle",1,0,N/A
"June 19, 2017",Texas,Houston,"6200 Nuben Street",1,0,N/A
"June 19, 2017",Alabama,"Gulf Shores","3690 Gulf Shores Pkwy",1,0,N/A
"June 19, 2017",Ohio,Toledo,"Summit St and 119th St",1,0,N/A
"June 19, 2017",Michigan,Burton,"Briar Ln",1,0,N/A
"June 19, 2017",Nevada,Reno,"10000 block of Purple Sage Dr",2,0,N/A
"June 19, 2017",Colorado,"Littleton (Lakewood)","715 Kipling St",1,1,N/A
"June 19, 2017",California,Ontario,"1220 E 6th St",1,0,N/A
"June 19, 2017",Nebraska,Omaha,"6114 S 18th St",1,1,N/A
"June 19, 2017",Pennsylvania,Erie,"600 block of east 24th street",1,2,N/A
"June 19, 2017",Pennsylvania,Philadelphia,"Bridge and Oakland street",1,0,N/A
"June 18, 2017",Virginia,Norfolk,"2700 block of Kimball Ter",1,0,N/A
"June 18, 2017",Tennessee,Memphis,"Frayser-Raleigh Rd and Old Allen Rd",1,0,N/A
"June 18, 2017",Wisconsin,Waukesha,"2000 block of Sunkist Ave",1,0,N/A
"June 18, 2017",Florida,Ocala,"2145 E Silver Springs Blvd",1,0,N/A
"June 18, 2017",Pennsylvania,Philadelphia,"724 Arch St",1,1,N/A
"June 18, 2017",Oregon,Salem,"1572 Lancaster Dr NE",2,0,N/A
"June 18, 2017",Louisiana,"Plain Dealing","400 block of E Gilmer St",1,0,N/A
"June 18, 2017",Louisiana,Slidell,"1300 Block of Sunset Dr",1,0,N/A
"June 18, 2017",California,"Los Angeles","5700 block of Denker Ave",1,0,N/A
"June 18, 2017",Louisiana,Shreveport,"3500 block of Junior Place",3,0,N/A
"June 18, 2017","South Carolina",Darlington,"Old Florence Road",1,0,N/A
"June 18, 2017",Wisconsin,Hayward,"Tagalder Rd",1,0,N/A
"June 18, 2017",Michigan,Detroit,"Stout and Tireman",1,0,N/A
"June 18, 2017",Missouri,"Saint Louis","1900 block of N 14th St",3,2,N/A
"June 18, 2017",Wisconsin,"Sun Prairie","425 S Bird St",1,0,N/A
"June 18, 2017",Alabama,Montgomery,"600 block of E South Blvd",1,0,N/A
"June 18, 2017",Illinois,Chicago,"500 block of E Ohio",1,0,N/A
"June 18, 2017",Illinois,Chicago,"1200 block of S Avers",1,0,N/A
"June 18, 2017",Michigan,Detroit,"20000 block of Avon",1,0,N/A
"June 18, 2017",Kentucky,Covington,"39 W 26th Street",1,0,N/A
"June 18, 2017",Mississippi,"Bogue Chitto","Quinn Rd SW",1,0,N/A
"June 18, 2017",Virginia,Richmond,"North 17th and East Grace Street",1,2,N/A
"June 18, 2017","North Carolina",Fayetteville,"500 block of Lamon St",1,0,N/A
"June 18, 2017",Louisiana,Lafayette,"200 block of Jefferson St.",1,0,N/A
"June 18, 2017","New Jersey",Newark,"100 block of North 7th Street",1,0,N/A
"June 18, 2017",Nevada,Reno,"250 Talus Way",1,2,N/A
"June 18, 2017",Illinois,Chicago,"600 Block of E 82nd St",1,0,N/A
"June 18, 2017",Illinois,Chicago,"3500 block of W Huron",1,1,N/A
"June 18, 2017",Ohio,Toledo,"Walnut St and Peck St",1,0,N/A
"June 18, 2017",Georgia,Brunswick,"Wolfe St",3,0,N/A
"June 18, 2017",Florida,Tampa,"3401 E Lake Ave",1,0,N/A
"June 18, 2017",Maryland,Baltimore,"3700 block of Edmonson Ave",1,0,N/A
"June 18, 2017",Florida,Orlando,"Pioneer Rd",1,0,N/A
"June 18, 2017","New York",Albany,"Delaware St and Clinton St",1,0,N/A
"June 18, 2017",Pennsylvania,Saylorsburg,"500 block of Ash Lane",1,0,N/A
"June 18, 2017",California,"San Francisco","1500 block of Folsom St and 11th St",1,0,N/A
"June 18, 2017",Arizona,Payson,N/A,1,0,N/A
"June 18, 2017",Nebraska,Lincoln,"5250 Cornhusker Hwy",1,0,N/A
"June 18, 2017","North Carolina",Charlotte,"2300 block of Farmer St",1,0,N/A
"June 18, 2017",Missouri,"Saint Louis","1900 block of Prior Dr",1,0,N/A
"June 18, 2017","New York",Syracuse,"349 Richmond Ave",1,0,N/A
"June 18, 2017",Missouri,"Saint Louis","2600 block of Rauschenbach Ave",1,1,N/A
"June 18, 2017",Washington,Seattle,"6850 62nd Street",1,0,N/A
"June 18, 2017",Nevada,"Las Vegas","4155 W. Twain Avenue",2,0,N/A
"June 17, 2017","North Carolina","Rocky Mount","1821 N Wesleyan Blvd",1,0,N/A
"June 17, 2017",Nebraska,Omaha,"2530 Hartman Ave",1,0,N/A
"June 17, 2017","North Carolina",Greensboro,"3900 block of Marchester Way",1,0,N/A