"Incident Date",State,"City Or County",Address,"# Killed","# Injured",Operations
"May 31, 2017",Virginia,Richmond,"2300 block of Ambrose St",1,1,N/A
"May 31, 2017",Louisiana,"New Orleans","2200 Tulane Ave",1,0,N/A
"May 31, 2017",Virginia,Danville,"700 block of Bradley Rd",1,0,N/A
"May 31, 2017",Alabama,Huntsville,"3000 block of Brook Manor Avenue",1,2,N/A
"May 31, 2017","New York",Bronx,"3855 Bronxwood Ave",1,0,N/A
"May 31, 2017",Pennsylvania,"Wilkes Barre","Mark Dr and Kings Rd",1,0,N/A
"May 31, 2017","New York",Bronx,"2235 Gleason Ave",1,0,N/A
"May 31, 2017",Illinois,Normal,"700 block of South Golfcrest",1,0,N/A
"May 31, 2017",California,"Los Angeles","800 block of W 56th St",1,0,N/A
"May 31, 2017",Florida,Naples,"12000 Block of Collier's Reserve Dr",2,0,N/A
"May 31, 2017",Maryland,"Hyattsville (Adelphi)","1800 block of Fox St",1,0,N/A
"May 31, 2017",California,Hesperia,"13401 Main St",1,1,N/A
"May 31, 2017",Kansas,Topeka,"715 SW 16th Ave",1,0,N/A
"May 31, 2017",Michigan,Detroit,"700 block of Beard street",2,0,N/A
"May 31, 2017",Mississippi,"Mount Olive","200 block of Smith Jones Road",2,1,N/A
"May 31, 2017",Nebraska,Omaha,"N 16th St and Yates St",1,0,N/A
"May 31, 2017",Louisiana,"New Orleans","3000 block of Pauger St",2,0,N/A
"May 31, 2017",Alabama,Selma,"1500 block of Leroy St",1,1,N/A
"May 31, 2017",Michigan,Detroit,"6600 block of Barton St",1,0,N/A
"May 31, 2017",Minnesota,Andover,"900 block of 139th Avenue N.",3,0,N/A
"May 31, 2017",Missouri,"Saint Louis","1100 block of Angelica St",1,0,N/A
"May 31, 2017",Georgia,Albany,"2508 Brierwood Drive",1,1,N/A
"May 31, 2017","New York",Flushing,"4038 162nd St",1,0,N/A
"May 31, 2017",California,Antioch,"2100 block of Lemontree Way",1,0,N/A
"May 31, 2017",Louisiana,"Baton Rouge","5500 block of Washington Ave",1,0,N/A
"May 31, 2017",Illinois,Chicago,"8800 block of South Houston",1,0,N/A
"May 31, 2017",Ohio,Cincinnati,"Fairmount Ave and Saturn St",1,0,N/A
"May 31, 2017","North Carolina",Kinston,"Raleigh Street",2,0,N/A
"May 31, 2017",Texas,Houston,"Studewood St and Stude St",1,0,N/A
"May 31, 2017",Idaho,"Idaho Falls","1315 S Utah Ave",1,0,N/A
"May 31, 2017","South Carolina","North Charleston","North Arco Lane",1,0,N/A
"May 31, 2017",Louisiana,Marrero,"6501 Lapalco Boulevard",1,0,N/A
"May 31, 2017",Oregon,Roseburg,N/A,1,0,N/A
"May 31, 2017",Virginia,Hampton,"400 block of Glendale Rd",1,2,N/A
"May 31, 2017",Kentucky,Franklin,"500 block of Stewart St",1,0,N/A
"May 31, 2017",Pennsylvania,Philadelphia,"1300 block of Rush Street",2,1,N/A
"May 31, 2017",Michigan,Detroit,"6600 Block of Barton",1,0,N/A
"May 31, 2017",Wisconsin,Milwaukee,"1600 block of S. 2nd Street",1,0,N/A
"May 31, 2017",Illinois,Springfield,"E Adams St and S Martin Luther King Jr Dr",1,0,N/A
"May 31, 2017",Maryland,Baltimore,"2000 Block of N Monroe St",1,0,N/A
"May 31, 2017",Louisiana,Shreveport,"8200 block of Range Lane",0,1,N/A
"May 30, 2017","West Virginia","Raleigh (county)","Burton Street",1,0,N/A
"May 30, 2017",Nevada,"Las Vegas","2800 block of Holmes St",1,0,N/A
"May 30, 2017","South Carolina",Lexington,"100 block South Hampton Road",1,0,N/A
"May 30, 2017",Florida,"West Palm Beach","500 N Congress Ave",1,1,N/A
"May 30, 2017",Virginia,Petersburg,"900 block of Rome St",1,0,N/A
"May 30, 2017",Tennessee,Memphis,"2745 Airways Blvd",1,0,N/A
"May 30, 2017",Ohio,Middletown,"1200 Elliott Dr",1,3,N/A
"May 30, 2017",Maryland,Baltimore,"200 block of N Caroline Street",1,0,N/A
"May 30, 2017",Washington,Spokane,"W Steam Plant Alley",1,0,N/A
"May 30, 2017",California,"Hidden Valley Lake","Spyglass Dr",1,0,N/A
"May 30, 2017",Minnesota,Minneapolis,"30th Ave and Irving Ave N",1,0,N/A
"May 30, 2017",Florida,Rockledge,"McIver Ln",2,0,N/A
"May 30, 2017",Illinois,Springfield,"1900 S 1st St",1,0,N/A
"May 30, 2017","New Jersey",Newark,"100 block of Goodwin Avenue",1,0,N/A
"May 30, 2017",Texas,Borger,"516 N Main St",1,0,N/A
"May 30, 2017","District of Columbia",Washington,"1800 block of Benning Road NE",1,0,N/A
"May 30, 2017",Illinois,Kankakee,"E Bourbonnais and S Harrison",1,0,N/A
"May 30, 2017",Oklahoma,Tulsa,"16416 Marshall Street",1,0,N/A
"May 30, 2017",Louisiana,"New Orleans","5300 block of Chestnut St",1,0,N/A
"May 30, 2017",Indiana,Indianapolis,"1100 Congress Ave",1,0,N/A
"May 30, 2017",Georgia,"Atlanta (Doraville)","3900 block of Flowers Road",1,0,N/A
"May 30, 2017",Alabama,Brundidge,"Walding Circle",1,0,N/A
"May 30, 2017",Kentucky,Eddyville,"Oaks St",1,0,N/A
"May 30, 2017",California,Oakland,"1300 block of 51st Ave",1,0,N/A
"May 30, 2017",Ohio,Cleveland,"12300 block of Crennell Ave",1,0,N/A
"May 30, 2017","North Carolina","Winston Salem (Winston-salem)","1985 Hampton Inn Ct",1,0,N/A
"May 30, 2017",Arizona,"Gila Bend",N/A,1,0,N/A
"May 30, 2017",Tennessee,Knoxville,"7525 Crosswood Blvd",1,0,N/A
"May 30, 2017",Texas,Greenville,"6403 Interstate 30",3,0,N/A
"May 30, 2017",Illinois,Chicago,"1000 block of W 103rd St",1,0,N/A
"May 30, 2017",Illinois,Chicago,"2700 block of West Gladys",1,0,N/A
"May 30, 2017",Illinois,Chicago,"5700 block of S Prairie",1,0,N/A
"May 30, 2017",Utah,Tooele,"Canyon Rd and Mountain View Rd",1,1,N/A
"May 30, 2017",Pennsylvania,"Harrisburg (Steelton)","700 block of Highland Street",1,0,N/A
"May 30, 2017",Texas,Killeen,"600 block of Bream Circle",1,0,N/A
"May 30, 2017",Utah,"Salt Lake City (West Valley City)","4680 W Thayn Dr",1,0,N/A
"May 30, 2017",Mississippi,Gautier,"Home of Grace Dr",1,0,N/A
"May 30, 2017",Wisconsin,Madison,"501 Northport Drive",1,0,N/A
"May 30, 2017",Indiana,Hammond,"5400 block of Hohman Avenue",1,0,N/A
"May 30, 2017",Oklahoma,Chickasha,"1214 W Chickasha Ave",1,0,N/A
"May 30, 2017",Texas,Houston,"6325 North Wayside",1,0,N/A
"May 30, 2017",Maryland,Baltimore,"4000 block of West Belvedere Avenue",1,0,N/A
"May 29, 2017",Illinois,"Chicago Heights","1 block of W 19th St",1,0,N/A
"May 29, 2017",Georgia,Atlanta,"4265 Shirley Drive",1,0,N/A
"May 29, 2017",Georgia,Hephzibah,"Deans Bridge Road",1,0,N/A
"May 29, 2017","West Virginia",Gerrardstown,"68 Leonard Dr",1,0,N/A
"May 29, 2017",Georgia,Decatur,"3800 block of Redan Road",1,2,N/A
"May 29, 2017","New Mexico",Albuquerque,"224 Atrisco Vista",2,0,N/A
"May 29, 2017",Maryland,"Windsor Mill","2500 block of Hallam Court",1,0,N/A
"May 29, 2017",Alabama,"Marengo (county)",N/A,1,0,N/A
"May 29, 2017","North Carolina",Charlotte,"5115 Reagan Dr",1,1,N/A
"May 29, 2017",Alabama,Birmingham,"I-20/59 and Avenue I",1,0,N/A
"May 29, 2017",Ohio,Hamilton,"500 block of Warwick Road",1,0,N/A
"May 29, 2017",California,Vacaville,"321 Nut Tree Rd",1,0,N/A
"May 29, 2017",California,"Los Angeles","13700 block of Willowbrook Ave",1,1,N/A
"May 29, 2017",California,Fresno,"Willow Avenue and Inyo Street",1,0,N/A
"May 29, 2017",Michigan,Detroit,"Biltmore St",1,0,N/A
"May 29, 2017",Alabama,Birmingham,"51st Ave N",1,0,N/A
"May 29, 2017",Indiana,Gary,"600 block of Hanley Street",1,0,N/A
"May 29, 2017",Maine,"Kennebunkport (Arundel)","267 Old Alfred Rd",1,0,N/A
"May 29, 2017",Kentucky,Louisville,"231 Witherspoon St",1,3,N/A
"May 29, 2017",Maryland,Suitland,"3200 block of Swann Road",1,1,N/A
"May 29, 2017",Florida,"Panama City","2722 E 11th Court",1,0,N/A
"May 29, 2017",Arkansas,Blytheville,"201 W Mchaney Dr",1,0,N/A
"May 29, 2017","South Carolina",Lexington,N/A,1,0,N/A
"May 29, 2017",Ohio,Cleveland,"3400 block of E 140th St",1,0,N/A
"May 29, 2017",Ohio,Cleveland,"Cedar Ave and E 28th St",2,0,N/A
"May 29, 2017",Florida,Jacksonville,"702 N. Lincoln Court",1,1,N/A
"May 29, 2017",Maryland,Aberdeen,"1500 block of Mitchell Ln",1,0,N/A
"May 29, 2017",Kentucky,Louisville,"1300 block of Isaac Alley",1,0,N/A
"May 29, 2017",Arizona,Goodyear,"156th Ave and W Meade Ln",1,0,N/A
"May 29, 2017",Arizona,Phoenix,"3215 E Thomas Rd",1,2,N/A
"May 29, 2017",Pennsylvania,Philadelphia,"2000 block of E Orleans Street",1,1,N/A
"May 29, 2017","North Carolina",Charlotte,"3325 Rozzelles Ferry Rd",1,1,N/A
"May 29, 2017",Maryland,Baltimore,"1700 block of Ruxton Ave",1,0,N/A
"May 29, 2017",Illinois,Chicago,"1500 block of E 74th St",1,2,N/A
"May 29, 2017",Florida,Orlando,"5770 Harbor Chase Cir",1,0,N/A
"May 29, 2017",Florida,Apopka,"980 W McCormick Rd",1,0,N/A
"May 29, 2017",Missouri,"Saint Louis","3200 block of Greer Ave",1,0,N/A
"May 29, 2017",Illinois,"Chicago (Englewood)","6900 block of South Harvard",1,2,N/A
"May 29, 2017",Colorado,Boulder,"1970 13th St",1,0,N/A
"May 29, 2017",Alabama,Alpine,"Loblolly Trace",1,0,N/A
"May 29, 2017",Arizona,Scottsdale,"7800 block of E Medlock Dr",2,0,N/A
"May 29, 2017",Virginia,"Newport News","400 block of Cox Landing Dr",1,0,N/A
"May 29, 2017",Missouri,Florissant,"6300 block of Coventry Dr",1,0,N/A
"May 29, 2017",Michigan,Detroit,"19000 block of Moross",1,0,N/A
"May 29, 2017",Louisiana,Shreveport,"Earl St and Dowdell St",1,0,N/A
"May 29, 2017",Tennessee,Nashville,"900 block of 1st Ave S",1,0,N/A
"May 28, 2017",Florida,Hialeah,"699 Okeechobee Road",1,1,N/A
"May 28, 2017",California,Bakersfield,"1800 block of Isil Ave",1,1,N/A
"May 28, 2017",California,Fresno,"Backer and White avenue",1,0,N/A
"May 28, 2017",Texas,Irving,"3321 W Walnut Hill Ln",1,2,N/A
"May 28, 2017",Pennsylvania,York,"700 block of E Princess St",1,0,N/A
"May 28, 2017",Missouri,"Kansas City","E 58th St and Prospect Ave",1,0,N/A
"May 28, 2017",Arkansas,Lonsdale,"18000 block of US 70",1,0,N/A
"May 28, 2017",California,"San Francisco","4234 Mission St",1,0,N/A
"May 28, 2017",Alabama,Huntsville,"Timberlane Avenue",1,0,N/A
"May 28, 2017",Florida,"Miami Beach","200 block of Ocean Drive",2,1,N/A
"May 28, 2017",California,Bakersfield,"Valleyview Dr",1,0,N/A
"May 28, 2017",Florida,Jacksonville,"King Street",1,0,N/A
"May 28, 2017",Louisiana,"Baton Rouge","2034 Silverest Ave",2,0,N/A
"May 28, 2017",Indiana,Elkhart,"601 E Winsor Ave",1,0,N/A
"May 28, 2017",Missouri,"Saint Louis","2700 block of Lyndhurst Ave",1,0,N/A
"May 28, 2017",California,Lamont,"San Diego St and Kearney Ave",1,0,N/A
"May 28, 2017","North Carolina",Cary,"200 block of Firetree Lane",1,0,N/A
"May 28, 2017",Tennessee,Knoxville,"1921 E 5th Ave",1,0,N/A
"May 28, 2017",Illinois,Chicago,"9800 block of S Wallace",1,0,N/A
"May 28, 2017",Illinois,Chicago,"2900 block of S State St",2,0,N/A
"May 28, 2017",Illinois,Kankakee,"400 Block of N Evergreen Ave",1,1,N/A
"May 28, 2017",Texas,Houston,"14200 block of Kimberley",1,0,N/A
"May 28, 2017",Texas,Dallas,"2900 block of Ruder Street",1,0,N/A
"May 28, 2017","North Carolina",Goldsboro,"410 Hollowell Street",1,0,N/A
"May 28, 2017",Ohio,Columbus,"1600 block of E Fulton St",1,0,N/A
"May 28, 2017",Kentucky,Lexington,"Honey Jay Court",1,0,N/A
"May 28, 2017",Arkansas,Blytheville,"1400 block of East Rose Street",1,2,N/A
"May 28, 2017","New Jersey",Paterson,"86 Main Street",1,5,N/A
"May 28, 2017",California,Visalia,"Buena Vista Ave and Zachary Ave",1,0,N/A
"May 28, 2017",Ohio,Cleveland,"8802 Superior Ave",0,1,N/A
"May 28, 2017",Ohio,Cleveland,"1100 block of E 123rd",1,0,N/A
"May 28, 2017","District of Columbia",Washington,"5200 block of Dix Street NE",1,0,N/A
"May 28, 2017",Illinois,Chicago,"1700 block of N Narragansett",1,0,N/A
"May 28, 2017",Illinois,Chicago,"1600 block of S St. Louis",1,1,N/A
"May 28, 2017",California,"Los Angeles","S Western Ave  and W 60th Pl",1,0,N/A
"May 28, 2017",Oklahoma,Duncan,"1800 block of W Willow St",1,0,N/A
"May 28, 2017",California,"San Jose","148 E St John St",1,0,N/A
"May 28, 2017",Florida,Gainesville,"SW 67th Ter",1,0,N/A
"May 28, 2017","New Jersey",Camden,"7th Street and Line Street",1,0,N/A
"May 28, 2017",Wisconsin,Janesville,"100 block of S. Franklin Street",1,0,N/A
"May 28, 2017",Texas,Texarkana,"400 block of Lumpkin St",1,0,N/A
"May 28, 2017",California,Hollister,"Prune St and Park St",1,0,N/A
"May 28, 2017",Illinois,Peoria,"700 Block of E Kansas St",1,0,N/A
"May 28, 2017",Florida,Jacksonville,"1800 Newbolt Ct",1,1,N/A
"May 28, 2017",Wisconsin,Milwaukee,"Hopkins and Courtland",1,0,N/A
"May 28, 2017",California,"Los Angeles","4th Street and Vermont Avenue",1,1,N/A
"May 28, 2017",Virginia,Axton,"4261 Martin Dr",1,2,N/A
"May 28, 2017",Missouri,"Kansas City (Raytown)","10300 E State Rte 350",1,0,N/A
"May 28, 2017",Illinois,Peoria,"700 block of E Kansas St",1,0,N/A
"May 28, 2017",Georgia,"Atlanta (College Park)","2200 Godby Rd",1,0,N/A
"May 28, 2017",Arizona,Tucson,"1100 block of E. 32nd St",1,1,N/A
"May 28, 2017",Texas,Houston,"8800 block of Gustine Ln",1,1,N/A
"May 28, 2017",Texas,Houston,"Brownsville St and Beacon St",1,1,N/A
"May 28, 2017","North Carolina","High Point","1716 Candlewood Ct",1,0,N/A
"May 28, 2017",Pennsylvania,Philadelphia,"1900 block of East Clearfield Street",3,0,N/A
"May 28, 2017",Pennsylvania,Philadelphia,"North Wilton and Heston street",1,0,N/A
"May 28, 2017",Wisconsin,Milwaukee,"4819 N Teutonia Ave",1,0,N/A
"May 27, 2017","North Carolina",Charlotte,"5336 Docia Crossing Rd",1,0,N/A
"May 27, 2017","New York",Rochester,"1000 E River Rd",1,0,N/A
"May 27, 2017",Oklahoma,Bartlesville,"1400 block of SW Maple",2,0,N/A
"May 27, 2017",Georgia,Austell,"3087 Emery Cir",1,0,N/A
"May 27, 2017",California,"Los Angeles","77th and Main street",2,0,N/A
"May 27, 2017",Tennessee,Memphis,"Walnut St and Polk Ave",1,0,N/A
"May 27, 2017",Texas,Jefferson,"SR 134",1,1,N/A
"May 27, 2017",Florida,Miami,"14th Dr and 143rd St",1,1,N/A
"May 27, 2017",Ohio,Columbus,"1900 block of Maryland Ave",1,0,N/A
"May 27, 2017",Texas,"San Antonio","2030 Goliad Road",1,0,N/A
"May 27, 2017","North Carolina","New Bern","3202 Neuse Blvd",1,2,N/A
"May 27, 2017",Connecticut,Stratford,"Garibaldi Avenue",1,0,N/A
"May 27, 2017","North Carolina",Salisbury,"503 N Ellis St",1,0,N/A
"May 27, 2017",Louisiana,Metairie,"400 block of North Laurel Street",1,1,N/A
"May 27, 2017",California,Upland,"1300 block of E Foothill Blvd",1,0,N/A
"May 27, 2017",Minnesota,"Minneapolis (Fridley)","Osborne Rd",1,0,N/A
"May 27, 2017",Alabama,Mobile,"400 Block of Saint Francis St",1,1,N/A
"May 27, 2017",Arkansas,Morrilton,"1209 E Broadway St",1,0,N/A
"May 27, 2017",Florida,Miami,"1861 NW 22nd St",1,0,N/A
"May 27, 2017","New York",Jamaica,"120th Ave and 140th St",1,0,N/A
"May 27, 2017","South Carolina",Columbia,"930 Laurel St",1,0,N/A
"May 27, 2017",Arizona,Kingman,"2700 block of Potter Avenue",1,0,N/A
"May 27, 2017",Tennessee,Oneida,"Alberta Street",1,0,N/A
"May 27, 2017",Connecticut,Wallingford,N/A,1,0,N/A
"May 27, 2017",Connecticut,"New Haven","Dickerman Street",1,1,N/A
"May 27, 2017",Mississippi,Vicksburg,"200 block of Starlight Drive",1,0,N/A
"May 27, 2017",Virginia,Amherst,"1700 block of Grandma's Hill Road",0,0,N/A
"May 27, 2017",Mississippi,Jackson,"3800 block of Gammil St",1,1,N/A
"May 27, 2017",Massachusetts,Boston,"66 Hudson Street",1,0,N/A
"May 27, 2017","District of Columbia",Washington,"100 block of Q Street Northwest",1,7,N/A
"May 27, 2017",Illinois,Riverdale,"14000 block of South Atlantic Ave",1,0,N/A
"May 27, 2017",Florida,Jacksonville,"6300 block of North Raw Hyde Trail",1,2,N/A
"May 27, 2017",Pennsylvania,Mckeesport,"1803 Wesley St",1,0,N/A
"May 27, 2017","New Jersey",Newark,"15th and Fairmount avenue",1,1,N/A
"May 27, 2017",Illinois,"Mchenry (Holiday Hills)","1800 block of Davis Ave",1,0,N/A
"May 27, 2017",Arkansas,"Little Rock","4200 block of Asher Ave",1,0,N/A
"May 27, 2017","South Dakota",Kyle,"Sharps Rd and Big Foot Tr",1,0,N/A
"May 27, 2017",Wisconsin,Milwaukee,"54th St and Chambers St",1,0,N/A
"May 27, 2017",Wisconsin,Milwaukee,"29th and Vine Street",1,0,N/A
"May 27, 2017",Illinois,"Oak Park","11 Madison St",1,0,N/A
"May 27, 2017","New York",Brooklyn,"E 48th St and Snyder Ave",1,0,N/A
"May 27, 2017","New Jersey",Irvington,"400 block of Grove St",1,0,N/A
"May 27, 2017",Mississippi,"Bogue Chitto","2871 Lee Dr",8,1,N/A
"May 27, 2017",Missouri,"Kansas City","22nd St and Denver Ave",1,0,N/A
"May 27, 2017",Texas,Houston,"9600 block of Elmview",2,0,N/A
"May 27, 2017",Tennessee,Antioch,"Antioch Pike and McCall St",1,0,N/A
"May 27, 2017",Texas,"Fort Worth","6200 South Fwy",1,0,N/A
"May 27, 2017",Texas,Houston,"10000 block of Eastex Freeway",1,0,N/A
"May 27, 2017",Nevada,"Las Vegas","1818 Las Vegas Blvd N",1,0,N/A
"May 27, 2017","New Jersey",Paterson,"200 block of 16th Ave",1,0,N/A
"May 27, 2017",Oregon,Hermiston,"525 S.W. 13th Place",1,0,N/A
"May 27, 2017",Texas,Dallas,"4100 block of Easter Avenue",1,0,N/A
"May 27, 2017","North Carolina",Goldsboro,"235 Wayne Ave",1,0,N/A
"May 26, 2017",Tennessee,Nashville,"1408 Chester Ave",1,1,N/A
"May 26, 2017",Alabama,"Birmingham (Irondale)","1500 Block of Monticello Rd",1,0,N/A
"May 26, 2017",California,Arcadia,"N 1st Ave and E Colorado Blvd",1,1,N/A
"May 26, 2017",Texas,Weatherford,"200 block of Joyce St",1,0,N/A
"May 26, 2017",Pennsylvania,Chester,"2000 block of Madison St",1,0,N/A
"May 26, 2017","North Carolina","Morehead City","1800 block of North 20th Street",2,0,N/A
"May 26, 2017",Missouri,"Kansas City","26th St and Myrtle",1,0,N/A
"May 26, 2017",Tennessee,Memphis,"4700 block of Misty Moore Lane",1,0,N/A
"May 26, 2017",Tennessee,Memphis,"3071 St Charles Dr",1,0,N/A
"May 26, 2017",California,"Los Angeles","Gladys Ave",1,0,N/A
"May 26, 2017",California,Arcadia,"Colorado Boulevard and 1st Avenue",1,1,N/A
"May 26, 2017",Arizona,Tucson,"5401 South Park Avenue",1,0,N/A
"May 26, 2017",Idaho,"Twin Falls","146 Addison Avenue W",1,0,N/A
"May 26, 2017",California,Victorville,"15655 Roy Rogers Dr",1,0,N/A
"May 26, 2017",Arkansas,"West Helena","257 N Baringo St",1,0,N/A
"May 26, 2017","New Mexico",Albuquerque,"13000 block of Cedarbrook Ct NE",1,0,N/A
"May 26, 2017","New York",Brooklyn,"3708 West 36th Street",1,0,N/A
"May 26, 2017",Louisiana,"New Orleans","3400 block of Esplanade Avenue",1,0,N/A
"May 26, 2017",Kentucky,Frankfort,"1009 Holmes St",1,0,N/A
"May 26, 2017",Florida,"Fort Pierce","4500 block of Whispering Pines Ln",1,0,N/A
"May 26, 2017",Arkansas,Clarksville,N/A,1,0,N/A
"May 26, 2017",Texas,Houston,"9002 Sterlingshire St",1,0,N/A
"May 26, 2017",Arkansas,"Fort Smith","3200 block of Furman Avenue",3,0,N/A
"May 26, 2017",California,Arvin,"300 block of Laurel Ave",1,0,N/A
"May 26, 2017",Alabama,Birmingham,"4200 block of 51st Avenue North",1,0,N/A
"May 26, 2017",Maryland,Baltimore,"1800 block of Hope Street",1,0,N/A
"May 26, 2017",Tennessee,Nashville,"455 Swiss Ave",1,0,N/A
"May 26, 2017","South Carolina",Aiken,"826 Brant Ct NE",1,0,N/A
"May 26, 2017",Texas,"Spring Branch","10300 block of Rebecca Creek Road",1,0,N/A
"May 26, 2017",Missouri,"Saint Louis","Hamburg Ave and Gravois Ave",1,0,N/A
"May 26, 2017",Missouri,"Saint Louis","Natural Bridge Ave and Cora Ave",1,0,N/A
"May 26, 2017",Missouri,"Saint Louis","5000 block of Robin Ave",2,0,N/A
"May 26, 2017",California,Roseville,"Sunset Blvd W and Fiddyment Rd",1,0,N/A
"May 26, 2017",Georgia,Cairo,"500 block of Bond Road",1,0,N/A
"May 26, 2017","New Mexico","San Rafael",N/A,1,0,N/A
"May 26, 2017",Virginia,Richmond,"1900 block of Redd St",1,0,N/A
"May 26, 2017",Maryland,Baltimore,"1800 block of Hope St",1,0,N/A
"May 26, 2017","North Carolina",Charlotte,"900 E Stonewall St",1,0,N/A
"May 25, 2017",Alaska,Fairbanks,"Mitchell Expwy",1,0,N/A
"May 25, 2017",Ohio,Dayton,"3500 block of Dorham Pl",1,0,N/A
"May 25, 2017","New Jersey",Trenton,"100 block of North Hermitage Avenue",1,2,N/A
"May 25, 2017","North Carolina","Winston Salem (Winston-salem)","940 Manly St",1,0,N/A
"May 25, 2017",Missouri,"Saint Louis","4400 block of Red Bud Ave",1,0,N/A
"May 25, 2017",Indiana,"North Manchester","619 East 5th Street",1,1,N/A
"May 25, 2017",Florida,"San Mateo","734 S US Hwy 17",1,0,N/A
"May 25, 2017",Louisiana,"Bossier City","1100 block of Peach St",1,1,N/A
"May 25, 2017",Missouri,"Saint Louis","1100 block of Canaan Ave",1,1,N/A
"May 25, 2017",California,Richmond,"100 block of 20th St",1,0,N/A
"May 25, 2017",Florida,Largo,"10464 106th Ave N",1,0,N/A
"May 25, 2017","North Carolina",Raleigh,"2000 block of Bowman Ln",1,2,N/A
"May 25, 2017",Florida,"Winter Park","7001 Aloma Ave",1,0,N/A
"May 25, 2017",California,"Los Angeles","1200 block of W 93rd St",1,0,N/A
"May 25, 2017",Mississippi,"Tippah (county)",N/A,2,0,N/A
"May 25, 2017",Illinois,Chicago,"8200 block of S Escanaba",1,0,N/A
"May 25, 2017",Nevada,"Las Vegas","3770 Swenson St",1,1,N/A
"May 25, 2017",Texas,"Bay City","1600 block of Ave L",1,0,N/A
"May 25, 2017",Illinois,Chicago,"8100 Block of S Kimbark",1,1,N/A
"May 25, 2017",Missouri,"Saint Louis","3675 Dunn Rd",1,0,N/A
"May 25, 2017",Tennessee,Somerville,"Taylor Dr and Stuart Loop",1,2,N/A
"May 25, 2017",Texas,Arlington,"Cooper Street",1,1,N/A
"May 25, 2017",Colorado,Pueblo,"2300 block of Lake Avenue",1,0,N/A
"May 25, 2017",Missouri,"Kansas City","104th St and Holmes Rd",1,1,N/A
"May 25, 2017",California,Colton,"1430 E Cooley Dr",2,0,N/A
"May 25, 2017",Illinois,Chicago,"6500 Block of S Laflin",1,0,N/A
"May 24, 2017",Connecticut,Bridgeport,"Railroad Avenue",1,0,N/A
"May 24, 2017",Alabama,Mobile,"156 W I-65 Service Road",1,0,N/A
"May 24, 2017",Michigan,"South Haven","1173 Blue Star Hwy",1,0,N/A
"May 24, 2017",Oklahoma,"Oklahoma City","6670 NW 10 St",1,0,N/A
"May 24, 2017",Illinois,Rockford,"4th Street and 16th Avenue",1,0,N/A
"May 24, 2017","North Carolina",Gastonia,"Oakwood St",1,0,N/A
"May 24, 2017","North Carolina",Raeford,"Mockingbird Hill Rd and Heron Dr",1,0,N/A
"May 24, 2017","South Carolina",Sumter,"Miller Road",1,0,N/A
"May 24, 2017",Tennessee,Memphis,"5800 block of Foxdale Rd",1,2,N/A
"May 24, 2017",Nebraska,Omaha,"3802 Redick Ave",1,0,N/A
"May 24, 2017",Ohio,Canton,"1300 block of 22nd St NW",1,0,N/A
"May 24, 2017",Delaware,Wilmington,"1200 block of Elm St",1,0,N/A
"May 24, 2017",Maryland,"Windsor Mill","Liberty Rd and Liberty Pl",1,0,N/A
"May 24, 2017",Illinois,"Schiller Park","5900 block of W Lawrence Av",1,1,N/A
"May 24, 2017",Maryland,Baltimore,"400 block of South Payson Street",1,0,N/A
"May 24, 2017",Maryland,Baltimore,"1300 block of N. Calhoun Street",1,0,N/A
"May 24, 2017",California,Compton,"900 block of N Santa Fe Ave",1,2,N/A
"May 24, 2017",Florida,Hollywood,"Magnolia Ter",1,0,N/A
"May 24, 2017",Georgia,Stockbridge,"Kinsey Drive",1,0,N/A
"May 24, 2017","New Mexico",Albuquerque,"9000 Zuni Rd SE",1,0,N/A
"May 24, 2017",Illinois,Rockford,"3300 block of Sablewood Drive",1,0,N/A
"May 24, 2017",California,Pomona,"1000 block of E Mission Blvd",1,0,N/A
"May 24, 2017",Missouri,"Kansas City","57th and Bales",1,0,N/A
"May 24, 2017",Florida,Tampa,"1904 Columbus Dr",1,0,N/A
"May 24, 2017",Louisiana,"Lake Charles","1500 block of Fournet St",1,0,N/A
"May 24, 2017",Illinois,Chicago,"2600 block of West 54th St",1,0,N/A
"May 24, 2017",Illinois,"Chicago (Chicago Lawn)","6000 block of S Fairfield",1,0,N/A
"May 24, 2017",Maryland,"Fort Washington","12300 block of Asbury Drive",1,0,N/A
"May 24, 2017",Pennsylvania,Philadelphia,"900 block of 58th",1,0,N/A
"May 24, 2017",Alabama,"Alexander City","Pineywoods Road",1,0,N/A
"May 24, 2017",Texas,Llano,"109 W. Main Street",1,0,N/A
"May 24, 2017",Pennsylvania,Frackville,"N 3rd St",1,0,N/A
"May 24, 2017",Florida,"Lehigh Acres","815 Alido Avenue",1,0,N/A
"May 24, 2017",Virginia,Norfolk,"500 block of Walker Ave",1,0,N/A
"May 24, 2017","New York",Brooklyn,"130 Moore St",1,0,N/A
"May 24, 2017",Illinois,Chicago,"7700 block of South Marquette",1,0,N/A
"May 24, 2017",Alabama,"Phenix City","Abercrombie Road and Masons Road",1,0,N/A
"May 24, 2017",Wisconsin,Milwaukee,"47th and Brentwood",1,1,N/A
"May 24, 2017",Illinois,Cicero,"1400 Block of S 49th Ct",1,0,N/A
"May 24, 2017",Florida,Miami,"406 NW 85th St",1,0,N/A
"May 24, 2017","New Mexico",Albuquerque,"7100 block of Pan American Fwy NE",1,1,N/A
"May 23, 2017",Alabama,Dothan,"620 6th Avenue",1,0,N/A
"May 23, 2017",Tennessee,Murfreesboro,"2707 S Rutherford Blvd",1,0,N/A
"May 23, 2017",Tennessee,Nashville,"2400 block of 25th Ave N",1,0,N/A
"May 23, 2017",Virginia,Norfolk,"9000 block of 1st View St",1,0,N/A
"May 23, 2017",Georgia,Milledgeville,"405 Sparta Highway",1,0,N/A
"May 23, 2017",Alabama,Madison,"2002 Flagstone Dr",1,0,N/A
"May 23, 2017",California,"Los Angeles","9th Street and McKinley Avenue",1,1,N/A
"May 23, 2017",Nevada,Pahrump,"100 block of N Leslie St",1,0,N/A
"May 23, 2017",Arizona,Glendale,"5200 Block of W Northern Ave",2,0,N/A
"May 23, 2017",Tennessee,Knoxville,"2200 block of Hay Meadow Trail",1,0,N/A
"May 23, 2017",Kentucky,Louisville,"Southern Avenue and Hemlock Street",1,0,N/A
"May 23, 2017",Tennessee,Nashville,"500 block of S 8th St",2,0,N/A
"May 23, 2017",Florida,Miami,"20300 Block of SW 122nd Ave",1,0,N/A
"May 23, 2017",Texas,Kirbyville,"100 E Wildcat Dr",1,0,N/A
"May 23, 2017",California,"San Francisco","3700 block of Cork Pl",1,0,N/A
"May 23, 2017",Arkansas,"Star City","1000 block of Co Rd 4",1,0,N/A
"May 23, 2017",Pennsylvania,Pittsburgh,"N Atlantic Ave",1,0,N/A
"May 23, 2017",California,Bloomington,"10600 block of Dumond Ave",1,0,N/A
"May 23, 2017",Indiana,Evansville,"400 block of S Morton Ave",1,0,N/A
"May 23, 2017",Indiana,Gary,"2400 block of Pierce St",1,0,N/A
"May 23, 2017",Illinois,"Chicago (Englewood)","700 block of W Marquette",1,0,N/A
"May 23, 2017",California,Mendocino,"42900 block of Caspar Little Lake Rd",1,0,N/A
"May 23, 2017",Louisiana,Shreveport,"4223 Lakeshore Dr",1,0,N/A
"May 23, 2017",Nevada,Laughlin,"2900 S. Casino Drive",1,0,N/A
"May 23, 2017",California,Oakland,"2100 block of Fruitvale Ave",1,0,N/A
"May 23, 2017",Illinois,Markham,"16300 block of Sawyer Ave",1,0,N/A
"May 23, 2017",Illinois,Chicago,"9800 block of South Avenue H",1,0,N/A
"May 23, 2017",Texas,Houston,"5500 block of De Soto St",1,0,N/A
"May 23, 2017",Pennsylvania,Philadelphia,"200 block of Widener St",1,0,N/A
"May 23, 2017",Washington,Seattle,"2768 Alki Ave SW",1,0,N/A
"May 23, 2017",Pennsylvania,Philadelphia,"5500 block of Heiskell St",1,2,N/A
"May 23, 2017",Illinois,Carlock,I-74,1,0,N/A
"May 23, 2017",Ohio,Cleveland,"Colonnade and Euclid",1,0,N/A
"May 23, 2017",Texas,Alvin,"3684 FM 517 Rd",1,0,N/A
"May 23, 2017",Florida,Miami,"NW 25th Ave and 82nd St",1,0,N/A
"May 23, 2017",Nevada,"Las Vegas","2100 block of East St. Louis Ave",1,0,N/A
"May 22, 2017",Missouri,Columbia,"1304 Dawn Ridge Rd",1,0,N/A
"May 22, 2017",Illinois,Chicago,"8400 Block of S Hermitage",1,0,N/A
"May 22, 2017",Georgia,Augusta,"501 E Boundary",1,1,N/A
"May 22, 2017","South Carolina","Fountain Inn","Tifton Court",1,0,N/A
"May 22, 2017",Idaho,"Mountain Home",N/A,1,0,N/A
"May 22, 2017",Illinois,"Chicago Heights","1600 block of Aberdeen St",1,0,N/A
"May 22, 2017",Kentucky,Lexington,"1100 block of Anderson Street",1,0,N/A
"May 22, 2017",Oklahoma,"Broken Arrow","91st and 241st E Ave",3,0,N/A
"May 22, 2017",Ohio,Findlay,"1809 S Main St",1,0,N/A
"May 22, 2017","District of Columbia",Washington,"3900 block of Pennsylvania Avenue SE",1,0,N/A
"May 22, 2017",Michigan,Sparta,"8955 Sparta Ave. NW",1,1,N/A
"May 22, 2017",Massachusetts,Chelsea,"74 Warren Ave",1,0,N/A
"May 22, 2017",Maryland,Baltimore,"1700 block of Abbotston Street",1,0,N/A
"May 22, 2017",Virginia,Richmond,"100 Greshamwood Pl",1,0,N/A
"May 22, 2017",Maryland,Baltimore,"5100 block of York Rd",1,0,N/A
"May 22, 2017",California,"Los Angeles","2415 Trinity St",1,0,N/A
"May 22, 2017",Indiana,Gary,"2101 Virginia St",1,0,N/A
"May 22, 2017",Minnesota,Minneapolis,"Ilion Avenue North and Broadway",1,0,N/A
"May 22, 2017",Michigan,"Trenton (Woodhaven)","25010 Marsh Creek Blvd",3,0,N/A
"May 22, 2017",Illinois,Harvey,"14800 block of Lincoln Ave",1,0,N/A
"May 22, 2017",Ohio,Cincinnati,"900 block of Churchhill Ave",1,0,N/A
"May 22, 2017",Missouri,"Saint Louis","2200 Lucas and Hunt Rd",1,1,N/A
"May 22, 2017",Mississippi,Pascagoula,"Martin Street",1,0,N/A
"May 22, 2017",California,Sacramento,"3900 block of Lilly Street",1,1,N/A
"May 22, 2017",Ohio,"Cleveland (Pepper Pike)","Fairmount Blvd and Fairwood Dr",1,0,N/A
"May 22, 2017",Ohio,Dayton,"N James H McGee Blvd and Edison St",1,0,N/A
"May 22, 2017",California,Bakersfield,"1000 block of Olive Drive",1,0,N/A
"May 22, 2017",California,Porterville,"400 block of S Main St",1,0,N/A
"May 22, 2017",Kentucky,Lexington,"1081 S Broadway",1,1,N/A
"May 22, 2017",Texas,Arlington,"6400 block of Treepoint Drive",1,1,N/A
"May 22, 2017",Georgia,"Social Circle","Clegg Farm Road",2,0,N/A
"May 22, 2017",Idaho,Orofino,"12732 Laqa Avenue",1,0,N/A
"May 22, 2017",Missouri,"Saint Louis","2000 block of Chippewa St",1,1,N/A
"May 22, 2017",Illinois,"Chicago (Englewood)","200 block of W 59th St",1,0,N/A
"May 22, 2017",Florida,Arcadia,"1650 Hargrave St",1,0,N/A
"May 22, 2017",Kansas,Independence,"24th St and Laurel St",1,0,N/A
"May 22, 2017",Oklahoma,Ardmore,"55 Shadow Ln",1,0,N/A
"May 22, 2017","New York","Mount Vernon","210 Washington St",1,0,N/A
"May 22, 2017",Illinois,Woodridge,"7700 block of Fox Dr",2,1,N/A
"May 22, 2017",Pennsylvania,Pittsburgh,"Kelly St",1,0,N/A
"May 22, 2017",Michigan,Detroit,"Pilgrim and Kentucky street",1,0,N/A
"May 22, 2017",Montana,Missoula,"1540 Toole Ave",1,0,N/A
"May 22, 2017",Nevada,"Las Vegas","7300 block of S Pecos Rd",2,0,N/A
"May 22, 2017",Nevada,"Las Vegas","3575 E Lake Mead",1,0,N/A
"May 21, 2017",Michigan,Detroit,"Burdeno and Sloan streets",1,0,N/A
"May 21, 2017",Kansas,Manhattan,"2800 block of Nelson's Landing",1,1,N/A
"May 21, 2017",Florida,Leesburg,"2924 Poplar Ave",1,0,N/A
"May 21, 2017","West Virginia",Dunbar,"700 Roxalana Hills Dr",1,0,N/A
"May 21, 2017",Pennsylvania,Whitehall,"4117 Main St",1,1,N/A
"May 21, 2017",Illinois,Chicago,"100 block of N Parkside",1,1,N/A
"May 21, 2017","North Carolina",Lumberton,Jacquelyn,1,0,N/A
"May 21, 2017",Mississippi,Tupelo,"320 Monument Drive",1,0,N/A
"May 21, 2017",Indiana,Evansville,"1100 block of Washington Av",1,0,N/A
"May 21, 2017",Michigan,Kalamazoo,"1300 block of N Burdick",1,1,N/A
"May 21, 2017",California,Riverside,"3502 Adams St",1,0,N/A
"May 21, 2017",Georgia,Atlanta,"320 Fairburn Road",1,0,N/A
"May 21, 2017",California,Tustin,"600 block of West Main Street",1,0,N/A
"May 21, 2017",Tennessee,Nashville,"1001 Thompson Pl",1,0,N/A
"May 21, 2017",Georgia,"Atlanta (East Point)","2900 block of Pearl Street",1,0,N/A
"May 21, 2017",Illinois,"Elk Grove Village","1000 block of W Devon",1,0,N/A
"May 21, 2017",Iowa,"Des Moines","4300 Beaver Dr",1,3,N/A
"May 21, 2017",Georgia,Decatur,"Harvest Hill Ct",1,0,N/A
"May 21, 2017",Kentucky,Louisville,"2100 block of W Madison St",1,0,N/A
"May 21, 2017",Texas,"De Kalb","900 block of CR 4106",1,0,N/A
"May 21, 2017",Kansas,Wichita,"8th and Glendale",2,0,N/A
"May 21, 2017",Texas,Dallas,"9125 E R L Thornton Fwy",1,1,N/A
"May 21, 2017",Maryland,Baltimore,"5100 block of Park Heights Ave",1,0,N/A
"May 21, 2017",Louisiana,Converse,"Desoto St and Armour St",1,0,N/A
"May 21, 2017",Delaware,Wilmington,"3200 block of Champions Drive",1,0,N/A
"May 21, 2017",Maryland,Baltimore,"300 block of Collins Ave",1,0,N/A
"May 21, 2017","New York",Brooklyn,"43rd St",1,0,N/A
"May 21, 2017",Alabama,"Bessemer (Brighton)",N/A,1,1,N/A
"May 21, 2017",California,Bakersfield,"3101 Coventry Dr",2,0,N/A
"May 21, 2017",Arizona,Phoenix,"4000 block of E Lynne Ln",1,0,N/A
"May 21, 2017",Florida,Jacksonville,"2000 Block of W 10th St",1,0,N/A
"May 21, 2017",Missouri,"Saint Louis","Salena St and Miami St",1,0,N/A
"May 21, 2017",Missouri,"Saint Louis","Virginia Ave and Itaska St",1,0,N/A
"May 21, 2017",California,"San Bernardino","Magnolia Ave and Flores St",1,0,N/A
"May 21, 2017",Wisconsin,Ontario,"Pisgah Road",1,0,N/A
"May 21, 2017",Pennsylvania,"Harrisburg (Steelton)","Conestoga St and Bailey St",1,0,N/A
"May 21, 2017",Alabama,"Tuscaloosa (county)","1700 block of 41st Avenue NE",1,0,N/A
"May 21, 2017",Florida,Ocala,"Marion Oaks Ln and SW 39th Circle",1,0,N/A
"May 21, 2017",Illinois,Chicago,"4900 block of W Hubbard",1,2,N/A
"May 21, 2017",Arkansas,Jacksonville,"1700 block of Leonard Drive",2,0,N/A
"May 21, 2017",Illinois,Chicago,"2700 block of W 55th St",1,0,N/A
"May 21, 2017",Illinois,Dolton,"15000 block of Lincoln Ave",1,0,N/A
"May 21, 2017",Texas,Dallas,"3333 Marvin D Love Fwy",1,0,N/A
"May 21, 2017",Virginia,Norfolk,"E Ocean View Ave and Warwick Ave",1,0,N/A
"May 21, 2017",Pennsylvania,Pittsburgh,"1321 E Carson St",1,0,N/A
"May 21, 2017","New Mexico",Carlsbad,"300 block of Montclair St",1,0,N/A
"May 21, 2017",Missouri,"Saint Louis","4200 block of Neosho St",1,0,N/A
"May 21, 2017",Virginia,Norfolk,"1300 block of Lead Street",1,0,N/A
"May 21, 2017",Missouri,"Saint Louis","100 block of Shepley Dr",1,0,N/A
"May 21, 2017",Texas,"Houston (Nassau Bay)","18300 block of Carriage Lane",2,0,N/A
"May 21, 2017",Wisconsin,Appleton,"535 W. College Ave",1,1,N/A
"May 21, 2017",Virginia,"Spotsylvania (county)","7200 block of Young Lane",1,0,N/A
"May 20, 2017",Oklahoma,Tulsa,"2530 E 37th St N",1,0,N/A
"May 20, 2017","New York",Buffalo,"Ashley and Quincy Streets",1,0,N/A
"May 20, 2017","North Carolina",Lexington,"1000 block of Burkhart Rd",1,1,N/A
"May 20, 2017","New York",Bronx,"West 176 St and Andrews Ave",1,0,N/A
"May 20, 2017",Texas,Brownwood,"300 block of North Greenleaf Street",1,0,N/A
"May 20, 2017",Colorado,"Colorado Springs","5600 block of Vermillion Bluffs Dr",1,0,N/A
"May 20, 2017",Connecticut,Waterbury,N/A,1,0,N/A
"May 20, 2017",California,"San Francisco","100 Block of Alhambra St",1,0,N/A
"May 20, 2017",Indiana,Indianapolis,"6000 block of Beachview Dr",1,0,N/A
"May 20, 2017",Arkansas,Searcy,"800 block of East Moore",1,0,N/A
"May 20, 2017",Michigan,Detroit,"5800 block of Woodhall St",1,1,N/A
"May 20, 2017",Indiana,"South Bend","3419 W Washington St",1,0,N/A
"May 20, 2017",Florida,Okeechobee,"3051 FL-60",1,0,N/A
"May 20, 2017",Illinois,"Loves Park","5700 block of Park Ridge Rd",1,0,N/A
"May 20, 2017","South Carolina",Florence,"S Church St",1,1,N/A
"May 20, 2017",Colorado,Erie,"1973 Gordon Ct",1,0,N/A
"May 20, 2017",Texas,Bruceville,"17380 S Interstate Hwy 35",2,0,N/A
"May 20, 2017","South Carolina",Laurens,"200 block of Winetta St",2,0,N/A
"May 20, 2017",Texas,Houston,"16457 El Camino Real",1,0,N/A
"May 20, 2017",Indiana,Indianapolis,"2117 W Washington Street",1,0,N/A
"May 20, 2017",Illinois,Skokie,"4967 Old Orchard Shopping Center",1,0,N/A
"May 20, 2017",California,Pleasanton,"Touriga Drive and Burgundy Drive",1,0,N/A
"May 20, 2017",Texas,Vernon,"1117 Houston St",1,0,N/A
"May 20, 2017",Texas,"Royse City","11000 block of CR 2475",1,0,N/A