"Incident Date",State,"City Or County",Address,"# Killed","# Injured",Operations
"March 31, 2017",Texas,Houston,"3203 S Dairy Ashford Rd",1,0,N/A
"March 31, 2017",Alabama,Birmingham,"3000 block of 15th Street",2,0,N/A
"March 31, 2017",Texas,"Prairie View","Dooley Street and Bledsoe Street",1,2,N/A
"March 31, 2017",Illinois,Berwyn,"3100 block of South Oak Park Av",2,0,N/A
"March 31, 2017",Michigan,"Clinton Township (Charter Twp Of Clinton)","Lipke St and 15 Mile Rd",1,1,N/A
"March 31, 2017",Texas,Houston,"5403 Bungalow Lane",1,0,N/A
"March 31, 2017","New York","Staten Island","Morning Star Road and Kalver Place",1,0,N/A
"March 31, 2017","South Carolina","North Charleston","E Montague Ave and Independent Ave",1,1,N/A
"March 31, 2017",California,"Los Angeles","3100 block of 8th Ave",1,0,N/A
"March 31, 2017",Georgia,Decatur,"2929 Panthersville Road",1,0,N/A
"March 31, 2017",Ohio,Toledo,"Seaman Rd",1,0,N/A
"March 31, 2017",California,Pasadena,"200 block of West Washington Boulevard",1,0,N/A
"March 31, 2017",California,Vallejo,"Marin St and Pennsylvania St",1,0,N/A
"March 31, 2017",Michigan,Saginaw,"3115 Willow Lane",1,0,N/A
"March 31, 2017",Kentucky,Spottsville,"6808 Old Henderson Spottsville Road",2,0,N/A
"March 31, 2017",Ohio,Columbus,"2932 Noe Bixby Rd",1,0,N/A
"March 31, 2017","New Jersey",Newark,"400 block of Hawthorne Ave",1,1,N/A
"March 31, 2017","South Carolina","North Augusta","Buena Vista Ave",1,0,N/A
"March 31, 2017",Arkansas,Marianna,"California Street",1,0,N/A
"March 31, 2017",Indiana,Indianapolis,"900 block of Pershing Av",1,0,N/A
"March 31, 2017",Texas,Hockley,"Clear Creek Rd",1,0,N/A
"March 31, 2017",Illinois,Chicago,"8700 block of South Saginaw Av",1,0,N/A
"March 31, 2017",California,Fontana,"8471 Cherry Ave",1,0,N/A
"March 31, 2017","South Carolina",Spartanburg,"228 Cedar Springs Rd",1,0,N/A
"March 30, 2017",Arizona,Avondale,"11425 W Buckeye Rd",1,0,N/A
"March 30, 2017",Minnesota,"Grand Rapids","1300 block of 4th Street Southeast",1,1,N/A
"March 30, 2017",Washington,Longview,"900 block of 8th Ave",2,0,N/A
"March 30, 2017","New York","Poland (Russia)","Military Rd",2,0,N/A
"March 30, 2017",Texas,"San Antonio","7400 block of Clint Ln",1,0,N/A
"March 30, 2017",Florida,"Satellite Beach (Indian Harbour Beach)","900 block of Bluewater Dr",2,0,N/A
"March 30, 2017",Texas,Houston,"300 Heights Blvd",1,0,N/A
"March 30, 2017",Illinois,Chicago,"7500 block of S Luella",1,0,N/A
"March 30, 2017","New Jersey",Cranbury,"NJ Turnpike",1,0,N/A
"March 30, 2017",Pennsylvania,"Braddock (Rankin)","Kenmawr Ave",1,0,N/A
"March 30, 2017",Missouri,Belton,"1500 block of N Scott Ave",1,1,N/A
"March 30, 2017",Michigan,"Grand Rapids","1300 block of 4th Ave SE",1,1,N/A
"March 30, 2017",Texas,Longview,"900 block of 8th Ave",2,0,N/A
"March 30, 2017",Georgia,Tucker,"Highway 78 and Mountain Industrial Blvd",1,0,N/A
"March 30, 2017",Kentucky,Louisville,"South 38th Street and Grand Avenue",1,0,N/A
"March 30, 2017",Tennessee,Memphis,"Latham St and Mallory Ave",1,0,N/A
"March 30, 2017",Florida,Fountain,"Sandy Mountain Church Rd",1,0,N/A
"March 30, 2017",Maryland,Baltimore,"3500 block of Wabash Ave",1,0,N/A
"March 30, 2017",Virginia,Grundy,"1418 Deel Fork Road",2,0,N/A
"March 30, 2017",Virginia,Petersburg,"701 S Crater Rd",1,0,N/A
"March 30, 2017",Tennessee,Chattanooga,"3500 block of Clio Ave",1,1,N/A
"March 30, 2017",California,Compton,"400 block of N Wilmington Ave",1,0,N/A
"March 30, 2017",Illinois,Chicago,"2704 E 75th St",4,0,N/A
"March 30, 2017",Wisconsin,Cadott,"9864 Boulevard Rd",1,0,N/A
"March 30, 2017",Louisiana,Coushatta,"Riddle St",1,0,N/A
"March 30, 2017",Massachusetts,Peabody,"19 Magnolia Way",0,0,N/A
"March 30, 2017",Alabama,Huntsville,"1300 block of Halsey Avenue",1,0,N/A
"March 30, 2017","South Carolina",Lugoff,"40 Bouleware Road",2,1,N/A
"March 30, 2017",Florida,Orlando,"12132 Bellsworth Way",1,0,N/A
"March 30, 2017",Texas,Amarillo,"900 N Hayden St",1,0,N/A
"March 30, 2017",Washington,Burlington,"104 Heritage Pl",1,0,N/A
"March 30, 2017",Ohio,Canton,"529 Smith Ave NW",4,0,N/A
"March 30, 2017",Utah,"Salt Lake City","731 S 300 E",1,1,N/A
"March 30, 2017","South Carolina",Columbia,"7300 block of Patterson Rd",1,0,N/A
"March 30, 2017",Texas,Houston,"13203 Robinglen Drive",1,0,N/A
"March 30, 2017",Illinois,Chicago,"7000 block of S South Shore Dr",2,0,N/A
"March 30, 2017",Kansas,"Kansas City","2200 block of Glendale Ave",1,0,N/A
"March 29, 2017",Oklahoma,"Byars (Rosedale)","3rd and Byars",1,0,N/A
"March 29, 2017",Kentucky,Lawrenceburg,"Red Wing Way",1,0,N/A
"March 29, 2017",Texas,Dallas,"4700 block of S Denley Dr",1,0,N/A
"March 29, 2017",Wisconsin,Milwaukee,"4209 W. Silver Spring Drive",1,0,N/A
"March 29, 2017",Georgia,Duluth,"Hailston Drive",1,0,N/A
"March 29, 2017","North Carolina",Rolesville,"200 block of Tortuga Street",1,0,N/A
"March 29, 2017",Pennsylvania,Philadelphia,"56th and Whitby Ave",1,0,N/A
"March 29, 2017",Kentucky,"Paint Lick","675 Guynn Road",1,1,N/A
"March 29, 2017",Virginia,Norfolk,"Lead St",1,0,N/A
"March 29, 2017",California,"San Francisco","Broad Street and Plymouth Avenue",1,2,N/A
"March 29, 2017","North Carolina","Gaston (county)","100 block of North Woodcliff Lane",1,0,N/A
"March 29, 2017","New York",Bronx,"3110 Bainbridge Ave",1,0,N/A
"March 29, 2017",Mississippi,Jackson,"1436 Peach Pl",1,2,N/A
"March 29, 2017",Tennessee,Memphis,"3900 block of Camelot",1,0,N/A
"March 29, 2017",Texas,Bruceville,"Lowry Ln",1,0,N/A
"March 29, 2017",Colorado,Rifle,"2600 block of Acacia Ave",1,0,N/A
"March 29, 2017",Illinois,Stockton,"W Front Av and Blackhawk Dr",1,0,N/A
"March 29, 2017",Nevada,"Las Vegas","4656 Van Buren Ave",1,0,N/A
"March 29, 2017",Florida,Kissimmee,"2187 Jessa Dr",1,0,N/A
"March 29, 2017",Florida,"Port Charlotte","1187 Desmond St",1,0,N/A
"March 29, 2017",Kentucky,Louisville,"500 block of Dr. W J Hodge Street",1,0,N/A
"March 29, 2017",Florida,Miami,"1300 NW 63rd Terrace",1,0,N/A
"March 29, 2017",Indiana,Indianapolis,"4600 block of E Pleasant Run Parkway",1,0,N/A
"March 29, 2017",Texas,Windom,US-82,1,0,N/A
"March 29, 2017","North Carolina",Laurinburg,"304 Tuskeegee Drive",1,2,N/A
"March 29, 2017",Mississippi,Philadelphia,"Lewis Avenue",1,0,N/A
"March 29, 2017",California,"Los Angeles (Watts)","107th St and Lou Dillon Ave",1,0,N/A
"March 29, 2017",Illinois,Chicago,"7909 South Phillips",1,0,N/A
"March 29, 2017",Michigan,"Grand Rapids","100 block of Putnam St SW",1,0,N/A
"March 29, 2017",California,"Desert Hot Springs","66100 block of 6th St",1,0,N/A
"March 29, 2017",Michigan,Detroit,"19200 Block of Margareta St",1,1,N/A
"March 29, 2017",Tennessee,Chattanooga,"300 block of Shawnee Trl",1,0,N/A
"March 29, 2017",Illinois,"Chicago (Roseland)","11000 block of South Edbrooke",1,0,N/A
"March 29, 2017",Kentucky,"Lewis (county)",N/A,1,0,N/A
"March 29, 2017",California,Oakland,"9500 block of MacArthur Blvd",1,0,N/A
"March 29, 2017",Florida,"West Palm Beach","5865 Haverhill Rd",2,1,N/A
"March 29, 2017",Maryland,Baltimore,"2900 block of W. Belvedere Ave",1,0,N/A
"March 29, 2017",Illinois,Chicago,"5100 block of West Chicago Av",1,0,N/A
"March 29, 2017","New Jersey","Jersey City","Van Horne St",1,0,N/A
"March 29, 2017",Alabama,"Birmingham (Center Point)","2400 block of Ormand Dr",1,1,N/A
"March 29, 2017","New York",Jamaica,"126-19 Merrick Blvd",1,1,N/A
"March 29, 2017",Virginia,Richmond,"1900 block of Accommodation St",2,1,N/A
"March 29, 2017",Alabama,"Phenix City","16th Street",1,0,N/A
"March 29, 2017",Texas,"San Antonio","6700 block of Walzem Rd",1,0,N/A
"March 29, 2017",Kentucky,Louisville,"1700 block of Bolling Ave",1,1,N/A
"March 29, 2017",Texas,Savoy,"FM 1752",1,0,N/A
"March 28, 2017",California,Bakersfield,"Pacific St and Miller St",1,0,N/A
"March 28, 2017","North Carolina",Charlotte,"1800 block of Catherine Simmons Avenue",1,0,N/A
"March 28, 2017",Indiana,"Michigan City","Grace St and Holliday St",1,1,N/A
"March 28, 2017",Kentucky,Louisville,"2601 W Broadway",1,0,N/A
"March 28, 2017",Alabama,Bessemer,"100 block of Ray St",1,0,N/A
"March 28, 2017",Florida,"West Palm Beach","Grant Ave and Tamarind Ave",1,0,N/A
"March 28, 2017",California,"Kern (county)","Back Canyon Rd and Caliente Creek Rd",1,0,N/A
"March 28, 2017",Arizona,Glendale,"55th Ave and Camelback Rd",1,0,N/A
"March 28, 2017",Missouri,Kirksville,"800 block of E Jefferson St",1,0,N/A
"March 28, 2017","District of Columbia",Washington,"2100 block of Alabama Ave SE",1,1,N/A
"March 28, 2017",Ohio,Dayton,"3000 block of Wexford Pl",1,0,N/A
"March 28, 2017",Nebraska,Omaha,"20th St and Miami St",1,2,N/A
"March 28, 2017",Florida,Orlando,"1466 Mercury Dr",1,0,N/A
"March 28, 2017","New Hampshire",Manchester,"534 Douglas St",1,0,N/A
"March 28, 2017","New Jersey","Jersey City","Union St",1,0,N/A
"March 28, 2017",Florida,Orlando,"5528 Cinderland Pkwy",1,0,N/A
"March 28, 2017",Alabama,"Alexander City","Robinson Rd",1,0,N/A
"March 28, 2017","North Carolina",Aulander,"800 Block of Charles Taylor Rd",1,0,N/A
"March 28, 2017",Pennsylvania,Elizabethtown,"990 Hershey Road",2,0,N/A
"March 28, 2017",Kentucky,"Louisville (Anchorage)","1500 block of Ridge Court",2,0,N/A
"March 28, 2017",Georgia,Augusta,"250 Fox Trace Drive",1,0,N/A
"March 28, 2017",Louisiana,Shreveport,"2700 block of Southern Ave",1,0,N/A
"March 28, 2017",California,"Sacramento (county)","8200 block of Coed Ln",1,0,N/A
"March 28, 2017",Indiana,Francesville,"US 421",1,0,N/A
"March 28, 2017",Texas,Mexia,"3400 block of North FM 39",1,0,N/A
"March 28, 2017",Michigan,Manistee,"400 block of 2nd St",1,0,N/A
"March 28, 2017",Connecticut,Hartford,"265 Washington St",1,0,N/A
"March 28, 2017",Texas,"Pittsburg (Lafayette)","14000 block of FM 1975",1,0,N/A
"March 28, 2017",Tennessee,Nashville,"600 block of S Eighth St",1,0,N/A
"March 28, 2017",Delaware,Wilmington,"2300 block of North Claymont Street",1,0,N/A
"March 28, 2017",Nevada,Sparks,"Pyramid Hwy",1,0,N/A
"March 28, 2017",Virginia,Hampton,"Quash St and Foley St",1,0,N/A
"March 28, 2017",Massachusetts,Springfield,"145 Johnson St",1,0,N/A
"March 28, 2017",Louisiana,Shreveport,"3000 Block of Terry St",1,0,N/A
"March 28, 2017",Texas,"Fort Worth","10200 block of Cool Spring Dr",1,1,N/A
"March 28, 2017",Texas,Rockport,"21300 block of US-281",1,1,N/A
"March 28, 2017",Pennsylvania,"Pittsburgh (Penn Hills)","250 Aster Street",1,0,N/A
"March 28, 2017","North Carolina","Hoke (county)",N/A,1,0,N/A
"March 28, 2017",Missouri,"Saint Louis (Ladue)","10275 Clayton Rd",1,1,N/A
"March 28, 2017",Arkansas,"Little Rock","1314 W 19th Street",1,0,N/A
"March 27, 2017","North Carolina","Winston Salem (Winston-Salem)","903 Rich Avenue",1,1,N/A
"March 27, 2017","North Carolina",Enfield,"Bell St",1,2,N/A
"March 27, 2017",California,Victorville,"Sunny Vista and Olivine road",1,0,N/A
"March 27, 2017",Michigan,Detroit,"8100 block of Mettetal",2,0,N/A
"March 27, 2017",California,Montebello,"820 N Garfield Ave",1,0,N/A
"March 27, 2017",Oklahoma,"Broken Arrow","9176 S. Clearview Drive",3,0,N/A
"March 27, 2017",Oregon,"Sweet Home","1600 block of 13th Ave",1,0,N/A
"March 27, 2017",Mississippi,Mathiston,"Hwy 82 E",1,1,N/A
"March 27, 2017",Maryland,Baltimore,"2435 Reisterstown Rd",1,0,N/A
"March 27, 2017",Oklahoma,Tulsa,"5310 S Peoria Ave",1,0,N/A
"March 27, 2017",Florida,"Boynton Beach","1613 SW 3rd Street",1,0,N/A
"March 27, 2017","New York",Bronx,"965 Tinton Avenue",1,0,N/A
"March 27, 2017",Florida,Orlando,"Kitty Hawk Ave",1,0,N/A
"March 27, 2017",Tennessee,Lewisburg,"1300 S Ellington Pkwy",1,1,N/A
"March 27, 2017",Tennessee,Antioch,"325 Blue Lake Circle",1,0,N/A
"March 27, 2017",Massachusetts,Lynn,"28 Bowler St",1,0,N/A
"March 27, 2017",Missouri,"Saint Louis","2306 Chambers Rd",1,0,N/A
"March 27, 2017",Indiana,"Fort Wayne","914 Kensington Blvd",3,0,N/A
"March 27, 2017",Indiana,Indianapolis,"3700 block of E Pleasant Run Parkway North Dr",1,0,N/A
"March 27, 2017",California,"San Francisco","Hyde and Ellis Streets",1,0,N/A
"March 27, 2017",Ohio,Akron,"Richmond St",1,0,N/A
"March 27, 2017",Arkansas,Jonesboro,"400 block of North Allis Street",1,0,N/A
"March 27, 2017","South Carolina",Anderson,"Cloverhill Drive",1,0,N/A
"March 27, 2017",Tennessee,Memphis,"4900 block of Devonshire Ave",1,0,N/A
"March 27, 2017",California,Oxnard,"400 block of N Bonita Ave",1,0,N/A
"March 27, 2017",Ohio,Columbus,"1405 N Cassady Av",1,0,N/A
"March 27, 2017",Michigan,Detroit,"6598 Cadet St",1,0,N/A
"March 27, 2017",Florida,"Palm Beach Gardens (Riviera Beach)","1500 Australian Ave",1,1,N/A
"March 27, 2017",Michigan,Warren,"23000 block of Stewart St",1,0,N/A
"March 27, 2017",Maryland,Gaithersburg,"10022 Stedwick Road",1,0,N/A
"March 27, 2017",California,Oakland,"9100 block of Date St",1,0,N/A
"March 27, 2017",Louisiana,"New Orleans","5100 block of Eastern Street",1,0,N/A
"March 27, 2017",Pennsylvania,Philadelphia,"5900 block of Larchwood Ave",1,0,N/A
"March 27, 2017",California,Huron,"Tornado Ave and Lassen Ave",1,1,N/A
"March 27, 2017",Indiana,Indianapolis,"1000 block of S. Emerson Avenue",1,0,N/A
"March 27, 2017",Missouri,"Saint Louis","10600 block of Dunkeld Cir",2,0,N/A
"March 27, 2017",Florida,Sanford,"209 Hays Dr",2,4,N/A
"March 27, 2017",Georgia,Conyers,"Salem Church Road",1,0,N/A
"March 27, 2017","South Carolina","Beech Island","200 block of Cary Drive",1,0,N/A
"March 27, 2017",Texas,Houston,N/A,1,0,N/A
"March 27, 2017",Ohio,Canton,"400 block of Arlington Ave NW",1,1,N/A
"March 27, 2017",Ohio,Lima,"111 Cam Ct",1,0,N/A
"March 27, 2017",California,Tulare,"20800 block of Road 84",1,0,N/A
"March 27, 2017",California,"Desert Hot Springs","Cactus Dr",1,0,N/A
"March 27, 2017","New Jersey",Newark,"900 block of S 19th St",1,0,N/A
"March 26, 2017",Texas,"Fort Worth","9001 N Normandale St",1,0,N/A
"March 26, 2017",Texas,Houston,"8600 Block of Sands Point Dr",1,0,N/A
"March 26, 2017",Nebraska,Lyons,"665 State St",2,0,N/A
"March 26, 2017",Oklahoma,Ochelata,"North 3950 Road",1,0,N/A
"March 26, 2017",Oklahoma,Shawnee,"Benson Park Rd and Gordon Cooper Dr",1,1,N/A
"March 26, 2017",Texas,Austin,"300 Carmen Court",1,0,N/A
"March 26, 2017",Georgia,Brunswick,"3214 Wisteria Ln",1,0,N/A
"March 26, 2017",Maryland,"College Park","9600 block of Milestone Way",1,2,N/A
"March 26, 2017",Maryland,Baltimore,"2300 block of Tioga Pkwy",1,0,N/A
"March 26, 2017",Texas,Houston,"5619 Aldine Bender Rd",2,4,N/A
"March 26, 2017",Ohio,Toledo,"700 block of Chesbrough Street",1,0,N/A
"March 26, 2017",Alabama,Huntsville,"1501 Galaxy Way",1,1,N/A
"March 26, 2017",Texas,Houston,"4615 N Shepherd Dr",1,0,N/A
"March 26, 2017",Florida,"Delray Beach","I-95 and Atlantic Ave",1,0,N/A
"March 26, 2017",Texas,Hamlin,"600 block of NE Ave B",1,0,N/A
"March 26, 2017","New Jersey",Newark,"600 block of Irvine Turner Boulevard",1,0,N/A
"March 26, 2017",Georgia,Carrollton,"Tulip Way",2,0,N/A
"March 26, 2017",Michigan,Saginaw,"1400 block of Treanor St",1,0,N/A
"March 26, 2017",Florida,Miami,"NW 71st St and NW 15th Ave",1,0,N/A
"March 26, 2017",Nevada,"Las Vegas","1200 Block of E. Hacienda Avenue",1,0,N/A
"March 26, 2017",Florida,Miami,"8200 block of NW 13th Ct",1,0,N/A
"March 26, 2017",Florida,Orlando,"1029 23rd Street",2,0,N/A
"March 26, 2017",Florida,Orlando,"4756 Pleasant Valley Ct",1,0,N/A
"March 26, 2017",Illinois,Chicago,"900 block of W 76th St",1,2,N/A
"March 26, 2017",Ohio,Cincinnati,"4601 Kellogg Ave",2,15,N/A
"March 26, 2017",Missouri,Columbia,"2700 block of Interstate 70 Dr NW",2,1,N/A
"March 26, 2017",California,Anderson,"2861 McMurray Dr",1,1,N/A
"March 26, 2017",California,Salinas,"500 block of Leslie Dr",1,0,N/A
"March 26, 2017",Illinois,Chicago,"7600 block of South Winchester",1,0,N/A
"March 26, 2017",Arkansas,"Little Rock","307 President Clinton Ave",1,0,N/A
"March 26, 2017",Texas,"Brazoria (county)",N/A,1,0,N/A
"March 26, 2017",Ohio,Cleveland,"E 75th St",2,2,N/A
"March 26, 2017",Wisconsin,Milwaukee,"2608 W Medford Ave",1,0,N/A
"March 26, 2017",Florida,Pensacola,"800 block of Citrus St",1,0,N/A
"March 26, 2017",Louisiana,Shreveport,"3900 block of Flora Ave",1,0,N/A
"March 26, 2017",Arkansas,"Pine Bluff","801 South Wisconsin Street",1,0,N/A
"March 26, 2017",Arkansas,"Little Rock","1300 block of West 21st Street",1,0,N/A
"March 26, 2017","New Mexico",Albuquerque,"2400 Rio Rancho Dr SE",1,0,N/A
"March 26, 2017",Alaska,Wasilla,"George Parks Hwy",2,0,N/A
"March 26, 2017",Tennessee,Memphis,"400 East E.H. Crump",1,1,N/A
"March 26, 2017",Texas,Commerce,"428 MLK Blvd",1,2,N/A
"March 25, 2017","South Carolina",Anderson,"1400 block of High Street",1,0,N/A
"March 25, 2017",Pennsylvania,Philadelphia,"900 block of Sanger St",1,0,N/A
"March 25, 2017",Illinois,Chicago,"4900 block of W Hubbard",1,0,N/A
"March 25, 2017",Texas,Texarkana,"4203 N State Line Ave",1,0,N/A
"March 25, 2017",Florida,Orlando,"Narcoossee Rd and FL-528",1,0,N/A
"March 25, 2017",California,"Los Angeles","1st St and Breed St",1,0,N/A
"March 25, 2017",Indiana,Elkhart,"58000 block of Edgewood St",2,0,N/A
"March 25, 2017",Pennsylvania,Indiana,"Oakland Avenue",1,1,N/A
"March 25, 2017",California,"Los Angeles (county)",N/A,1,0,N/A
"March 25, 2017",Texas,Dallas,"1700 block of Overton Rd",1,0,N/A
"March 25, 2017",Georgia,Atlanta,"1000 block of Birch Street SW",2,0,N/A
"March 25, 2017",Texas,Weslaco,"600 block of Martinez St",2,1,N/A
"March 25, 2017","South Carolina",Allendale,"600 block of Pickrum Street",1,0,N/A
"March 25, 2017","West Virginia",Huntington,"1648 Charleston Avenue",1,0,N/A
"March 25, 2017",Indiana,Lexington,"5600 block of E. Johnny Johnson Road",1,0,N/A
"March 25, 2017",Pennsylvania,Allentown,"233 Hamilton St",1,3,N/A
"March 25, 2017",Ohio,Columbus,"1400 block of Oakwood Av",1,1,N/A
"March 25, 2017","North Carolina","High Point","1301 Filbert Place",1,0,N/A
"March 25, 2017",Michigan,Detroit,"8443 Grand River Ave",1,3,N/A
"March 25, 2017",California,Salinas,"200 block of Dennis Ave",2,0,N/A
"March 25, 2017",Texas,"Mabank (Gun Barrel City)","100 block of Arbolado Blvd",1,0,N/A
"March 25, 2017",California,"Santa Ana","2300 block of West St. Gertrude Place",1,0,N/A
"March 25, 2017",Maryland,Laurel,"13300 block of Edinburgh Ln",1,0,N/A
"March 25, 2017",California,"San Jose","900 block of Bard St",1,0,N/A
"March 25, 2017",Alabama,Anniston,"Quintard Ave",1,0,N/A
"March 25, 2017",Maryland,"Hyattsville (Landover)","2200 block of Columbia Place",1,0,N/A
"March 25, 2017",Alabama,Anniston,"Elma Ave",1,0,N/A
"March 25, 2017",Missouri,"Saint Louis","12000 block of Santa Maria Dr",1,0,N/A
"March 25, 2017",California,"Beaumont (Cherry Valley)","39000 block of Cherry Valley Blvd",2,0,N/A
"March 25, 2017",Delaware,Wilmington,"700 block of North Tatnall Street",1,0,N/A
"March 25, 2017",Alabama,Tuskegee,"508 W Montgomery Rd",1,1,N/A
"March 25, 2017",Illinois,Dolton,"155th St and Drexel Ave",1,0,N/A
"March 25, 2017",Illinois,Galesburg,"1100 block of Bateman Street",1,0,N/A
"March 25, 2017",Alabama,Opelika,"400 block of Toomer Court",2,0,N/A
"March 25, 2017",Texas,"San Antonio","1000 block of Piedmont Ave",1,0,N/A
"March 25, 2017",Ohio,Cleveland,"E 79th St and Woodland Ave",2,2,N/A
"March 25, 2017",Missouri,Nixa,"957 Canyon Ln",1,0,N/A
"March 25, 2017",Nevada,"Las Vegas","3708 Las Vegas Blvd S",1,1,N/A
"March 25, 2017",Oklahoma,Tulsa,"2700 block of N Rockford Ave",1,1,N/A
"March 25, 2017",Kentucky,Louisville,"200 block of W Oak St",1,0,N/A
"March 25, 2017",Tennessee,Memphis,"500 block of West Peebles Road",2,0,N/A
"March 25, 2017","District of Columbia",Washington,"1500 block of White Pl SE",1,0,N/A
"March 24, 2017",California,"Los Angeles (Hollywood)","7300 block of Hinds Ave",1,0,N/A
"March 24, 2017",California,Fresno,"300 block of South Villa Avenue",1,4,N/A
"March 24, 2017","District of Columbia",Washington,"1900 block of Naylor Rd SE",1,0,N/A
"March 24, 2017",Texas,"San Antonio","1300 block of San Casimiro",1,0,N/A
"March 24, 2017",Illinois,Chicago,"6600 block of S Laflin St",1,0,N/A
"March 24, 2017",Ohio,Toledo,"2100 block of Woodford St",1,1,N/A
"March 24, 2017",Louisiana,Marrero,"4137 Ames Boulevard",1,0,N/A
"March 24, 2017",Alabama,Birmingham,"2500 block of 9th Court South",1,1,N/A
"March 24, 2017",Ohio,Louisville,"6550 Columbus Road NE",1,0,N/A
"March 24, 2017",California,Dinuba,"900 block of E Golden Way",1,0,N/A
"March 24, 2017",California,Indio,"81820 Shadow Palm Ave",1,0,N/A
"March 24, 2017","North Carolina","Winston Salem (Winston-salem)","3313 Old Lexington Road",1,0,N/A
"March 24, 2017",Utah,"Spanish Fork (Benjamin)","7600 S 1800 W St",2,0,N/A
"March 24, 2017",Nevada,Henderson,"1100 Center St",1,0,N/A
"March 24, 2017",California,"Twentynine Palms","7700 block of Bedouin Ave",2,0,N/A
"March 24, 2017",Ohio,Youngstown,"1300 block of Atkinson Avenue",1,1,N/A
"March 24, 2017",Oklahoma,"Oklahoma City","3301 SW 104th St",1,0,N/A
"March 24, 2017",Ohio,"Cincinnati (Walnut Hills)","2300 block of Kenton St",1,0,N/A
"March 24, 2017",Louisiana,"Baton Rouge","12200 block of La Margie Ave",1,0,N/A
"March 24, 2017",California,"San Diego","1005 47th St",1,0,N/A
"March 24, 2017",Florida,Jacksonville,"4880 Big Island Dr",1,0,N/A
"March 24, 2017",Florida,Miami,"2625 SW 3rd Ave",1,0,N/A
"March 24, 2017","North Carolina",Charlotte,"1800 block of Prospect Dr",1,0,N/A
"March 24, 2017",Maryland,Baltimore,"2400 block of Greenmount Avenue",1,0,N/A
"March 24, 2017",Ohio,Springfield,"1300 block of Linden Av",1,0,N/A
"March 24, 2017",Florida,Jacksonville,"1100 E 10th St",1,0,N/A
"March 24, 2017",California,"Los Angeles","La Fayette Park Place and 2nd Street",1,0,N/A
"March 24, 2017",Alabama,Guntersville,"3200 Gallatin Cir",1,1,N/A
"March 24, 2017",Ohio,Cleveland,"4100 block of Rocky River Dr",1,0,N/A
"March 24, 2017",Texas,Cisco,I-20,1,0,N/A
"March 24, 2017",Georgia,"Henry (county)","Loop Road",1,0,N/A
"March 24, 2017",California,Forestville,"9800 block of River Rd",1,0,N/A
"March 24, 2017","New Jersey",Clayton,"1 block of Downs St",1,0,N/A
"March 24, 2017",Louisiana,"New Orleans","4100 Block of Urquhart St",1,0,N/A
"March 24, 2017",California,Fairfield,"Great Jones St and Illinois St",1,0,N/A
"March 24, 2017",Missouri,"Saint Louis","5100 block of Palm St",1,6,N/A
"March 24, 2017",Tennessee,Jackson,"Vann Dr",1,0,N/A
"March 24, 2017",California,"Los Angeles (Boyle Heights)","East 1st and South Soto street",1,0,N/A
"March 24, 2017",Arkansas,"Little Rock","8701 Interstate 30",2,0,N/A
"March 24, 2017",Maryland,Baltimore,"1000 block of N Fulton",1,0,N/A
"March 24, 2017",Wisconsin,"Green Bay (Bellevue)","1976 Verlin Rd",1,0,N/A
"March 24, 2017",Colorado,"Colorado Springs","7600 Shimmer Circle",1,0,N/A
"March 24, 2017",Georgia,Columbus,"3400 8th Ave",1,0,N/A
"March 24, 2017",Missouri,Forsyth,"188 Rolling Meadows Road",1,0,N/A
"March 24, 2017",Mississippi,Tishomingo,N/A,1,0,N/A
"March 24, 2017",California,Murrieta,"36000 block of Moonbrook Ln",2,0,N/A
"March 24, 2017",California,Cottonwood,"I-5 and Sunset Hills Dr",1,2,N/A
"March 23, 2017",Tennessee,Memphis,"2778 Pickering Dr",1,0,N/A
"March 23, 2017",Mississippi,Jackson,"East Woodcrest Street",1,0,N/A
"March 23, 2017","District of Columbia",Washington,"1900 block of 13th St SE",1,0,N/A
"March 23, 2017",Nevada,Henderson,"E Larson Ln and Gilespie St",2,0,N/A
"March 23, 2017",Arkansas,Sheridan,"Keg Mill Road",1,0,N/A
"March 23, 2017",Maryland,Waldorf,"3305 Westdale Ct",3,1,N/A
"March 23, 2017",Texas,Whitney,"200 block of FM 1534",1,0,N/A
"March 23, 2017",Oregon,"Eagle Point","Heppsie Mountain Road",1,0,N/A
"March 23, 2017",Michigan,Detroit,"146000 block of Whitcomb",1,0,N/A
"March 23, 2017","New York",Troy,"1042 6th Ave",1,0,N/A
"March 23, 2017",Arizona,Phoenix,"6512 West Van Buren",1,0,N/A
"March 23, 2017",California,Antioch,"2700 block of Contra Loma Blvd",1,1,N/A
"March 23, 2017",California,"Mountain View","3700 block of Ocean View Blvd",1,0,N/A
"March 23, 2017",Michigan,"Iron Mountain",N/A,1,0,N/A
"March 23, 2017",Ohio,Hamilton,"Chestnut St",1,0,N/A
"March 23, 2017","New York",Selden,"8 Iroquois Ave",1,0,N/A
"March 23, 2017",Tennessee,Chattanooga,"3300 block of Pinewood Ave",1,1,N/A
"March 23, 2017",Pennsylvania,Philadelphia,"2300 block of Oakdale St",1,0,N/A
"March 23, 2017",Texas,Lufkin,"N John Redditt Dr",1,0,N/A
"March 23, 2017",Alabama,Montgomery,"200 block of East Park Avenue",1,0,N/A
"March 23, 2017",Washington,"Federal Way","1700 block of S 324th St",1,0,N/A
"March 23, 2017",Louisiana,"New Orleans","4950 Piety Drive",1,0,N/A
"March 23, 2017",California,Salinas,"2100 block of N Main St",1,0,N/A
"March 23, 2017",California,"Los Angeles","10805 S Western Ave",3,0,N/A
"March 23, 2017","New Jersey",Trenton,"1 block of Cleveland Ave",1,0,N/A
"March 23, 2017","North Carolina",Barnardsville,"665 Dillingham Rd",1,0,N/A
"March 23, 2017",Louisiana,"New Orleans","5000 block of Louisa St",1,0,N/A
"March 23, 2017",Texas,Killeen,"800 block of W Green Ave",1,0,N/A
"March 23, 2017",Georgia,Athens,"Scarlet Oak Circle",1,0,N/A
"March 22, 2017","North Carolina","High Point","120 SW Cloverleaf Pl",1,0,N/A
"March 22, 2017",Texas,Houston,"400 block of Highland Cross Dr",1,0,N/A
"March 22, 2017",Louisiana,Crowley,"400 block of Josey Dr",4,1,N/A
"March 22, 2017","North Carolina",Fayetteville,"1300 block of Turnpike Road",1,0,N/A
"March 22, 2017",Ohio,"Cincinnati (Lockland)","619 W. Wyoming Ave",1,1,N/A
"March 22, 2017",Colorado,"Westcliffe (Silver Cliff)",N/A,1,0,N/A
"March 22, 2017","South Carolina","North Charleston","Townsend Road",1,1,N/A
"March 22, 2017",Georgia,Lithonia,"2600 block of Parkway Trail",2,0,N/A
"March 22, 2017",Colorado,"Aurora (Centennial)","7000 S Jordan Rd",1,0,N/A
"March 22, 2017","North Carolina",Wilmington,"649 Julia Drive",1,0,N/A
"March 22, 2017",Ohio,Cleveland,"6800 Colgate Ave",1,0,N/A
"March 22, 2017",Texas,Houston,"4002 Corder St",2,0,N/A
"March 22, 2017",Pennsylvania,"New Providence (Providence)","124 Pennsy Rd",1,0,N/A
"March 22, 2017",Florida,Seffner,"1005 Lianne Pl",1,1,N/A
"March 22, 2017",Arkansas,"Pine Bluff","2205 W 38th Ave",1,0,N/A
"March 22, 2017","North Carolina",Charlotte,"1430 Allenbrook Dr",1,0,N/A
"March 22, 2017",Alabama,Birmingham,"1400 block of 19th Street Southwest",1,0,N/A
"March 22, 2017",Texas,"El Paso","400 Block of Hardy Circle",1,0,N/A
"March 22, 2017",Texas,"El Paso","9960 McCombs St",1,0,N/A
"March 22, 2017",Georgia,Decatur,"Snapfinger Woods Drive",1,2,N/A
"March 22, 2017",Michigan,Detroit,"5800 block of Cooper",1,0,N/A
"March 22, 2017",Indiana,Gary,"2500 block of Tyler St",1,0,N/A
"March 22, 2017",Wisconsin,Milwaukee,"N 23rd St and W Cherry St",1,0,N/A
"March 22, 2017",Alabama,Birmingham,"3000 block of Ave S",1,0,N/A
"March 22, 2017",Maryland,Baltimore,"2400 block of Guilford Ave",1,0,N/A
"March 22, 2017",Kentucky,Booneville,"Booneville Home Road",1,0,N/A
"March 22, 2017",Arizona,Tucson,"1901 N. Wilmot Road",1,0,N/A
"March 22, 2017",Georgia,Decatur,"Snapfinger Drive",1,2,N/A
"March 22, 2017","South Carolina",Columbia,"6500 block of Two Notch Road",1,0,N/A
"March 22, 2017",Texas,Rowlett,"President George Bush Turnpike",1,0,N/A
"March 22, 2017",Texas,"San Antonio","1100 block of Austin Highway",1,0,N/A
"March 22, 2017",Oklahoma,Norman,"700 block of Elmwood",1,0,N/A
"March 22, 2017",Ohio,Lorain,"400 block of West 22nd Street",1,0,N/A
"March 22, 2017",Wisconsin,Rothschild,"1133 E Grand Ave",5,0,N/A
"March 21, 2017",Florida,Miami,"NW 7th Ave and 14th St",1,0,N/A
"March 21, 2017","New Jersey",Pemberton,"100 block of Kinsley Rd",1,0,N/A
"March 21, 2017",Tennessee,Greeneville,"71 Whispering Road",2,0,N/A
"March 21, 2017",Missouri,Springfield,"1400 block of North Broadway Avenue",1,0,N/A
"March 21, 2017",Florida,Arcadia,"610 N Arcadia Ave",1,0,N/A
"March 21, 2017","North Carolina","Rocky Mount","700 block of Powell Dr",1,0,N/A
"March 21, 2017",Ohio,Dayton,"2138 Claggett Drive",1,0,N/A
"March 21, 2017","North Carolina",Charlotte,"2600 block of N. Wendover Road",1,0,N/A
"March 21, 2017",Florida,Orlando,"5688 International Drive",1,0,N/A
"March 21, 2017",Nevada,"Wellington (Topaz Ranch Estates)","1205 Slate Road",1,1,N/A
"March 21, 2017",Ohio,Columbus,"1000 block of East 19th Av",2,0,N/A
"March 21, 2017",Pennsylvania,Philadelphia,"6000 block of 4th Street",1,0,N/A
"March 21, 2017","North Carolina","High Point","809 Langford Avenue",1,0,N/A
"March 21, 2017",California,"Redwood City","200 block of Saginaw Drive",1,0,N/A
"March 21, 2017",Kentucky,"Mount Olivet","4214 Pinhook Road",1,0,N/A
"March 21, 2017",Georgia,Hawkinsville,"373 Upper River Rd",1,0,N/A
"March 21, 2017",Illinois,"Chicago (Englewood)","1700 block of West 72nd St",1,1,N/A
"March 21, 2017","South Carolina",Orangeburg,"Pops Drive",1,1,N/A
"March 21, 2017",Arizona,Tucson,"2600 block of North Edith Boulevard",1,1,N/A
"March 21, 2017",Missouri,"Saint Louis (Jennings)","Switzer Ave and Hamilton Ave",1,0,N/A
"March 21, 2017",Florida,"Spring Hill (Hernando Beach)","Osowaw Blvd and Indian Bay Rd",1,0,N/A
"March 21, 2017",Michigan,Detroit,"3900 block of Wabash Ave",1,0,N/A
"March 21, 2017",Georgia,Atlanta,"Meador Way SE",1,0,N/A
"March 21, 2017","North Carolina","Spring Lake","NC 210 and Britania Road",1,0,N/A
"March 21, 2017",Missouri,Columbia,"1010 Madison St",1,1,N/A
"March 20, 2017",Georgia,Alpharetta,"10775 Davis Drive",2,0,N/A
"March 20, 2017",Tennessee,Dickson,"Log Wall Road",1,0,N/A
"March 20, 2017",California,Klamath,"Silverside Circle",1,0,N/A
"March 20, 2017",Virginia,Richmond,"1900 block of Raven St",1,0,N/A
"March 20, 2017",Oklahoma,Tulsa,"1700 block of North Peoria",1,0,N/A
"March 20, 2017",Ohio,Cleveland,"12000 block of Harvard Ave",1,0,N/A
"March 20, 2017",Florida,Bradenton,"4300 block of 8th St Ct",1,0,N/A
"March 20, 2017",California,"Temple City","8838 Las Tunas Dr",1,0,N/A
"March 20, 2017",Illinois,"East Saint Louis","53rd and State",1,0,N/A
"March 20, 2017",Michigan,"Grand Rapids","800 Block of Kalamazoo Ave SE",1,0,N/A
"March 20, 2017",Arizona,Phoenix,"48th St and Loop 202",1,1,N/A
"March 20, 2017",Missouri,"Kansas City","Blue Parkway and 55th Street",2,1,N/A
"March 20, 2017",California,Adelanto,"11200 block of Chamberlaine Way",1,0,N/A
"March 20, 2017","West Virginia",Clarksburg,"1636 Williams Ave",1,0,N/A
"March 20, 2017",California,Sacramento,"Elm Street",1,0,N/A
"March 20, 2017","New York",Hempstead,"Front Street",1,0,N/A
"March 20, 2017",Illinois,"Chicago (Roseland)","0 block of East 113th St",1,0,N/A
"March 20, 2017",Pennsylvania,Shoemakersville,"200 block of Fourth Street",2,0,N/A
"March 20, 2017","District of Columbia",Washington,"4200 block of Blaine Street",1,1,N/A
"March 20, 2017",Ohio,Findlay,"605 Palm Dr",2,0,N/A
"March 20, 2017",Minnesota,Warren,"15872 410th Ave Nw",1,0,N/A
"March 20, 2017",California,"Los Angeles","8th St and Fresno St",1,0,N/A
"March 20, 2017",Mississippi,Gulfport,"Hopewell Lane",1,0,N/A
"March 20, 2017",Arizona,Phoenix,"3428 W Rosewood Ave",1,0,N/A
"March 20, 2017",Kentucky,Frankfort,"Owenton Avenue",1,0,N/A
"March 20, 2017",Ohio,Akron,"Danmead Ave",1,0,N/A
"March 20, 2017",Arkansas,"Little Rock","6420 Colonel Glenn Road",1,0,N/A
"March 20, 2017","South Carolina",Orangeburg,"Joe Jeffords Highway",1,0,N/A
"March 20, 2017",Pennsylvania,Philadelphia,"Old York Rd and Ruscomb St",1,0,N/A
"March 20, 2017",Oklahoma,Tulsa,"2474 N Yale Ave",1,0,N/A
"March 19, 2017",Pennsylvania,Philadelphia,"1900 block of Roberts Ave",1,0,N/A
"March 19, 2017",Texas,Houston,"400 block of W Little York Rd",1,0,N/A
"March 19, 2017","West Virginia",Fairmont,N/A,2,0,N/A
"March 19, 2017",Tennessee,Nashville,"2525 Murfreesboro Pike",1,0,N/A
"March 19, 2017",Kansas,Wichita,"2446 N Minnesota St",1,0,N/A
"March 19, 2017",Maryland,Baltimore,"2751 Alameda",1,0,N/A
"March 19, 2017","New York",Brooklyn,"1269 Flushing Ave",1,0,N/A
"March 19, 2017","South Dakota","Charles Mix (county)",N/A,1,0,N/A
"March 19, 2017",California,Sacramento,"3204 Auburn Blvd",1,0,N/A
"March 19, 2017","North Carolina",Enfield,"114 Dennis St",1,0,N/A
"March 19, 2017",Florida,"Vero Beach","4545 35th Ave",1,1,N/A
"March 19, 2017",California,Lawndale,"15100 block of Firmona Ave",1,0,N/A
"March 19, 2017",Texas,Houston,"12647 Ashford Meadow Dr",1,0,N/A
"March 19, 2017",Texas,Richmond,"1400 block of River Cliff Ct",2,0,N/A
"March 19, 2017",Minnesota,"Grand Portage","9403 MN-61",1,0,N/A
"March 19, 2017","New York",Rochester,"Orange Street",1,0,N/A
"March 19, 2017",California,Capitola,"1855 41st Ave",2,0,N/A
"March 19, 2017",Alabama,Huntsville,"2885 Memorial Pkwy NW",1,0,N/A
"March 19, 2017",Alabama,Montgomery,"5700 block of Express Drive",1,0,N/A
"March 19, 2017","South Carolina",Ridgeville,"225 Garden Court",1,1,N/A
"March 19, 2017",Alabama,Mobile,"5450 Coca Cola Rd",1,0,N/A
"March 19, 2017",Pennsylvania,Philadelphia,"2460 Germantown Ave",1,0,N/A
"March 19, 2017",Texas,Richmond,"1403 River Cliff Court",2,0,N/A
"March 19, 2017",Arkansas,Dumas,"Willow and W. Jones street",1,0,N/A
"March 19, 2017",Texas,Houston,"1737 N. Loop W.",1,1,N/A
"March 19, 2017",California,"Desert Hot Springs (Desert Edge)","Dillon Road and Johnson Road",1,0,N/A
"March 19, 2017",Pennsylvania,"York Springs","800 Block of E Berlin Rd",1,0,N/A
"March 19, 2017",Maryland,Baltimore,"Reisterstown Road and Tioga Parkway",1,0,N/A
"March 19, 2017",Kentucky,Somerset,"Beecher Street",1,0,N/A
"March 19, 2017",Missouri,"Saint Louis","400 S 8th St",1,1,N/A
"March 19, 2017",Missouri,"Saint Louis (Affton)","8700 block of Zellwood Dr",1,0,N/A
"March 19, 2017",Florida,"Panama City Beach","473 Richard Jackson Blvd",1,0,N/A
"March 19, 2017","New York",Buffalo,"1129 E Ferry St",1,0,N/A
"March 19, 2017",Florida,Deland,"N Amelia Ave and Old Daytona Rd",1,0,N/A
"March 19, 2017",Florida,"Cape Canaveral","211 Caroline St",1,0,N/A
"March 19, 2017",Washington,Vancouver,"1502 Northeast 140th Avenue",2,0,N/A
"March 19, 2017",Mississippi,"Yazoo City","Canton Drive",1,0,N/A
"March 19, 2017",Pennsylvania,Pittsburgh,"Kelly St and Brushton Ave",1,0,N/A
"March 19, 2017",Arkansas,"Pine Bluff","Sixth Street and Myrtle Street",1,0,N/A
"March 19, 2017",Texas,"San Antonio","4800 block of Roxton Avenue",1,0,N/A
"March 19, 2017",Texas,"Belton (Morgans Point Resort)","Pawnee Lane",1,0,N/A
"March 19, 2017","New York",Rochester,"Orange Street",1,0,N/A
"March 19, 2017",Kentucky,Louisville,"1512 Portland Avenue",1,5,N/A
"March 19, 2017","North Carolina",Durham,"300 block of Burnette Street",1,1,N/A
"March 19, 2017",California,Redding,N/A,1,0,N/A
"March 19, 2017",Texas,"San Antonio","900 block of Grosvenor St",1,0,N/A
"March 19, 2017",Wisconsin,Milwaukee,"3100 block of N 49th St",1,0,N/A
"March 19, 2017",Nevada,"Las Vegas","1000 block of E Flamingo Rd",1,0,N/A
"March 18, 2017",Connecticut,Bridgeport,"201 Bretton Street",1,1,N/A
"March 18, 2017",California,Duarte,"400 block of E Camino Real St",1,0,N/A
"March 18, 2017",Idaho,Boise,"649-659 Sunset Peak Rd",1,0,N/A
"March 18, 2017",Michigan,"Lincoln Park","1200 block of Garfield Ave",1,1,N/A
"March 18, 2017",Kansas,Wichita,"2320 E MacArthur Rd",2,0,N/A
"March 18, 2017",Georgia,Cedartown,"Collard Valley Rd and Old Collard Valley Rd",1,0,N/A
"March 18, 2017",Michigan,Pontiac,"100 block of Wall St",1,0,N/A
"March 18, 2017",Texas,"Fort Worth","400 block of N Chandler Dr",1,1,N/A
"March 18, 2017",Pennsylvania,Pittsburgh,"1000 block of Blackadore St",1,0,N/A
"March 18, 2017",Indiana,Gary,"400 block of Ellsworth St",1,0,N/A
"March 18, 2017",Ohio,Cincinnati,"6615 Roe Street",1,0,N/A
"March 18, 2017",Mississippi,Wesson,"2283 Furrs Mill Dr NE",1,1,N/A