"Incident Date",State,"City Or County",Address,"# Killed","# Injured",Operations
"December 31, 2014",Maryland,"Capitol Heights","800 block of Balsamtree Drive",1,0,N/A
"December 31, 2014",Missouri,"Kansas City","4200 block of Woodland Avenue",1,0,N/A
"December 31, 2014",Florida,Miami,"69th Street and 6th Court",1,0,N/A
"December 31, 2014",Colorado,Denver,"East Fifth Avenue and Alton Way",1,0,N/A
"December 31, 2014",Virginia,"Dinwiddie County","8000 block of Vaughan Road",1,0,N/A
"December 31, 2014",Kansas,"Overland Park","8300 block of Kessler",1,0,N/A
"December 31, 2014",Montana,Missoula,"North Reserve Street and West Broadway",1,0,N/A
"December 31, 2014",Texas,Dallas,"1500 block of Kingsley Dr.",1,0,N/A
"December 31, 2014",Connecticut,Hartford,"1545 Main Street",1,0,N/A
"December 31, 2014",Georgia,"Paulding County","Bryan Miller Road",1,0,N/A
"December 31, 2014",Florida,Tallahassee,"Seminole Drive",1,1,N/A
"December 31, 2014",Virginia,Petersburg,"2000 block of Ferndale Avenue",1,1,N/A
"December 31, 2014",Missouri,"Kansas City","1303 E. 82nd Terrace",1,0,N/A
"December 31, 2014",Mississippi,Nettleton,N/A,1,0,N/A
"December 31, 2014",Virginia,Stuart,"Boaz Pond Ln",1,0,N/A
"December 31, 2014",Maryland,"Prince George's County","800 block of Balsamtree Drive",1,0,N/A
"December 31, 2014",Alabama,Montgomery,"1700 block of Yarborough Street",1,0,N/A
"December 31, 2014",Illinois,Chicago,"8000 Stony Island Ave",1,0,N/A
"December 31, 2014",Ohio,Massillon,"Oak Trail Northeast",1,0,N/A
"December 31, 2014",Michigan,Detroit,"4000 block of University Place",2,0,N/A
"December 31, 2014",California,"Los Angeles","81st Street and Western Avenue",1,2,N/A
"December 31, 2014","North Carolina",Lumberton,"1300 block of Furman Drive",1,0,N/A
"December 31, 2014",California,"Los Angeles","6100 block of Wilton Place",1,0,N/A
"December 31, 2014",Kentucky,"Olive Hill","US 60",1,0,N/A
"December 31, 2014",Kentucky,Louisville,"5100 block of Rangoon Way",1,0,N/A
"December 31, 2014",Arizona,Mesa,"Alma School and Baseline Road",1,1,N/A
"December 31, 2014",California,Fresno,"Elm and Jensen Avenue",1,1,N/A
"December 31, 2014",Ohio,"Jefferson County","Township Road 242 and Austin Lake",0,1,N/A
"December 31, 2014",Washington,Seattle,"Renton Avenue South and South Kenyon Street",1,0,N/A
"December 31, 2014",Florida,"Saint Petersburg","12000 Fourth St. N.",1,1,N/A
"December 30, 2014",Tennessee,"Anderson County","2688 Dutch Valley Road",1,0,N/A
"December 30, 2014",Connecticut,"New Britain","Yeaton St",1,0,N/A
"December 30, 2014",Louisiana,"Lafourche Parish",N/A,1,0,N/A
"December 30, 2014",Pennsylvania,"Upper Darby",N/A,1,0,N/A
"December 30, 2014",Virginia,Richmond,"5800 block of Orcutt Lane",1,0,N/A
"December 30, 2014","New York",Brooklyn,"712 Chauncey Street",1,0,N/A
"December 30, 2014",Indiana,Indianapolis,"800 block of North Lasalle Street",1,0,N/A
"December 30, 2014",California,"Santa Maria","Jones Street and Bradley Road",1,0,N/A
"December 30, 2014","North Carolina","Sampson County","200 block of Lakewood School Road",1,0,N/A
"December 30, 2014",Maryland,Baltimore,"3100 block of Greenmount Ave",1,0,N/A
"December 30, 2014",Kentucky,Louisville,"3112 Dumensil Street",1,0,N/A
"December 30, 2014",Alabama,Dothan,"295 Jerry Dr",1,0,N/A
"December 30, 2014",Wisconsin,Milwaukee,"4200 block of W. Nash St",1,0,N/A
"December 30, 2014",Virginia,Petersburg,"Slagle Avenue",1,0,N/A
"December 30, 2014","New Hampshire",Dover,"789 Central Avenue",2,0,N/A
"December 30, 2014",Arizona,Tempe,"Rural Road and Southern Avenue",1,0,N/A
"December 30, 2014","New York",Danby,"127 Hornbrook Road",1,0,N/A
"December 30, 2014",Kentucky,Louisville,"5100 block of Rangoon Way",1,0,N/A
"December 30, 2014",Georgia,"Stone Mountain","Allgood Road",1,0,N/A
"December 30, 2014",Georgia,Conyers,"Mill Crest Walk",1,0,N/A
"December 30, 2014","New Jersey",Bridgeton,"Henry Street and South Avenue",1,0,N/A
"December 30, 2014",Idaho,Hayden,"550 W Honeysuckle Ave",1,0,N/A
"December 30, 2014",Pennsylvania,"Drexel Hill","Garrett Road and Shadeland Avenue",1,0,N/A
"December 30, 2014",Arkansas,Prescott,N/A,1,0,N/A
"December 30, 2014",Florida,"West Palm Beach","2300 Caroma Lane",1,0,N/A
"December 30, 2014",Alabama,Huntsville,"Bridge Road and Mountain Park Circle",1,0,N/A
"December 30, 2014",Texas,"Bexar County","7500 block of Windsor Oaks",1,0,N/A
"December 30, 2014",Texas,"San Antonio","7500 block of Windsor Oaks",1,0,N/A
"December 29, 2014",Oklahoma,"Oklahoma City","1500 block of SE 44th Street",1,0,N/A
"December 29, 2014",Kansas,Haysville,"7800 block of South Broadway",1,0,N/A
"December 29, 2014",Minnesota,"Minneapolis (Plymouth)","12500 block of 50th Avenue North",2,0,N/A
"December 29, 2014",Florida,Clearwater,"910 Woodlawn St.",1,0,N/A
"December 29, 2014",Louisiana,"New Orleans","1400 block of Kerlerec Street",1,0,N/A
"December 29, 2014",Florida,"Saint Augustine","173 Summerhill Cir",2,0,N/A
"December 29, 2014",Louisiana,"New Orleans","3200 block of Ptolemy Street",1,0,N/A
"December 29, 2014",Georgia,"Clayton County","Norman Drive",1,0,N/A
"December 29, 2014",Georgia,"DeKalb County","100 block of Pine Tree Circle",1,0,N/A
"December 29, 2014",Alabama,Odenville,"200 block of Pleasant Valley Road",1,0,N/A
"December 29, 2014",Arkansas,Sherwood,"17413 Batesville Pike",1,0,N/A
"December 29, 2014",Kentucky,Richmond,"Wayne Drive",1,0,N/A
"December 29, 2014","North Carolina",Charlotte,"3600 block of Wheatley Avenue",1,0,N/A
"December 29, 2014",Alabama,Safford,N/A,1,0,N/A
"December 29, 2014",Mississippi,Natchez,"Prentiss Street",1,0,N/A
"December 29, 2014",Michigan,Inkster,"Beech and Harriet",1,0,N/A
"December 29, 2014",Florida,Rockledge,N/A,1,0,N/A
"December 29, 2014",Indiana,"Fort Wayne","600 block of McKinnie Avenue",1,0,N/A
"December 29, 2014",Indiana,Indianapolis,"3100 block of East 10th Street",1,0,N/A
"December 29, 2014",Michigan,Detroit,"11200 block of Roxbury St",1,0,N/A
"December 29, 2014",California,Seaside,"Military Avenue and Fremont Boulevard",1,1,N/A
"December 29, 2014",California,"Sacramento County","4700 block of 50th Avenue",1,0,N/A
"December 29, 2014",Michigan,Detroit,"11200 block of Roxbury Street",1,0,N/A
"December 29, 2014",Florida,Tallahassee,"800 block of Dover Street",1,0,N/A
"December 29, 2014","West Virginia",Charleston,"Greenwood Ave",1,1,N/A
"December 29, 2014",Illinois,Venice,"1200 block of Oriole",1,0,N/A
"December 29, 2014",Texas,"San Antonio","5900 block of Stoney Creek",1,0,N/A
"December 29, 2014",California,Paradise,"200 block of Good View Drive",1,0,N/A
"December 29, 2014",Alabama,Huntsville,"3115 Hale Dr SW",2,0,N/A
"December 29, 2014",Texas,Houston,"600 block of Turner",1,0,N/A
"December 29, 2014",Pennsylvania,Braddock,"1100 block of Rebecca Ave",1,2,N/A
"December 29, 2014","District of Columbia",Washington,"600 block of Division Avenue",1,0,N/A
"December 29, 2014",California,Berkeley,"1941 San Pablo Avenue",1,1,N/A
"December 29, 2014","New York",Brooklyn,"29 McClancy Place",1,1,N/A
"December 29, 2014",Missouri,Wellston,"Wellston Place and Rockbrook Avenue",1,0,N/A
"December 29, 2014",Florida,Ocala,N/A,1,0,N/A
"December 29, 2014",Oklahoma,Tulsa,"16th and S. 129th E. Avenue",1,0,N/A
"December 29, 2014",Missouri,"Saint Louis","4100 block of Enright",1,0,N/A
"December 28, 2014",Florida,Jacksonville,"McDuff Avenue and McQuade Road",1,0,N/A
"December 28, 2014",Texas,Houston,"6600 Block of Harbor Town Drive",0,0,N/A
"December 28, 2014",Missouri,"Kansas City","151 East 13th Street",1,0,N/A
"December 28, 2014",California,"Los Angeles","11100 block of Inglewood Avenue",1,0,N/A
"December 28, 2014",Pennsylvania,Daisytown,"McGirts Road",1,0,N/A
"December 28, 2014",Pennsylvania,Allentown,N/A,1,0,N/A
"December 28, 2014","District of Columbia",Washington,"1300 block of Southern Avenue",2,0,N/A
"December 28, 2014","New York",Buffalo,"200 block of Peach Street",1,0,N/A
"December 28, 2014",Louisiana,Shreveport,"4900 block of Mansfield Road",1,1,N/A
"December 28, 2014",Utah,"Stansbury Park","Aberdeen Lane and Merion Drive",1,0,N/A
"December 28, 2014","New York",Manhattan,"78 Catherine Street",1,0,N/A
"December 28, 2014",Maryland,Baltimore,"2300 block of McCulloh Street",1,0,N/A
"December 28, 2014","New York",Freeport,"Colonial Avenue",1,0,N/A
"December 28, 2014",Mississippi,Tylertown,"Kirklin Road",1,0,N/A
"December 28, 2014",Louisiana,Violet,"2300 block of Licciardi Lane",1,0,N/A
"December 28, 2014",Tennessee,Memphis,"1800 block of Corning Avenue",1,0,N/A
"December 28, 2014",Pennsylvania,"New Castle",N/A,1,0,N/A
"December 28, 2014",Indiana,"South Bend","400 block of S. 25th Street",1,0,N/A
"December 28, 2014",Texas,Carthage,"300 block of South Cook St.",1,0,N/A
"December 28, 2014",Florida,Miami,"Southwest Seventh Avenue and Southwest Third Street",1,0,N/A
"December 28, 2014",Illinois,Chicago,"900 block of North Lockwood",1,0,N/A
"December 28, 2014",Illinois,Chicago,"5100 block of South May Street",2,1,N/A
"December 28, 2014",Michigan,Detroit,"1600 block of Glendale",1,0,N/A
"December 28, 2014",Indiana,Shelbyville,"Raleigh Boulevard",1,0,N/A
"December 28, 2014",Texas,Crowley,"200 block of Kennedy Dr",3,0,N/A
"December 28, 2014",California,Watsonville,"Marchant and Maple Avenue",1,0,N/A
"December 28, 2014",California,Torrance,"22800 block of Berendo Avenue",1,0,N/A
"December 28, 2014",Pennsylvania,"New Castle",N/A,1,0,N/A
"December 28, 2014",Florida,Jacksonville,"3700 block of University Club Boulevard",1,0,N/A
"December 28, 2014",Louisiana,Youngsville,N/A,1,1,N/A
"December 28, 2014",California,Oakland,"1000 block of Willow Street",1,0,N/A
"December 28, 2014",Texas,Kilgore,"300 block of Rogers St.",1,0,N/A
"December 28, 2014",Texas,"Corpus Christi","2800 block of Sacky",1,2,N/A
"December 28, 2014",Ohio,Massillon,"511 Neale Ave. SW",1,1,N/A
"December 28, 2014",California,Oakland,"1200 block of 52nd Avenue",1,1,N/A
"December 28, 2014",California,"Hacienda Heights","14400 block of Clark Avenue",1,0,N/A
"December 28, 2014",California,"Los Angeles","11100 block of Inglewood",1,0,N/A
"December 28, 2014","New York",Freeport,"Colonial Ave",1,0,N/A
"December 28, 2014",Virginia,"York (county)","300 block of Monument Court",2,0,N/A
"December 28, 2014",Texas,Spring,"5200 block of Gage Spring Court",1,0,N/A
"December 28, 2014","North Carolina",Clayton,"1000 block of South Lombard Street",1,0,N/A
"December 28, 2014","North Carolina","Browns Summit","7301 Friendship Church Road",1,0,N/A
"December 28, 2014",Arizona,"Yavapai County","1200 block of Oxbrow Drive",1,0,N/A
"December 27, 2014",Missouri,"Kansas City","3600 block of 12th Street",1,0,N/A
"December 27, 2014",Oklahoma,"Oklahoma City","3300 block of Southwest 51st Street",1,0,N/A
"December 27, 2014",Missouri,"Kansas City","East 87th Street and Cambridge Avenue",1,1,N/A
"December 27, 2014",Iowa,Marion,N/A,1,0,N/A
"December 27, 2014",California,"Los Angeles","8800 block of South Figueroa Street",1,3,N/A
"December 27, 2014",Florida,Miami,"3883 Charles Terrace",1,1,N/A
"December 27, 2014",Ohio,Cincinnati,"4061 President Drive",1,0,N/A
"December 27, 2014",Virginia,Roanoke,"9th Street and Morehead Avenue SE",1,0,N/A
"December 27, 2014","New Mexico",Albuquerque,"300 block of Washington Street NE",1,0,N/A
"December 27, 2014",Indiana,Indianapolis,"2800 block of North Capitol Avenue",1,0,N/A
"December 27, 2014","North Carolina",Wilmington,"Lake Branch Drive and East Lake Shore Drive",1,0,N/A
"December 27, 2014",Alabama,Birmingham,"6600 block of Avenue N",1,2,N/A
"December 27, 2014",Tennessee,Memphis,"6500 block of Lost Oak Drive",1,0,N/A
"December 27, 2014",Texas,Abilene,"Musken St.",1,0,N/A
"December 27, 2014",Alabama,Brundidge,"Henderson Street and Galloway Road",1,2,N/A
"December 27, 2014","North Carolina",Albemarle,"1224 Beale Street",1,0,N/A
"December 27, 2014",Kentucky,"Russell County","4248 KY Hwy. 92",1,0,N/A
"December 27, 2014",Ohio,Middletown,"2000 block of Queen Avenue",1,1,N/A
"December 27, 2014",Arizona,Flagstaff,"804 W Clay Ave",2,0,N/A
"December 27, 2014","Rhode Island",Providence,"Chalkstone Avenue",0,1,N/A
"December 27, 2014",Wisconsin,Milwaukee,"6400 block of N. 73rd Street",1,0,N/A
"December 27, 2014",Illinois,Chicago,"1500 block of East 73rd Place",1,0,N/A
"December 27, 2014",Tennessee,Memphis,"1800 block of Denison Street",2,0,N/A
"December 27, 2014","South Carolina","Lake City","McCutcheon Road",1,0,N/A
"December 27, 2014",Arkansas,"Little Rock","72123 Stevenson Dr",0,2,N/A
"December 27, 2014",Illinois,Chicago,"5700 block of North Campbell Avenue",1,0,N/A
"December 27, 2014",Michigan,Detroit,"8000 block of Kolb",1,0,N/A
"December 27, 2014",Pennsylvania,California,"California Road",1,0,N/A
"December 27, 2014",Alabama,"Holly Pond","Meadow Dr",1,0,N/A
"December 27, 2014",Louisiana,Bastrop,"Summerlin Lane",1,0,N/A
"December 27, 2014",Texas,Odessa,"400 S Dixie Blvd",1,2,N/A
"December 27, 2014",Iowa,Traer,"Ridge Road",1,0,N/A
"December 27, 2014",Indiana,Evansville,"Walnut St. and S. Kentucky Ave",1,0,N/A
"December 27, 2014","New York",Rochester,"Herald and Carter Street",1,0,N/A
"December 27, 2014",Louisiana,"New Orleans","3516 D'Hemecourt Street",1,0,N/A
"December 27, 2014","North Carolina",Reidsville,"408 Vance St.",1,0,N/A
"December 26, 2014",Montana,Libby,"Glendora Avenue",1,0,N/A
"December 26, 2014","New Jersey",Newark,"500 block of Central Avenue",1,0,N/A
"December 26, 2014","North Carolina",Orrum,"Highway 130",1,2,N/A
"December 26, 2014",Maryland,Parkville,"8700 block of Loch Bend Drive",1,0,N/A
"December 26, 2014",Arkansas,"Siloam Springs","Airport Road",1,0,N/A
"December 26, 2014",Texas,Houston,"5100 block of Yellowstone",1,0,N/A
"December 26, 2014",Tennessee,Memphis,"5900 block of Lichterman",1,0,N/A
"December 26, 2014","South Carolina",Elgin,"121 Archer Avenue",2,0,N/A
"December 26, 2014",Nevada,"Las Vegas","Cheyenne Avenue and Durango Drive",1,0,N/A
"December 26, 2014",Mississippi,Purvis,"136 N Windridge Ln",2,0,N/A
"December 26, 2014",Illinois,"East St. Louis","2500 block of Summit Avenue",1,3,N/A
"December 26, 2014",Florida,Miami,"1200 block of NW 52nd Street",1,0,N/A
"December 26, 2014",Florida,Cocoa,"School and Pineda streets",1,0,N/A
"December 26, 2014",Missouri,"Saint Louis","5800 block of Plymouth",1,0,N/A
"December 26, 2014",Illinois,Chicago,"300 block of East 47th",1,0,N/A
"December 26, 2014",Texas,Houston,"5971 Bellfort",1,0,N/A
"December 26, 2014","West Virginia",Cameron,"North Avenue",1,1,N/A
"December 26, 2014",Indiana,Indianapolis,"31st Street and N. Olney Street",1,0,N/A
"December 26, 2014",Georgia,Augusta,"E. Cedar Street and Japonica Street",1,0,N/A
"December 26, 2014",Alabama,Selma,"300 block of Broad Street",1,0,N/A
"December 26, 2014",Florida,Milton,"Dale Hall Rd",1,0,N/A
"December 26, 2014",Ohio,Bedford,"600 block of Archer Road",1,0,N/A
"December 26, 2014",Tennessee,Memphis,"2800 block of Kimball Avenue",1,0,N/A
"December 26, 2014","North Carolina",Orrum,"18012 NC Highway 130 E",1,2,N/A
"December 26, 2014",Pennsylvania,Knoxville,"Dove Way",1,0,N/A
"December 26, 2014","North Carolina",Charlotte,"6900 block of Carmel Road",1,0,N/A
"December 26, 2014",California,Modesto,"1409 Mitchell Rd",1,0,N/A
"December 26, 2014","North Carolina","Holly Ridge","South Green Street",1,0,N/A
"December 26, 2014",Florida,Jacksonville,"1200 block of West 27th Street",1,1,N/A
"December 26, 2014",Idaho,Blackfoot,N/A,1,0,N/A
"December 26, 2014","South Carolina",Columbia,"10 Berryhill Rd",1,1,N/A
"December 26, 2014",Louisiana,Hahnville,"242 Joe Louis Lane",1,1,N/A
"December 26, 2014",Michigan,Detroit,"W. McNichols and Southfield",1,0,N/A
"December 26, 2014",California,Planada,"2000 block of Fancher Street",1,1,N/A
"December 26, 2014",Louisiana,"Baton Rouge","Washington Street",1,0,N/A
"December 26, 2014",Louisiana,Shreveport,"200 block of Lake Street",1,2,N/A
"December 26, 2014",Illinois,Chicago,"400 block of East Marquette Road",1,0,N/A
"December 26, 2014",Texas,Houston,"10905 Bellaire Boulevard",1,0,N/A
"December 26, 2014",Texas,"Wise County",N/A,1,0,N/A
"December 26, 2014",Texas,"Texas City","FM 1765",1,0,N/A
"December 26, 2014","New York",Cornhill,"Park Avenue and South Street",1,0,N/A
"December 25, 2014",Florida,Jacksonville,"1200 block of 12th street",1,0,N/A
"December 25, 2014",Georgia,Atlanta,"900 block of Mayson Turner Road",1,0,N/A
"December 25, 2014",Kentucky,Frankfort,"Taylor Avenue",1,0,N/A
"December 25, 2014",Florida,Miami,"467 NW 8th Street",1,2,N/A
"December 25, 2014",Michigan,Detroit,"4100 block of Virginia Park",1,0,N/A
"December 25, 2014",Georgia,Eastman,"5714 Anson Ave",1,0,N/A
"December 25, 2014",Georgia,"Dodge County","Garrett Oxley Road",1,0,N/A
"December 25, 2014",Florida,Tampa,"3500 block of Bessie Coleman Boulevard",1,0,N/A
"December 25, 2014",Illinois,Chicago,"1900 block of South Trumbull Avenue",1,1,N/A
"December 25, 2014",Arkansas,"Forrest City","688 Dawson Road",2,0,N/A
"December 25, 2014",Florida,Ocala,"Southwest 131st Lane",3,0,N/A
"December 25, 2014",Kentucky,Lebanon,"Parkside Drive",1,0,N/A
"December 25, 2014",California,Coachella,"83600 block of Shadowrock Lane",1,0,N/A
"December 25, 2014",California,Compton,"1450 block of West 154th Street",1,0,N/A
"December 25, 2014",California,Strathmore,"18800 block of Avenue 204",1,0,N/A
"December 25, 2014",Louisiana,Lafayette,"100 block of Elenore St.",1,1,N/A
"December 25, 2014","South Carolina",Charleston,"Jackson Street and Hanover Street",1,0,N/A
"December 25, 2014",Mississippi,Hazlehurst,"MS 28",1,0,N/A
"December 25, 2014",Texas,"San Antonio","4200 block of First View Dr",1,0,N/A
"December 25, 2014","New York",Queens,"126th Street",1,0,N/A
"December 24, 2014",Florida,"Delray Beach",N/A,1,0,N/A
"December 24, 2014","District of Columbia",Washington,"1200 block of Stevens Road SE",1,0,N/A
"December 24, 2014","District of Columbia",Washington,"Alabama Avenue",1,0,N/A
"December 24, 2014","South Carolina","Anderson County","Interstate 85",1,1,N/A
"December 24, 2014","District of Columbia",Washington,"800 block of Bladensburg Road NE",1,0,N/A
"December 24, 2014",Georgia,Decatur,"Terrace Trail",1,0,N/A
"December 24, 2014",Missouri,"Saint Louis","18th and Pine",1,3,N/A
"December 24, 2014",Georgia,"Pickens County","Bethany Road",1,0,N/A
"December 24, 2014",Texas,Houston,"4130  Woodwind Lane",1,0,N/A
"December 24, 2014",Texas,Houston,"11309  Homestead",1,0,N/A
"December 24, 2014",Arizona,Phoenix,"23rd and Broadway Road",1,0,N/A
"December 24, 2014",Arkansas,Harrison,"E Bunn Ave",2,0,N/A
"December 24, 2014","North Carolina",Reidsville,"8350 U.S. 158 West",1,0,N/A
"December 24, 2014","New York",Manhattan,"Saint Nicholas Avenue",1,0,N/A
"December 24, 2014","District of Columbia",Washington,"30th Street and Naylor Road SE",1,0,N/A
"December 24, 2014","District of Columbia",Washington,"2600 block of Sherman Avenue NW",1,0,N/A
"December 24, 2014","District of Columbia",Washington,"14th and Randolph streets NW",1,0,N/A
"December 24, 2014",Illinois,Warsaw,"245 Underwood",2,0,N/A
"December 24, 2014","South Carolina",Dalzell,"4900 block of Live Oak Road",1,0,N/A
"December 24, 2014",Nebraska,"La Vista","72nd Street and Giles Rd",1,1,N/A
"December 24, 2014",Texas,Irving,Pinemont,1,0,N/A
"December 24, 2014","New York",Andover,"3860 Swain Hill Road",1,0,N/A
"December 24, 2014","New York",Buffalo,"1 block of Klaus Street",1,0,N/A
"December 24, 2014",Texas,"San Antonio","200 block of Kenmar Dr.",1,0,N/A
"December 24, 2014",Louisiana,Gretna,"197 Westbank Expy Ste 33",1,0,N/A
"December 24, 2014",Mississippi,Brookhaven,N/A,1,0,N/A
"December 24, 2014",Arkansas,"Little Rock","2720 E. Broadway",1,0,N/A
"December 24, 2014",Arkansas,"Little Rock",N/A,1,0,N/A
"December 24, 2014",Alabama,Montgomery,"2300 block of East Fifth Street",1,0,N/A
"December 24, 2014",Michigan,Detroit,"Carlisle and Redmond",1,1,N/A
"December 24, 2014",Louisiana,Gray,"300 block of Gaidry Street",1,0,N/A
"December 24, 2014",Texas,Houston,"Homestead and Annunciation",1,0,N/A
"December 24, 2014",Louisiana,Gonzales,"Josh Brown Rd",1,1,N/A
"December 24, 2014",Iowa,Waterloo,"302 E. 10th Street",1,0,N/A
"December 24, 2014",Missouri,"Saint Louis","Cates and North Kingshighway",1,0,N/A
"December 24, 2014",Missouri,"Saint Louis","800 block of Clarendon Avenue",1,0,N/A
"December 24, 2014","New York",Syracuse,"110 Wood Avenue",1,0,N/A
"December 24, 2014",Maryland,Baltimore,"Druid Hill Avenue and Cloverdale Road",1,0,N/A
"December 24, 2014",Missouri,"Saint Louis","Enright and Kingshighway",1,0,N/A
"December 24, 2014",Pennsylvania,Lebanon,"400 block of North Second Street",1,0,N/A
"December 24, 2014","District of Columbia",Washington,"1600 block of Maryland Avenue",1,0,N/A
"December 23, 2014",Tennessee,Memphis,"1500 block of Havana",1,0,N/A
"December 23, 2014",Texas,Houston,"8751 Broadway St",1,0,N/A
"December 23, 2014",California,"Santa Ana","500 block of South Sullivan Street",1,0,N/A
"December 23, 2014",Florida,Tampa,"1715 N. 50th St.",1,0,N/A
"December 23, 2014",Michigan,Howell,"5000 block of Cedar Lake Rd",1,1,N/A
"December 23, 2014",Tennessee,Memphis,"2300 block of Devoy Avenue",1,0,N/A
"December 23, 2014","New Mexico",Albuquerque,"4001 Montgomery NE",1,0,N/A
"December 23, 2014",Kentucky,Winchester,"260 Oxford Drive",1,3,N/A
"December 23, 2014",Illinois,Chicago,"7800 block of South Lowe Avenue",1,0,N/A
"December 23, 2014",Missouri,Berkeley,"6800 North Hanley Road",1,0,N/A
"December 23, 2014","South Carolina",Lancaster,"180 Clyburn Drive",1,0,N/A
"December 23, 2014",Texas,Houston,"7518 El Rancho",2,0,N/A
"December 23, 2014",California,Burbank,N/A,1,0,N/A
"December 23, 2014",California,Compton,"South White Avenue and East Rose Street",1,0,N/A
"December 23, 2014","New Mexico","Las Cruces",N/A,1,0,N/A
"December 23, 2014",Texas,"Corpus Christi","2230 Saratoga Boulevard",1,0,N/A
"December 23, 2014",Missouri,"Saint Louis","5400 block of Ridge",1,1,N/A
"December 23, 2014",Florida,Miami-dade,"8746 NW 24th Ave",1,0,N/A
"December 23, 2014",Illinois,Chicago,"400 block of East 79th Street",1,0,N/A
"December 23, 2014",Illinois,Chicago,"400 block of North Lawler Avenue",1,0,N/A
"December 23, 2014",Georgia,Savannah,"West of King George Boulevard near Georgia Highway 204",1,0,N/A
"December 23, 2014",Illinois,Chicago,"1100 block of North Leclaire Avenue",1,0,N/A
"December 23, 2014",Louisiana,"Baton Rouge","Choctaw Drive",1,0,N/A
"December 23, 2014",Louisiana,Alexandria,N/A,1,0,N/A
"December 23, 2014",Mississippi,Clarksdale,"1000 S State St",1,2,N/A
"December 23, 2014",Texas,"Fort Worth","4818 E. Lancaster Ave.",1,0,N/A
"December 23, 2014",Louisiana,Westwego,"900 block of N. Claiborne Parkwa",1,1,N/A
"December 23, 2014",Texas,Houston,"Broadway and Morley",1,0,N/A
"December 23, 2014",Mississippi,Jackson,"Oakhurst Drive",1,0,N/A
"December 23, 2014",Missouri,"Saint Louis","2800 block of Dayton Street",1,0,N/A
"December 23, 2014",Oregon,Reedsport,"Highway 101",1,0,N/A
"December 23, 2014","District of Columbia",Washington,"900 blk of Delafield St NW",1,0,N/A
"December 22, 2014",Indiana,"Fort Wayne","2100 block of Eden Street",1,0,N/A
"December 22, 2014",Arizona,Yuma,"1700 block of South Sunridge Drive",2,0,N/A
"December 22, 2014","New Jersey","Atlantic City","1200 block of Adriatic Avenue",1,0,N/A
"December 22, 2014","New Jersey",Newark,"Passaic Street",1,1,N/A
"December 22, 2014",Kentucky,Cynthiana,"200 block of Monroe Lane",1,0,N/A
"December 22, 2014",Pennsylvania,Harrisburg,"16th and Walnut streets",1,0,N/A
"December 22, 2014","North Carolina",Benson,"Coats Circle",1,0,N/A
"December 22, 2014",Tennessee,Memphis,"4200 block of Wales Avenue",1,0,N/A
"December 22, 2014",Louisiana,"Orleans Parish","Benson and Gervais streets",1,0,N/A
"December 22, 2014",Missouri,Belton,"Springdale Drive",1,0,N/A
"December 22, 2014",Massachusetts,Worcester,"611 West Boylston Street",1,0,N/A
"December 22, 2014",Kentucky,Independence,"Carol Ann Lane and Cody Road",1,0,N/A
"December 22, 2014",Indiana,Indianapolis,"32nd Street and Station Street",1,0,N/A
"December 22, 2014","New York",Coram,N/A,1,0,N/A
"December 22, 2014",Virginia,Richmond,"Westover Hills Boulevard",1,0,N/A
"December 22, 2014",Michigan,Detroit,"East Grand Boulevard",1,0,N/A
"December 22, 2014",Michigan,Lansing,"1200 block of Deerpath Lane",1,0,N/A
"December 22, 2014",Ohio,Cleveland,"East 127th Street and Brackland",1,0,N/A
"December 22, 2014",Ohio,"New Paris","7800 block of New Paris Gettysburg Road",2,1,N/A
"December 22, 2014",Florida,Lakeland,"2804 Kathryn Ave.",2,0,N/A
"December 22, 2014",Indiana,Indianapolis,"700 block Roche St.",1,0,N/A
"December 22, 2014",Michigan,Southfield,"22200 block of Poinciana St",2,0,N/A
"December 22, 2014",Michigan,Detroit,"Charlevoix and Philip",1,3,N/A
"December 22, 2014",Georgia,Americus,"104 Price Street",2,3,N/A
"December 22, 2014",Illinois,Bloomingdale,"200 block of Tamarack Lane",1,0,N/A
"December 22, 2014",Georgia,Blackshear,"U.S. 84",1,0,N/A
"December 22, 2014",Texas,"San Antonio","200 block of Ada St.",2,0,N/A
"December 22, 2014",Illinois,Chicago,"5500 block of West 63rd Place",1,0,N/A
"December 22, 2014","New York",Webster,"191 Lake Road",4,2,N/A
"December 22, 2014","New York",Buffalo,"1 block of Manhattan Avenue",1,1,N/A
"December 22, 2014",Illinois,Chicago,"500 block of South Central Park Avenue",1,0,N/A
"December 22, 2014",Michigan,Okemos,"4200 block of Kenosha Dr",1,0,N/A
"December 22, 2014",Illinois,Champaign,"410 Brookwood Drive",1,1,N/A
"December 22, 2014",California,"Santa Maria","1000 block of West Morrison Avenue",1,0,N/A
"December 22, 2014",Pennsylvania,Easton,"10th and Ferry",1,0,N/A
"December 22, 2014","North Carolina",Charlotte,"6100 block of Vernedale Road",1,0,N/A
"December 22, 2014","New Mexico","Las Cruces","Espina Street and Colorado Avenue",1,0,N/A
"December 21, 2014",Maryland,Baltimore,"2000 block of Denison St.",1,0,N/A
"December 21, 2014",Texas,Houston,"2300 block of Cleburne Street",1,0,N/A
"December 21, 2014",Missouri,"Saint Louis","5500 block of Lindell Boulevard",1,0,N/A
"December 21, 2014",Nebraska,Omaha,"33rd and Erskine",1,0,N/A
"December 21, 2014",Oklahoma,Stillwater,"500 block of South West Street",1,0,N/A
"December 21, 2014",Wisconsin,Milwaukee,"4600 block of N. 27th Street",1,0,N/A
"December 21, 2014","New Jersey",Newark,"100 block of Mount Prospect Avenue",1,0,N/A
"December 21, 2014",Alabama,Montgomery,"3800 block of Day Street",1,0,N/A
"December 21, 2014",Kansas,Wichita,"East 10th Street N and North Harding Street",1,0,N/A
"December 21, 2014","New York",Rochester,"405 Driving Park Avenue",1,0,N/A
"December 21, 2014",Florida,"Tarpon Springs","199 Grand Boulevard",1,0,N/A
"December 21, 2014","New York",Buffalo,"William and Spring Street",1,0,N/A
"December 21, 2014",Michigan,"Grand Rapids","32 Hall St. SE",1,0,N/A
"December 21, 2014",Delaware,Dover,"50 Greenway Square",1,0,N/A
"December 21, 2014",California,"Moreno Valley","Dracaea Ave and Perris Blvd",2,0,N/A
"December 21, 2014",Nebraska,Omaha,"30th Street and Meredith Avenue",2,1,N/A
"December 21, 2014",Florida,Sarasota,"4034 N Washington Blvd",2,2,N/A
"December 21, 2014",Texas,Denton,"1541 Meadow St.",2,2,N/A
"December 21, 2014","South Carolina",Charleston,"President Street and Line Street",1,0,N/A
"December 21, 2014",Texas,Azle,"600 block of West Steward St.",1,0,N/A
"December 21, 2014",Georgia,"Dekalb County","Landgraf Cove",1,0,N/A
"December 21, 2014",California,Auburn,"Kemper Oaks Court",1,0,N/A
"December 21, 2014",Georgia,Savannah,"Fahm Street near Zubley",1,0,N/A
"December 21, 2014",Nevada,"Las Vegas","3600 block of Elegant Saint Court",1,0,N/A
"December 21, 2014",Illinois,Chicago,"7200 block of South Hermitage Avenue",1,0,N/A
"December 21, 2014",Illinois,Chicago,"5200 block of West Washington Boulevard",1,1,N/A
"December 21, 2014",Arkansas,Jacksonville,"Nobel Road",1,0,N/A
"December 21, 2014",Mississippi,Natchez,"Itasca Drive",1,0,N/A
"December 21, 2014",Texas,Tyler,"1714 North Palace Avenue",1,0,N/A
"December 21, 2014",Mississippi,Waynesboro,"Central Avenue",1,4,N/A
"December 21, 2014",Illinois,"Calumet City","600 block of Escanba",1,8,N/A
"December 21, 2014",California,Antioch,"2100 block of Peppertree Way",1,0,N/A
"December 21, 2014","New York",Wyandanch,N/A,1,0,N/A
"December 20, 2014",Missouri,"Kansas City","5300 block of East 24th Street",1,2,N/A
"December 20, 2014",Maryland,Baltimore,"3800 block of Ravenwood Avenue",1,0,N/A
"December 20, 2014",Delaware,"New Castle County","first block of Lowry Drive",1,0,N/A
"December 20, 2014",Pennsylvania,Philadelphia,"16th and West Cayuga",1,0,N/A
"December 20, 2014",Mississippi,Jackson,"Robinson Road and Loflin Drive",1,1,N/A
"December 20, 2014","South Dakota","Rapid City","541 Paha Sapa Road",1,0,N/A
"December 20, 2014",Maryland,Baltimore,"1000 Edmonson Ave",1,0,N/A
"December 20, 2014",California,"Pico Rivera","5400 block of Rosemead Boulevard",1,0,N/A
"December 20, 2014",Texas,Houston,"8400 Nairn",1,0,N/A
"December 20, 2014",Louisiana,"New Orleans","3300 block of Garden Oaks Drive",1,1,N/A
"December 20, 2014",Kansas,Ogden,"312 Riley Avenue",1,0,N/A
"December 20, 2014",Arizona,Glendale,"63rd and Maryland Avenue",1,0,N/A
"December 20, 2014",Texas,Houston,"16811 City View Place",1,0,N/A
"December 20, 2014",Ohio,Dayton,"2770 Miamisburg-Centerville Road",1,0,N/A
"December 20, 2014",Michigan,Detroit,"Tyler and Broadstreet",1,0,N/A
"December 20, 2014",Georgia,Lagrange,"Forrest Avenue",1,0,N/A
"December 20, 2014","New York",Brooklyn,"Myrtle Ave. and Tompkins Ave",3,0,N/A
"December 20, 2014",Florida,Bradenton,"3600 block of Ninth Street East",1,1,N/A
"December 20, 2014",Illinois,Rockford,"3200 block of Montrose Avenue",4,0,N/A
"December 20, 2014",California,"Los Angeles","5918 S. Broadway",1,0,N/A
"December 20, 2014",California,"Los Angeles","110th and Wilmington Avenue",1,0,N/A
"December 20, 2014","New York",Roosevelt,"Park Avenue",1,0,N/A
"December 20, 2014",Pennsylvania,Philadelphia,"16th and St. Paul Street",1,0,N/A
"December 20, 2014",Ohio,Toledo,"400 block of Danberry Street",1,0,N/A
"December 20, 2014",Texas,Euless,"3929 FM 157",1,1,N/A
"December 20, 2014",Oklahoma,"Oklahoma City","2500 block of N. Moulton",1,0,N/A
"December 20, 2014",Connecticut,Hartford,"Hendricxsen Avenue",1,1,N/A
"December 20, 2014",California,Vallejo,"Redwood Parkway",1,0,N/A
"December 20, 2014",Iowa,"Des Moines","1800 Watrous Avenue",1,0,N/A
"December 19, 2014","North Carolina","Burke County",N/A,1,0,N/A
"December 19, 2014",Texas,Lufkin,"1500 block of Willie Nerren Rd",2,0,N/A
"December 19, 2014",Pennsylvania,Philadelphia,"3100 block of Hartville Street",1,0,N/A
"December 19, 2014",Virginia,Grafton,"1900 block of Lakeside Drive",1,0,N/A
"December 19, 2014",Illinois,Chicago,"3000 block of South Kedvale",1,0,N/A
"December 19, 2014",Indiana,Gary,"5624 E. 4th Ave",1,0,N/A
"December 19, 2014",Utah,"Salt Lake City","563 W. 200 South",1,0,N/A
"December 19, 2014",Missouri,"Saint Louis","3800 block of 25th Street",1,1,N/A
"December 19, 2014",Florida,Jacksonville,"Atlantic Boulevard",1,0,N/A
"December 19, 2014",Maryland,"Temple Hills","4800 block of Stamp Road",1,0,N/A
"December 19, 2014","New York",Buffalo,"500 block of Grant Street",1,1,N/A
"December 19, 2014",Florida,Jacksonville,"Knoll Drive and Palisades Drive",1,1,N/A
"December 19, 2014",Texas,Houston,"4900 block of Eastland",1,0,N/A
"December 19, 2014",Texas,Houston,"6005 Bissonnet",1,0,N/A
"December 19, 2014","New York",Brooklyn,"McClancy Place",1,1,N/A
"December 19, 2014",Texas,"Corpus Christi","Wilkinson Dr at S Padre Island Dr",1,0,N/A
"December 19, 2014",Florida,"Pasco County","3252 Windfield Drive",1,0,N/A
"December 19, 2014",Illinois,Chicago,"E 79th St and S Vincennes Ave",1,0,N/A
"December 19, 2014",Florida,"Temple Terrace","8837 N. 56th St.",1,0,N/A
"December 19, 2014",Texas,"Corpus Christi","South Padre Island Dr.",1,0,N/A
"December 19, 2014",Arkansas,Camden,"1137 W. Washington",1,0,N/A
"December 19, 2014",California,"Los Angeles","787 Millbury Avenue",1,0,N/A
"December 19, 2014",Florida,Pensacola,"7500 block of Mobile Hwy",1,0,N/A
"December 19, 2014",Indiana,Elkhart,"300 block of Wagner Avenue",1,0,N/A
"December 19, 2014",Delaware,Wilmington,"700 block of Vandever Avenue",1,0,N/A
"December 19, 2014",Montana,"Deer Lodge",N/A,1,0,N/A
"December 19, 2014",Missouri,"Saint Louis","700 block of Thrush Avenue",1,0,N/A
"December 19, 2014",Indiana,Indianapolis,"4500 block of Devon Ct",1,0,N/A
"December 19, 2014",California,Martinez,"1900 block of Boynton Avenue",1,1,N/A
"December 18, 2014","New York",Queens,"Hillside Avenue",1,0,N/A
"December 18, 2014",Florida,Largo,"13156 Thoroughbred Loop",2,0,N/A
"December 18, 2014","North Carolina","Ashe County",N/A,1,0,N/A
"December 18, 2014",Texas,"El Paso","10700 block of Vista Del Sol",2,0,N/A
"December 18, 2014",California,"Willow Creek","State Route 299 and Blue Jay Lane",1,0,N/A
"December 18, 2014",Louisiana,"Baton Rouge","2600 block of Citadel Drive",1,0,N/A
"December 18, 2014",Florida,Orlando,"2000 block of Raper Dairy Road",1,0,N/A
"December 18, 2014",Michigan,Detroit,"Seven Mile and Van Dyke",1,0,N/A
"December 18, 2014",Arkansas,"El Dorado","E Cedar St",1,1,N/A
"December 18, 2014",Texas,Beaumont,"3300 block of Concord Rd.",2,0,N/A
"December 18, 2014",Tennessee,"Shelby County","7800 block of Mudville Road",1,0,N/A
"December 18, 2014",Texas,Paris,N/A,1,0,N/A
"December 18, 2014",Kentucky,Lexington,"Augusta Court",1,0,N/A
"December 18, 2014",Florida,"Plant City","205 S. Johnson St.",2,0,N/A
"December 18, 2014",Texas,Houston,"7000 block of Hollister",1,0,N/A
"December 18, 2014",Texas,Laredo,"2800 block of Guadalupe Street",1,1,N/A
"December 18, 2014",California,"Los Angeles","1655 S. Van Ness Avenue",1,0,N/A
"December 18, 2014",Florida,"Panama City","E 5th Court and Everitt Ave",1,0,N/A
"December 18, 2014",Arizona,Phoenix,"Union Hills Drive and 23rd Avenue",1,0,N/A
"December 18, 2014",Ohio,Columbus,"2700 block of Stonehenge Drive",1,0,N/A
"December 18, 2014",California,"San Diego","2600 block of Mission Village Drive",1,0,N/A
"December 18, 2014",Illinois,Montgomery,"Fourth Street and Montgomery Road",1,0,N/A
"December 18, 2014",Florida,"Boynton Beach","500 block of NW 12th Avenue",1,1,N/A
"December 18, 2014",Texas,"Montgomery County",N/A,1,0,N/A
"December 18, 2014",Louisiana,Shreveport,N/A,1,0,N/A
"December 18, 2014",Utah,Sandy,"343 E. Gary Ave",1,0,N/A
"December 18, 2014",Florida,"Riviera Beach","2600 block of West 28th St.",1,0,N/A
"December 17, 2014",Florida,"Orange County","Chancery Lane",1,0,N/A
"December 17, 2014",Arkansas,Paris,"148 Old Sandy Road",2,0,N/A
"December 17, 2014","North Carolina",Fayetteville,"235 Person Street",1,0,N/A
"December 17, 2014","West Virginia",Charleston,"409 Hunt Avenue",1,0,N/A
"December 17, 2014",Texas,"Harris County","10555 Turtlewood",1,0,N/A
"December 17, 2014","New Jersey",Irvington,"Orange Avenue and Orange Place",1,1,N/A
"December 17, 2014",Illinois,Chicago,"2100 block of East 79th Street",1,1,N/A
"December 17, 2014",California,Eureka,"2300 block of 15th Street",1,0,N/A
"December 17, 2014",Illinois,Chicago,"5900 block of South Fairfield Avenue",1,0,N/A
"December 17, 2014",Iowa,Marshalltown,"2nd Avenue and Linn Street",1,0,N/A
"December 17, 2014",Indiana,"Owen County","Ind. 67",1,0,N/A
"December 17, 2014",Michigan,"St. Clair Shores","22000 block of 10 Mile Road",1,0,N/A
"December 17, 2014",Massachusetts,Roxbury,"Dudley Street",1,0,N/A
"December 17, 2014","North Carolina",Durham,"Concord Street and Cecil Street",1,0,N/A
"December 17, 2014","West Virginia","Cool Ridge","Blue Jay 6 Road",1,0,N/A
"December 17, 2014",Georgia,"College Park","4000 block of Lakemont Drive",1,0,N/A
"December 17, 2014","West Virginia",Charleston,"Starling Dr",1,0,N/A
"December 17, 2014",Kentucky,Dunmor,"525 Belcher Ln",2,0,N/A
"December 17, 2014","North Carolina",Raleigh,"9937 Huntwyck Drive",2,0,N/A
"December 17, 2014",Tennessee,Memphis,"500 block of Nonconnah Road",1,0,N/A
"December 17, 2014",Illinois,Chicago,"5900 block of South Wolcott Avenue",1,0,N/A
"December 17, 2014",Ohio,"Garfield Heights","13500 block of Saybrook Avenue",1,0,N/A
"December 17, 2014",Texas,Georgetown,"1400 block of Scenic Dr.",1,0,N/A
"December 17, 2014","Rhode Island",Providence,"Hartford Avenue",1,0,N/A
"December 17, 2014",California,"Los Angeles","3100 block of Helms Place",1,2,N/A
"December 17, 2014",Arkansas,"Little Rock","1420 Breckenridge Drive",3,0,N/A
"December 17, 2014",Washington,Tacoma,"2425 96th St S",2,0,N/A
"December 17, 2014",California,"Los Angeles","8917 W. Helms Place",1,0,N/A
"December 17, 2014",California,"Desert Hot Springs","6600 block of Acoma Avenue",1,0,N/A
"December 17, 2014",Arizona,Tucson,"Dodge and Flower",1,0,N/A
"December 17, 2014",Minnesota,"Saint Paul (Shoreview)","Interstate 694",2,0,N/A
"December 17, 2014",Idaho,Notus,"20038 Elgin St",1,0,N/A
"December 17, 2014",Texas,"San Antonio","1300 block of Hillcrest",1,0,N/A
"December 17, 2014","New York",Poughkeepsie,"15 Gifford Avenue",1,0,N/A
"December 17, 2014","New Mexico",Albuquerque,"1501 Tramway Boulevard Northeast",1,0,N/A
"December 16, 2014",Pennsylvania,Marianna,"172 Patterson Run Road",2,0,N/A