"Incident Date",State,"City Or County",Address,"# Killed","# Injured",Operations
"September 30, 2017",Tennessee,Memphis,"2400 block of Dana Drive",1,0,N/A
"September 30, 2017",Oklahoma,"Oklahoma City","10600 block of NE 46th",1,0,N/A
"September 30, 2017",Indiana,Indianapolis,"2400 block of Dawson St",1,0,N/A
"September 30, 2017",Virginia,Hampton,"400 block of Glendale Rd",1,0,N/A
"September 30, 2017",Virginia,Richmond,"2200 block of Afton Ave",1,1,N/A
"September 30, 2017",Florida,"Port Charlotte","Dorchester St",1,0,N/A
"September 30, 2017",Mississippi,"Horn Lake","Longwood Cove",1,1,N/A
"September 30, 2017","New York",Monticello,"Wood Ave and Holmes St",1,0,N/A
"September 30, 2017",California,"San Francisco","Rayburn St and 21st St",2,0,N/A
"September 30, 2017","New Hampshire",Belmont,"9 Plummer Hill Rd",1,0,N/A
"September 30, 2017","South Carolina",Aiken,"826 Brant Ct NE",1,0,N/A
"September 30, 2017",Missouri,"Saint Louis (Ferguson)","500 block of Ames Pl",1,1,N/A
"September 30, 2017",California,Pacifica,"Alviso Ct",2,0,N/A
"September 30, 2017",Tennessee,Memphis,"800 block of Kerr Avenue",1,3,N/A
"September 30, 2017",Indiana,Indianapolis,"1802 E 23rd St",1,0,N/A
"September 30, 2017",Georgia,Hephzibah,"2519 Tobacco Rd",1,0,N/A
"September 30, 2017","South Carolina",Charleston,"President St and Kennedy St",1,0,N/A
"September 30, 2017",Michigan,Williamsburg,"Brackett Rd",2,0,N/A
"September 30, 2017",Pennsylvania,Coatesville,"602 S 1st Ave",1,0,N/A
"September 30, 2017",Florida,"Fort Pierce","300 Block of N 12th St",1,0,N/A
"September 30, 2017","South Carolina",Anderson,"203 Miracle Mile Dr",1,0,N/A
"September 30, 2017",Indiana,Gary,"3rd Ave and Bridge St",1,0,N/A
"September 30, 2017","South Carolina",Columbia,"1310 Oakcrest Dr",2,0,N/A
"September 30, 2017",Ohio,Cincinnati,"100 block of W McMillan",1,0,N/A
"September 30, 2017",Maine,Saco,"26 Nye St",1,0,N/A
"September 30, 2017",Texas,"Cleveland (Plum Grove)","CR 3560",1,0,N/A
"September 30, 2017",Indiana,Indianapolis,"1600 N Goodlet Ave",2,0,N/A
"September 30, 2017",Ohio,Dayton,"616 Summit Square Dr",1,0,N/A
"September 30, 2017",Georgia,Augusta,"2400 Block of Amsterdam Dr",1,0,N/A
"September 30, 2017",Maryland,Baltimore,"2900 block of Harview Avenue",1,1,N/A
"September 30, 2017",California,Turlock,"200 block of H St",1,0,N/A
"September 30, 2017","North Carolina",Lexington,"200 Block of Bookington Dr",1,0,N/A
"September 30, 2017","North Carolina",Charlotte,"400 Block of Orange St",1,0,N/A
"September 30, 2017",California,Lancaster,"43000 block of 6th St E",2,0,N/A
"September 30, 2017",Alabama,Huntsville,"Adventist Blvd and Sparkman Dr",1,0,N/A
"September 30, 2017",Ohio,Columbus,"1626 E Livingston Ave",1,0,N/A
"September 30, 2017",Texas,Houston,"13502 Northborough Dr",1,0,N/A
"September 30, 2017",Florida,Palatka,"3701 St Johns Ave",1,0,N/A
"September 30, 2017",Alabama,Birmingham,N/A,1,0,N/A
"September 30, 2017",Indiana,Columbus,IN-11,1,1,N/A
"September 30, 2017",Indiana,Hammond,"Michigan St and Howard Ave",1,0,N/A
"September 30, 2017","New York","New York (Manhattan)","Lenox Ave and 112th St",1,0,N/A
"September 30, 2017",Oregon,Ashland,"7100 Old Hwy 99 S",1,0,N/A
"September 30, 2017",Wisconsin,Milwaukee,"North 68th Street and West Hope Avenue",1,0,N/A
"September 30, 2017",Texas,Belton,"800 block of Carla Kay Dr",1,0,N/A
"September 29, 2017",Tennessee,Memphis,"3rd and Belz",1,1,N/A
"September 29, 2017","New York",Bronx,"2542 White Plains Rd",1,0,N/A
"September 29, 2017",Pennsylvania,"New Castle","901 Franklin Ave",1,0,N/A
"September 29, 2017",Minnesota,Minneapolis,"2500 block of Penn Avenue North",1,0,N/A
"September 29, 2017",Missouri,"Lees Summit","901 NE Douglas St",1,0,N/A
"September 29, 2017",Mississippi,Meridian,"1800 Block of 17th Ave",1,0,N/A
"September 29, 2017",Mississippi,Jackson,"3165 Robinson St",1,1,N/A
"September 29, 2017",Louisiana,Lafayette,"3200 block of NE Evangeline Thruway",2,0,N/A
"September 29, 2017",Tennessee,Memphis,"1666 Winchester Rd",1,1,N/A
"September 29, 2017","North Carolina","Southern Pines","912 W Pennsylvania Ave",1,0,N/A
"September 29, 2017",Alabama,Montgomery,"2700 Block of Poplar St",1,1,N/A
"September 29, 2017",Missouri,Independence,"I-70 and S Noland Rd",1,0,N/A
"September 29, 2017",Georgia,Cedartown,"123 Santa Claus Road",1,1,N/A
"September 29, 2017",Illinois,Chicago,"4500 W Jackson Blvd",1,1,N/A
"September 29, 2017",Indiana,Indianapolis,"500 block of W 28th St",1,0,N/A
"September 29, 2017",Florida,Pensacola,"200 Block of New York Dr",1,0,N/A
"September 29, 2017",Pennsylvania,Philadelphia,"75th Avenue and Tulpehocken Street",1,0,N/A
"September 29, 2017",Illinois,Chicago,"400 block of W 102nd Pl",2,0,N/A
"September 29, 2017",Texas,"San Antonio","900 block of Aransas Ave",1,0,N/A
"September 29, 2017",Tennessee,Memphis,"4600 block of Sandy Park",1,0,N/A
"September 29, 2017",Georgia,Columbus,"351 Clover Ave",1,0,N/A
"September 29, 2017",Minnesota,"Saint Paul","160 Larpenteur Ave",1,0,N/A
"September 29, 2017",Alabama,Huntsville,"South Plymouth Road",1,0,N/A
"September 29, 2017",Georgia,Macon,"4949 Harrison Rd",1,1,N/A
"September 29, 2017",Alabama,Mobile,"4100 block of Palmdale Drive",1,0,N/A
"September 29, 2017","New York",Brooklyn,"720 E 98th St",1,0,N/A
"September 29, 2017","North Carolina",Newton,"3500 Block of Ball Park Rd",1,0,N/A
"September 29, 2017",California,Oakland,"6000 block of Margarita Ave",1,0,N/A
"September 29, 2017",Illinois,Chicago,"4700 W Jackson Blvd",1,0,N/A
"September 29, 2017",Florida,"Fort Myers","4760 S Cleveland Ave",1,0,N/A
"September 29, 2017",Illinois,Chicago,"4000 block of W 25th Pl",1,0,N/A
"September 29, 2017",Washington,Olympia,"6500 Nels St SW",1,0,N/A
"September 29, 2017",Illinois,Chicago,"2200 S Kildare Ave",1,0,N/A
"September 29, 2017",Louisiana,"Baton Rouge","Nicholson Drive",1,0,N/A
"September 29, 2017",Massachusetts,Boston,"Washington St and Park St",1,0,N/A
"September 29, 2017",Tennessee,Ramer,"100 block of Ramer Selmer Rd",1,2,N/A
"September 29, 2017",Maryland,Baltimore,"1100 block Myrtle Avenue",1,0,N/A
"September 29, 2017",Texas,Dallas,"2700 block of Lagow",1,1,N/A
"September 29, 2017","New Jersey",Neptune,"500 block of Sayre St",2,0,N/A
"September 29, 2017",Idaho,"Pocatello (Chubbuck)","4444 Yellowstone Ave",1,0,N/A
"September 29, 2017",California,"San Jose","100 block of S Jackson Ave",1,0,N/A
"September 29, 2017",California,Arcadia,"Santa Anita Ave and Saint Joseph St",1,1,N/A
"September 28, 2017",Arkansas,"North Little Rock","5900 McCain Park Pl",1,0,N/A
"September 28, 2017","New York",Poughkeepsie,"106 Van Wagner Rd",1,0,N/A
"September 28, 2017",Virginia,Danville,"400 block of Moffett St",1,0,N/A
"September 28, 2017",Delaware,Wilmington,"4300 block of Miller Rd",1,0,N/A
"September 28, 2017","North Carolina","Mount Airy","170 Long St",1,1,N/A
"September 28, 2017",Indiana,Gary,"4100 W 22nd Plaza",1,0,N/A
"September 28, 2017",California,Sacramento,"5100 block of Ehrhardt Ave",1,0,N/A
"September 28, 2017",Louisiana,"New Orleans","2001 N Rocheblave St",1,3,N/A
"September 28, 2017",Kansas,Topeka,"300 block of SE Lawrence St",1,0,N/A
"September 28, 2017",Texas,Tornillo,"19000 block of Highland",1,0,N/A
"September 28, 2017",Iowa,Davenport,"2300 block of W 3rd St",1,0,N/A
"September 28, 2017","North Carolina",Woodland,"109 Maple St",1,0,N/A
"September 28, 2017",California,"San Jose","300 block of Elan Village Ln",0,1,N/A
"September 28, 2017",Alabama,Tuscumbia,"1608 US 72 E",1,0,N/A
"September 28, 2017",Kansas,Topeka,"NW 14th St and NW Gage Blvd",2,0,N/A
"September 28, 2017",Pennsylvania,Phoenixville,"217 Bridge St",1,0,N/A
"September 28, 2017",Illinois,Chicago,"8100 S Ellis Ave",1,1,N/A
"September 28, 2017",Illinois,Mansfield,N/A,1,0,N/A
"September 28, 2017",Indiana,Madison,"3000 block of Cameron Court",1,1,N/A
"September 28, 2017","North Carolina",Charlotte,N/A,1,0,N/A
"September 28, 2017",Illinois,Chicago,"7600 S Prairie Ave",1,0,N/A
"September 28, 2017",Alabama,Dadeville,"Jah Street",1,1,N/A
"September 28, 2017",Missouri,"Saint Louis","5100 block of Maffitt Ave",2,0,N/A
"September 28, 2017",Ohio,"Cleveland (Parma)","6600 block of Brownfield Dr",1,0,N/A
"September 28, 2017",California,Arcadia,"Chantry Flat Rd",1,1,N/A
"September 28, 2017","South Carolina",Greenville,"116 Chalmers Road",1,0,N/A
"September 28, 2017",Utah,"Salt Lake City","508 300 S",1,0,N/A
"September 28, 2017",Nevada,"Las Vegas","200 block of North Jones Blvd",1,0,N/A
"September 28, 2017",California,Fresno,"Marks and Princeton",1,0,N/A
"September 28, 2017",California,Compton,"1100 block of E 148th St",1,1,N/A
"September 27, 2017",Maryland,Baltimore,"2300 block of West Lafayette Avenue",1,0,N/A
"September 27, 2017",Idaho,Meridian,"1570 W Amity Rd",1,0,N/A
"September 27, 2017","New York",Buffalo,"Parkdale Ave and Potomac Ave",1,1,N/A
"September 27, 2017","South Carolina",Lancaster,"900 block of 16th Street",1,0,N/A
"September 27, 2017",Indiana,"Fort Wayne","2400 Grand Canyon Corridor",1,0,N/A
"September 27, 2017","North Carolina",Pembroke,"3000 block of Buie Philadelphus Rd",1,1,N/A
"September 27, 2017",Texas,Cameron,"411 S Jefferson St",1,0,N/A
"September 27, 2017",California,"San Francisco",I-80,1,0,N/A
"September 27, 2017",Virginia,"Falls Church","8111 Gatehouse Road",1,0,N/A
"September 27, 2017",Pennsylvania,Philadelphia,"1000 block of E Montgomery Ave",1,0,N/A
"September 27, 2017",Florida,Jacksonville,"2003 Blanding Blvd",1,0,N/A
"September 27, 2017",Florida,Astor,"54232 Longwoods Rd",1,1,N/A
"September 27, 2017",Maryland,"Temple Hills","4000 block of Rocky Mount Dr",1,0,N/A
"September 27, 2017",Florida,"Spring Hill","Trillium Blvd",1,0,N/A
"September 27, 2017",Oklahoma,"Beggs (Winchester)",N/A,1,0,N/A
"September 27, 2017",Illinois,Chicago,"10200 block of S State",1,0,N/A
"September 27, 2017",Louisiana,Lafayette,"400 block of N St. Antoine Street",1,0,N/A
"September 27, 2017",Ohio,Cleveland,"Woodhill Rd and Sophia Ave",1,0,N/A
"September 27, 2017",Indiana,Centerville,"N Centerville Rd and Nolands Fork Rd",1,0,N/A
"September 27, 2017",Georgia,Griffin,"26 Collier Ln",1,0,N/A
"September 27, 2017",Texas,"Fort Worth","1800 block of Provine St",1,0,N/A
"September 27, 2017",California,"San Bernardino","1200 block of W 27th St",1,0,N/A
"September 27, 2017",Mississippi,Magnolia,"2100 block of Lablanc Rd",1,0,N/A
"September 27, 2017",Georgia,Atlanta,"5100 block of Riverdale Road",1,0,N/A
"September 27, 2017",Washington,Sunnyside,"400 block of W South Hill Rd",2,0,N/A
"September 27, 2017",Pennsylvania,Philadelphia,"3400 block of N Water St",1,0,N/A
"September 27, 2017",Alabama,"Pine Hill",N/A,2,0,N/A
"September 27, 2017",Alabama,Mobile,"Aaron Dr",1,1,N/A
"September 27, 2017",Texas,Chandler,"21000 block of Easy St",1,0,N/A
"September 27, 2017",Alabama,Valley,"4300 block of County Road 388",1,0,N/A
"September 27, 2017",Illinois,Chicago,"2300 block of E 102nd St",1,1,N/A
"September 27, 2017",Missouri,Warrenton,"21500 block of Township Line Rd",1,0,N/A
"September 26, 2017",Pennsylvania,Philadelphia,"600 block of Perth Pl",1,2,N/A
"September 26, 2017",Massachusetts,Springfield,"24 Baldwin St",1,0,N/A
"September 26, 2017",Washington,Elk,"39824 Newport Hwy",1,0,N/A
"September 26, 2017",Iowa,"North Liberty","60 David Lee Ct",1,1,N/A
"September 26, 2017","New York",Bronx,"85 Strong St",1,1,N/A
"September 26, 2017",Massachusetts,Chelsea,"119 Congress Ave",1,1,N/A
"September 26, 2017",Tennessee,Fairview,"7125 Hill Hughes Rd",1,0,N/A
"September 26, 2017",Illinois,Decatur,"800 block of W Decatur St",1,0,N/A
"September 26, 2017",Michigan,Detroit,"18900 block of Coyle",1,1,N/A
"September 26, 2017",Texas,Garland,"3700 block of Burning Tree Ln",1,0,N/A
"September 26, 2017",Tennessee,Milan,"4051 Reasons Blvd",2,0,N/A
"September 26, 2017",Michigan,"Muskegon (Muskegon Heights)","500 block of Howell Ave",1,0,N/A
"September 26, 2017",Montana,Polson,"106 4th Ave E",1,0,N/A
"September 26, 2017","New York",Bronx,"308 E 145th St",1,0,N/A
"September 26, 2017",California,Oakland,"Grizzly Peak Blvd",1,0,N/A
"September 26, 2017",Louisiana,"Baton Rouge","1188 Rosenwald Rd",1,0,N/A
"September 26, 2017",Pennsylvania,Swarthmore,"300 Rolling Creek Road",1,0,N/A
"September 26, 2017",Missouri,"Saint Louis","2800 N Florissant Ave",1,0,N/A
"September 26, 2017",Florida,Miami,"NW 17th Ave and 65th St",1,0,N/A
"September 26, 2017",Illinois,Chicago,"7000 S Chappel Ave",1,1,N/A
"September 26, 2017",Florida,"Orange Park","1075 Oakleaf Plantation Pkwy",1,1,N/A
"September 26, 2017",Maryland,Baltimore,"3200 block of Lyndale Ave",2,2,N/A
"September 26, 2017",California,Carson,"Idabell Ave and Fairhaven St",1,0,N/A
"September 26, 2017",Illinois,Chicago,"12300 block of S Emerald Dr",1,0,N/A
"September 26, 2017",Florida,"North Port","2400 Block of Roxbury Circle",1,0,N/A
"September 26, 2017","South Carolina",Charleston,"Romney St and Athens Ct",1,1,N/A
"September 26, 2017",Illinois,"Chicago (Englewood)","6600 S Oakley Ave",1,0,N/A
"September 26, 2017","South Dakota",Lennox,"S Main St",3,0,N/A
"September 26, 2017","New Jersey",Camden,"Ormond Ave and Lansdowne Ave",1,0,N/A
"September 26, 2017",Pennsylvania,Thompson,"Potter Hill Rd",1,0,N/A
"September 26, 2017","South Carolina",Santee,"9300 block of Old Number Six Highway",1,2,N/A
"September 26, 2017",Pennsylvania,Philadelphia,"100 block of Pastorius St",1,3,N/A
"September 26, 2017",Alabama,Montgomery,"3500 block of April Street",1,0,N/A
"September 26, 2017",California,Sacramento,"5800 block of 64th St",1,1,N/A
"September 26, 2017",Oregon,Eugene,"Corllis Ln",1,0,N/A
"September 26, 2017",Idaho,Coolin,N/A,1,0,N/A
"September 26, 2017",Missouri,Independence,"627 N Peck Ct",1,1,N/A
"September 26, 2017",Texas,Houston,"780 W Rittenhouse",1,0,N/A
"September 25, 2017",Nevada,"Las Vegas","1800 W Charleston Blvd",1,0,N/A
"September 25, 2017",Missouri,"Saint Louis","5000 block of Durant Ave",1,0,N/A
"September 25, 2017",Missouri,"Saint Louis","Mattis Rd And Music Ln",1,0,N/A
"September 25, 2017",Wisconsin,Milwaukee,"5100 block of N 40th St",1,0,N/A
"September 25, 2017",Florida,Palmetto,"25th St W",1,0,N/A
"September 25, 2017",Arizona,Phoenix,"43rd Ave and Bethany Home Rd",1,2,N/A
"September 25, 2017",Colorado,Pueblo,"2200 block of E 14th St",1,0,N/A
"September 25, 2017","New York",Syracuse,"1129 Avery Ave",2,0,N/A
"September 25, 2017",Georgia,Chatsworth,"Leonard Bridge Rd",1,1,N/A
"September 25, 2017",Pennsylvania,Harrisburg,"600 block of Dauphin St",1,0,N/A
"September 25, 2017","North Carolina",Whiteville,"704 Nolan Ave",1,0,N/A
"September 25, 2017","New Mexico","Los Lunas","El Cid Loop",1,0,N/A
"September 25, 2017","South Carolina",Inman,"Zimmerman Rd",1,0,N/A
"September 25, 2017",Colorado,Denver,"2200 block of S Delaware St",1,0,N/A
"September 25, 2017",Louisiana,"Baton Rouge","6700 block of Cezanne Ave",1,1,N/A
"September 25, 2017","North Carolina",Fayetteville,"1044 Wildwood Dr",1,1,N/A
"September 25, 2017",Louisiana,"New Orleans","2500 block of Marais St",1,0,N/A
"September 25, 2017",Georgia,"Stone Mountain","Ridge Forest Dr",1,0,N/A
"September 25, 2017","New Jersey",Harrison,"Frank E Rodgers Blvd",1,0,N/A
"September 25, 2017",Maryland,Baltimore,"2400 block of Barclay Street",1,0,N/A
"September 25, 2017",Maryland,Baltimore,"1100 block of E 20th St",1,0,N/A
"September 25, 2017",Alabama,Birmingham,"5900 block of Ellington St",1,0,N/A
"September 25, 2017",Michigan,Detroit,"18000 block of Ohio St",1,0,N/A
"September 25, 2017",Florida,"Fort Myers","15270 Ballast Point Dr",2,0,N/A
"September 25, 2017",Pennsylvania,Lebanon,"705 Mifflin St",1,1,N/A
"September 25, 2017",Illinois,Chicago,"5100 W Concord Pl",1,0,N/A
"September 25, 2017","South Carolina",Greenville,"500 Block of Laurel Meadows Pkwy",2,0,N/A
"September 25, 2017",Illinois,Chicago,"6400 S Langley Ave",1,0,N/A
"September 25, 2017",Florida,Gainesville,"1500 NW 12th St",1,0,N/A
"September 25, 2017",Texas,"San Antonio","207 Upland Rd",1,0,N/A
"September 25, 2017",Arkansas,Blytheville,"Hwy 148",1,0,N/A
"September 25, 2017",Florida,Miami,"17335 SW 102nd Ave",1,0,N/A
"September 25, 2017","South Carolina",Greenville,N/A,2,0,N/A
"September 25, 2017",Arizona,Mesa,"14th St and Center St",1,0,N/A
"September 25, 2017",Alabama,Boaz,"689 Sunset Trail",1,0,N/A
"September 25, 2017",Florida,"Lake Worth","4200 block of Davis Rd",1,0,N/A
"September 24, 2017",Wisconsin,Milwaukee,"2900 block of N 39th St",1,0,N/A
"September 24, 2017",Maryland,Hagerstown,"600 block of Salem Ave",1,0,N/A
"September 24, 2017",Tennessee,Knoxville,"Ben Hur Dr and Selma Ave",1,0,N/A
"September 24, 2017",California,"San Francisco","Salmon St",1,0,N/A
"September 24, 2017",California,Pittsburg,"Railroad Ave and E 17th St",1,0,N/A
"September 24, 2017",Nevada,"Las Vegas","30 E. Serene Ave",1,0,N/A
"September 24, 2017",Tennessee,Nashville,"311 Natchez Ct",2,0,N/A
"September 24, 2017",California,"Moreno Valley","2500 block of Camino Castillo",1,0,N/A
"September 24, 2017",Ohio,Toledo,"1800 block of Macomber Street",1,2,N/A
"September 24, 2017",Georgia,Clyo,"545 Fair St",1,2,N/A
"September 24, 2017",Delaware,Bridgeville,"11000 block of Iris Field Ln",1,0,N/A
"September 24, 2017",Georgia,"Mount Vernon","1106 Walker St",1,1,N/A
"September 24, 2017",California,Oakland,"7700 block of Bancroft Ave",1,1,N/A
"September 24, 2017",Maryland,"College Park","9310 Cherry Hill Road",1,1,N/A
"September 24, 2017",Maryland,"Princess Anne","11000 block of Freetown Rd",1,0,N/A
"September 24, 2017","District of Columbia",Washington,"14th St and Girard St NE",1,0,N/A
"September 24, 2017",Ohio,Cleveland,"4200 block of West 123rd Street",1,0,N/A
"September 24, 2017","District of Columbia",Washington,"5100 block of Second St NW",1,0,N/A
"September 24, 2017",Tennessee,Antioch,"3890 Pin Hook Rd",1,8,N/A
"September 24, 2017",Georgia,Waynesboro,"Magnolia Acres",1,0,N/A
"September 24, 2017",Florida,Tallahassee,"2940 Grady Rd",1,2,N/A
"September 24, 2017",Texas,Houston,"9275 Richmond Ave",1,0,N/A
"September 24, 2017",Massachusetts,Boston,"Southampton St and Topeka St",1,0,N/A
"September 24, 2017",Louisiana,Slidell,"4800 block of Pontchartrain Dr",1,0,N/A
"September 24, 2017",California,Sacramento,"5600 block of Wardell Way",1,0,N/A
"September 24, 2017",Michigan,Jackson,"Francis St and Detroit St",1,0,N/A
"September 24, 2017",California,"Los Angeles","3300 block of Drew",1,1,N/A
"September 24, 2017","New Jersey","Mays Landing","6000 block of Hoover Dr",1,3,N/A
"September 24, 2017",Tennessee,Memphis,"1849 E Brooks Rd",1,1,N/A
"September 24, 2017",Pennsylvania,Pottstown,"782 Worth Blvd",1,0,N/A
"September 24, 2017",Mississippi,Hattiesburg,"Orange and Xavier Street",1,0,N/A
"September 24, 2017",Indiana,"New Castle","1700 block of Columbus St",1,1,N/A
"September 24, 2017",Florida,Miami,"NE 70th St and Second Ave",1,0,N/A
"September 24, 2017",Illinois,Chicago,"1500 S Trumbull Ave",1,0,N/A
"September 24, 2017",Louisiana,"Lake Charles","North Shattuck Street",1,1,N/A
"September 24, 2017","South Carolina","Myrtle Beach","Spivey Ave",1,1,N/A
"September 24, 2017",Illinois,Chicago,"900 N Massasoit Ave",1,0,N/A
"September 24, 2017","New York",Yonkers,"201 Warburton Ave",1,0,N/A
"September 24, 2017",Alabama,Fairfield,"3640 Richard M Scrushy Pkwy",1,0,N/A
"September 24, 2017",Utah,"Garden City","3079 Breaker Dr",1,2,N/A
"September 23, 2017",Ohio,Centerburg,"3424 Columbus Rd",2,0,N/A
"September 23, 2017",Oklahoma,Valliant,N/A,1,0,N/A
"September 23, 2017",Missouri,"Saint Louis","5400 block of Arlington Ave",1,0,N/A
"September 23, 2017",Missouri,Salem,"CR 621",1,0,N/A
"September 23, 2017",Virginia,Petersburg,"1100 block of West High Street",1,0,N/A
"September 23, 2017",Tennessee,Puryear,"9220 US-641",1,0,N/A
"September 23, 2017",Illinois,"Glendale Heights","1400 block of Golfview Dr",2,1,N/A
"September 23, 2017",Pennsylvania,Kulpmont,"654 Maple St",1,0,N/A
"September 23, 2017",Michigan,Flint,"2000 block of Francis Ave",1,0,N/A
"September 23, 2017",Michigan,Detroit,"9701 Van Dyke Ave",1,0,N/A
"September 23, 2017",Michigan,"Highland Park","200 block of Richton Street",1,0,N/A
"September 23, 2017",Tennessee,Nashville,"1900 12th Avenue North",1,0,N/A
"September 23, 2017",Florida,Jacksonville,"8200 Block of Susie Dr",1,1,N/A
"September 23, 2017",Virginia,"Isle Of Wight","4000 block of Ennisdale Dr",2,0,N/A
"September 23, 2017",California,"Long Beach","7100 block of Island Village Dr",2,0,N/A
"September 23, 2017",Tennessee,Nashville,"2714 Jones Avenue",1,0,N/A
"September 23, 2017",California,Bakersfield,"818 Real Rd",1,4,N/A
"September 23, 2017",Indiana,Hammond,"6400 block of Woodward Ave",1,0,N/A
"September 23, 2017",Georgia,"Powder Springs","Glendora Dr",1,1,N/A
"September 23, 2017",Mississippi,Hattiesburg,"6428 Hwy 49 N",1,0,N/A
"September 23, 2017",Indiana,Gary,"Grant St and I-94",1,2,N/A
"September 23, 2017",Michigan,Plainwell,"15000 block of Burchette Rd",1,0,N/A
"September 23, 2017",Indiana,"South Bend","1500 block of Lebanon St",1,1,N/A
"September 23, 2017",Maryland,Baltimore,"700 block of Newington Avenue",1,0,N/A
"September 23, 2017",California,Alderpoint,"6th St",1,0,N/A
"September 23, 2017",Georgia,Lawrenceville,"1200 Block of Bishops Ln",2,0,N/A
"September 23, 2017","North Carolina",Youngsville,"26 Amanda Way",1,0,N/A
"September 23, 2017",California,Glendale,"1500 block of E Windsor",2,0,N/A
"September 23, 2017",Oklahoma,"Oklahoma City","2036 NE 26th",1,0,N/A
"September 23, 2017",Pennsylvania,Fairchance,"Sheldon Ave",1,1,N/A
"September 23, 2017","South Carolina",Lugoff,"2000 Block of Juniper Rd",1,0,N/A
"September 23, 2017",Florida,"Saint Petersburg","15th Ave S and 48th St",1,0,N/A
"September 23, 2017",Illinois,Chicago,"5400 W Van Buren St",1,0,N/A
"September 23, 2017",Maryland,Baltimore,"2400 block of Etting St",1,0,N/A
"September 23, 2017",Maryland,Baltimore,"1900 block of Griffis Avenue",1,0,N/A
"September 23, 2017",Maryland,Baltimore,"500 block of N Curley St",1,0,N/A
"September 23, 2017",Pennsylvania,York,"S Penn St and W College Ave",1,0,N/A
"September 23, 2017",Ohio,Cleveland,"2900 block of East 92nd Street",1,0,N/A
"September 23, 2017","New Jersey",Newark,"400 block of Hawthorne Ave",1,0,N/A
"September 23, 2017",Alabama,Birmingham,"3000 Block of 44th Ave N",1,0,N/A
"September 23, 2017",Illinois,Rockford,"900 N Rockton Ave",1,0,N/A
"September 23, 2017",Alabama,Montgomery,"4200 block of Strathmore Drive",1,1,N/A
"September 23, 2017",Nebraska,Omaha,"N 36th St and Lake St",1,0,N/A
"September 23, 2017",Connecticut,Hartford,"1164 Albany Ave",2,2,N/A
"September 23, 2017",Wisconsin,"Fond Du Lac","260 Forest Ave",1,0,N/A
"September 23, 2017",Minnesota,"Saint Paul (Roseville)","1420 Terrace Drive",1,0,N/A
"September 22, 2017",Texas,Houston,"9437 Merle St",1,0,N/A
"September 22, 2017",Nevada,"Las Vegas","Crownbeard St and Swamp Rose Ave",1,0,N/A
"September 22, 2017",Wisconsin,Milwaukee,"2900 block of N 40th St",1,1,N/A
"September 22, 2017",Connecticut,Hartford,"16 Durham St",1,1,N/A
"September 22, 2017",Oklahoma,"Oklahoma City","1615 NE 20th St",1,0,N/A
"September 22, 2017",Pennsylvania,Philadelphia,"17th St and Cumberland St",1,0,N/A
"September 22, 2017",Iowa,Davenport,"1300 block of S Nevada Ave",0,0,N/A
"September 22, 2017",Louisiana,Lafayette,"2800 Block of Louisiana Ave",1,0,N/A
"September 22, 2017",Virginia,"Gloucester (county)","7100 block of Chapman Dr",1,0,N/A
"September 22, 2017",California,"Huntington Beach","6012 Edinger Ave",1,0,N/A
"September 22, 2017",Kansas,Lawrence,"606 N Michigan St",1,0,N/A
"September 22, 2017",Missouri,"Saint Louis","300 block of Shadwell Dr",1,1,N/A
"September 22, 2017",Arizona,Mesa,"1141 S Crimson Rd",1,0,N/A
"September 22, 2017","South Carolina",Florence,"Carver Cir",1,0,N/A
"September 22, 2017",Illinois,Chicago,"4800 block of W Quincy St",1,0,N/A
"September 22, 2017",Louisiana,Natchitoches,"LA Highway 1 Bypass",1,0,N/A
"September 22, 2017",Colorado,Henderson,"7007 E 88th Ave",1,0,N/A
"September 22, 2017","North Carolina",Durham,"100 Block of E Umstead St",1,2,N/A
"September 22, 2017",California,Oceanside,"3410 Marron Rd",1,0,N/A
"September 22, 2017",Florida,"Hollywood (Pembroke Park)","5000 block of Hallandale Beach Blvd",1,0,N/A
"September 22, 2017",Illinois,Chicago,"13700 block of S Torrence Ave",1,0,N/A
"September 22, 2017",Maryland,Baltimore,"4300 block of Reisterstown Road",1,0,N/A
"September 22, 2017",California,Forestville,"River Rd and Trenton-Healdsburg Rd",2,0,N/A
"September 22, 2017",Florida,Miami,"25389 SW 132nd Ave",3,0,N/A
"September 22, 2017",Florida,Brooksville,"Broad Street",1,0,N/A
"September 22, 2017",Pennsylvania,"Royersford (Limerick)","Long Meadow Rd",1,1,N/A
"September 22, 2017",Washington,Olympia,"2125 Carriage Dr",1,0,N/A
"September 22, 2017",Kansas,Hutchinson,"1701 E 30th Ave",1,0,N/A
"September 22, 2017",Kansas,"Scott (county)",N/A,1,0,N/A
"September 22, 2017",Texas,"San Antonio","5700 block of Stone Village",2,0,N/A
"September 22, 2017",Kentucky,Franklin,"303 Pepper St",1,0,N/A
"September 21, 2017",Indiana,Indianapolis,"400 S Meridian St",1,0,N/A
"September 21, 2017",Maryland,Baltimore,"1400 block of Darley Ave",1,0,N/A
"September 21, 2017",Massachusetts,Foxboro,"79 East St",2,0,N/A
"September 21, 2017",Kentucky,Louisville,"2200 block of Greenwood Avenue",1,2,N/A
"September 21, 2017",Colorado,"Grand Junction","2100 block of N 17th Cir",1,0,N/A
"September 21, 2017",Texas,Rockwall,"300 block of Lake Meadows Dr",1,0,N/A
"September 21, 2017",Michigan,Detroit,"3800 block of Fischer",1,2,N/A
"September 21, 2017",Illinois,Chicago,"1800 N Monitor Ave",1,0,N/A
"September 21, 2017",Oklahoma,Boswell,"200 block of Washington St",2,0,N/A
"September 21, 2017",Michigan,Detroit,"Mack Ave and VanDyke St",1,1,N/A
"September 21, 2017","New Mexico",Albuquerque,"2300 block of Academic Pl SE",1,0,N/A
"September 21, 2017",Ohio,Dayton,"33 5 Oaks Ave",1,0,N/A
"September 21, 2017",California,"Los Angeles","800 block of Victor Ave",1,0,N/A
"September 21, 2017",Virginia,"Newport News","300 block of Deputy Ln",1,1,N/A
"September 21, 2017",Wisconsin,Appleton,"3300 block of E Canary St",1,0,N/A
"September 21, 2017",California,"Los Angeles","78th St and Brighton Ave",1,0,N/A
"September 21, 2017",California,Vallejo,"100 block of Westwood St",1,0,N/A
"September 21, 2017",Colorado,Littleton,"8134 S Kipling Pkwy",1,0,N/A
"September 21, 2017",Alabama,Foley,"1010 S McKenzie",1,0,N/A
"September 21, 2017","New York",Mechanicville,"999 Elizabeth St",1,0,N/A
"September 21, 2017",Georgia,Atlanta,"1700 Block of Hortense Pl",1,0,N/A
"September 21, 2017",Arkansas,"North Little Rock","5300 block of Summertree Drive",1,0,N/A
"September 21, 2017",Georgia,Atlanta,"4900 Delano Rd",1,0,N/A
"September 21, 2017",Illinois,Chicago,"5100 block of S Albany",1,1,N/A
"September 21, 2017",Texas,Longview,"5515 W Loop 281",1,0,N/A
"September 21, 2017",California,Redding,"1268 Heavenly Oak Ln",1,0,N/A
"September 21, 2017",Pennsylvania,Philadelphia,"1800 block of N 33rd St",1,1,N/A
"September 21, 2017",Ohio,Columbus,"2714 Sullivant Ave",1,0,N/A
"September 21, 2017",Illinois,Chicago,"5800 block of West Cortland",1,0,N/A
"September 21, 2017","New Jersey",Camden,"1200 block of Jackson St",1,0,N/A
"September 21, 2017",Arkansas,"North Little Rock","5300 block of Summertree Drive",1,0,N/A
"September 21, 2017",Washington,Tacoma,"2000 block of 78th St Ct E",1,0,N/A
"September 21, 2017",Washington,"Seattle (Seatac)",N/A,1,0,N/A
"September 21, 2017",Connecticut,Newington,"52 Gilbert Rd",1,1,N/A
"September 21, 2017",California,Norwalk,"14400 block of Pioneer Blvd",1,0,N/A
"September 21, 2017",Texas,Miles,"800 block of Elm St",1,0,N/A
"September 20, 2017",Oklahoma,Tulsa,"9416 E 65th St",1,0,N/A
"September 20, 2017","South Carolina",Greenville,"Bethuel Church Rd",1,0,N/A
"September 20, 2017",Ohio,Cincinnati,"1932 Harrison Ave",1,0,N/A
"September 20, 2017",Wisconsin,"La Crosse (Lacrosse)","Lakeshore Dr",2,0,N/A
"September 20, 2017",Maryland,Annapolis,"1100 block of Medgar Evers St",1,1,N/A
"September 20, 2017",Alabama,"Birmingham (Center Point)","100 block of 14th Ave NW",1,0,N/A
"September 20, 2017",Washington,Everett,"3100 block of York Rd",1,0,N/A
"September 20, 2017","South Carolina","Beaufort (Ladys Island)","Chowan Creek Bluff Rd",1,0,N/A
"September 20, 2017",Texas,Arlington,"1200 W Sublett Rd",1,0,N/A
"September 20, 2017",Illinois,Peoria,"2800 block of W Sheffield Dr",1,0,N/A
"September 20, 2017",Louisiana,Alexandria,"3900 block of Duhon Ln",1,0,N/A
"September 20, 2017","South Carolina","North Charleston","Delta St",1,1,N/A
"September 20, 2017","North Carolina",Whiteville,"Government Complex Rd",1,0,N/A
"September 20, 2017",Indiana,Indianapolis,"4000 block of N Tacoma Ave",1,0,N/A
"September 20, 2017","North Carolina",Charlotte,"2900 Block of Dogwood Ave",1,0,N/A
"September 20, 2017",Alabama,Huntsville,"6500 block of Green Meadow Road",2,1,N/A
"September 20, 2017",Ohio,Fremont,"300 block of Jackson Street",1,0,N/A
"September 20, 2017","New York",Rochester,"Bernard St",1,0,N/A
"September 20, 2017",Alabama,Mobile,"North Ann Street",1,0,N/A
"September 20, 2017",Georgia,Albany,"127 Mossydale Ln",1,0,N/A
"September 20, 2017",Florida,"Hollywood (Miramar)","6000 Block of SW 33rd St",1,0,N/A
"September 20, 2017",Illinois,Robbins,"138th St and Sawyer Ave",1,0,N/A
"September 20, 2017",Louisiana,Shreveport,"Clyde Fant Memorial Parkway",1,0,N/A
"September 20, 2017","New York",Brooklyn,"578 Atlantic Ave",1,0,N/A
"September 20, 2017","New Jersey",Millville,"110 W Main St",1,0,N/A
"September 20, 2017","New Jersey",Bridgeton,"E Myrtle St and Lakeview Ave",1,0,N/A
"September 20, 2017",Indiana,Indianapolis,"6046 E 21st St",1,0,N/A
"September 20, 2017","District of Columbia",Washington,"2200 block of 13th Street NE",2,0,N/A
"September 20, 2017",Mississippi,Greenwood,"1112 W Jefferson Ave",1,0,N/A
"September 20, 2017",Hawaii,Honolulu,"1161 Maunakea St",1,0,N/A
"September 20, 2017",Missouri,Joplin,"W Belle Center Rd and N Schifferdecker Ave",1,0,N/A
"September 20, 2017",Kansas,"Kansas City","2900 State Ave",2,1,N/A
"September 19, 2017",Montana,Billings,"Mulberry Dr",1,0,N/A
"September 19, 2017",Pennsylvania,Shamokin,"200 block of S Rock St",1,0,N/A
"September 19, 2017",Pennsylvania,"Wilkes Barre","476 N Pennsylvania Ave",1,0,N/A
"September 19, 2017",Minnesota,"Saint Paul","I-94 and Pascal St",1,0,N/A
"September 19, 2017",Illinois,Alsip,"4340 W 127th St",1,1,N/A
"September 19, 2017",Pennsylvania,Philadelphia,"700 block of Winton St",1,0,N/A
"September 19, 2017",Texas,Killeen,"2800 block of Montague County Dr",1,0,N/A
"September 19, 2017",Maryland,Baltimore,"1900 block of Maryland Ave",1,0,N/A
"September 19, 2017",California,Oakland,"600 block of Almanza Dr",1,0,N/A
"September 19, 2017",Virginia,Richmond,"3300 block of Frank Rd",1,0,N/A
"September 19, 2017",Virginia,Hampton,"700 block of Ridgeway Ave",1,0,N/A
"September 19, 2017",California,Gardena,"Rosecrans Ave and Ardath Ave",1,0,N/A
"September 19, 2017",Illinois,"East Saint Louis","600 block of N 15th Str",1,0,N/A
"September 19, 2017",Indiana,Indianapolis,"10th St and N Grant Ave",1,0,N/A
"September 19, 2017",Louisiana,Covington,"Airport Road",1,0,N/A
"September 19, 2017",Georgia,Columbus,"1024 24th St",2,1,N/A
"September 19, 2017",Maryland,Baltimore,"200 block of North Bond St",1,0,N/A
"September 19, 2017",Arkansas,"Newton (county)",N/A,1,0,N/A
"September 19, 2017",Oregon,"North Plains","16000 block of NW Dairy Creek Rd",1,0,N/A
"September 19, 2017","North Carolina",Greensboro,"600 Block of E Gate City Blvd",1,0,N/A
"September 19, 2017",Ohio,Hamilton,"7625 Mourning Dove Lane",2,0,N/A
"September 19, 2017",Louisiana,Pride,"15000 Block of Port Hudson-Pride Rd",1,0,N/A
"September 19, 2017",Alabama,Tuscaloosa,"Martin Luther King Boulevard",1,0,N/A
"September 19, 2017",Texas,Spring,"19606 Cypresswood Ct",1,0,N/A
"September 19, 2017",California,"Chula Vista","Monterey Ave and E James St",1,0,N/A
"September 19, 2017",Virginia,Independence,"423 Power House Rd",1,0,N/A
"September 19, 2017",Alabama,Montgomery,"1600 block of Gibson Street",1,0,N/A
"September 19, 2017",Louisiana,"New Orleans","1400 Block of Tupelo St",1,0,N/A
"September 19, 2017",Louisiana,Bernice,"Walnut Tree Road",1,0,N/A
"September 19, 2017",Missouri,"Saint Louis","5100 block of Palm St",1,0,N/A
"September 19, 2017",Florida,"Palm Coast","156 Parkview Dr",1,0,N/A
"September 19, 2017",California,Antioch,"300 block of Lawton St",1,1,N/A
"September 19, 2017",Ohio,"Cincinnati (Reading)","Jefferson Ave and Reading Rd",1,1,N/A
"September 19, 2017","North Carolina",Monroe,"318 W Roosevelt Blvd",1,0,N/A
"September 19, 2017",Texas,Manvel,"5000 block of CR 48",1,0,N/A
"September 19, 2017",Oklahoma,"Oklahoma City","5700 block of SE Shields",1,0,N/A
"September 19, 2017",Pennsylvania,Harrisburg,"5928 Canyon Rd",2,0,N/A
"September 19, 2017",Illinois,Chicago,"9700 block of S Green St",1,0,N/A
"September 19, 2017",Kansas,Lawrence,"2013 W 27th Terrace",1,0,N/A
"September 19, 2017",Florida,Jacksonville,"Ricker Rd and Indian Lakes Ct",1,0,N/A
"September 19, 2017",Texas,Houston,"2800 block of Stallings",1,0,N/A
"September 19, 2017",Ohio,Akron,"Minerva Pl and Garth Ave",1,0,N/A
"September 19, 2017",Alabama,"Alexander City","US Highway 280",1,0,N/A
"September 19, 2017",Florida,Tallahassee,"400 Putnam Dr",1,2,N/A
"September 19, 2017",Pennsylvania,Allentown,"600 block of Chew St",0,0,N/A
"September 19, 2017",Alaska,Fairbanks,"Steelhead Road",1,0,N/A
"September 19, 2017",Texas,"La Porte","Glenview Dr",1,0,N/A
"September 19, 2017",Washington,Seattle,"8100 block of 31st Ave SW",1,0,N/A
"September 19, 2017",Missouri,"Kansas City","5000 block of Troost Ave",1,0,N/A
"September 18, 2017",Texas,"Fort Worth (White Settlement)","8100 block of Tumbleweed Trl",1,0,N/A
"September 18, 2017","North Carolina",Charlotte,"1500 Block of Medford Dr",1,0,N/A
"September 18, 2017",Arizona,Phoenix,"24th Ave and McDowell Rd",1,0,N/A
"September 18, 2017",Michigan,"River Rouge","500 block of Superior St",1,0,N/A
"September 18, 2017",Illinois,Waukegan,"600 block of Pickus Ct",1,2,N/A
"September 18, 2017",Nebraska,Omaha,"L St and S 60th Ave",1,0,N/A
"September 18, 2017",Alabama,Piedmont,"Helen Dr",1,0,N/A
"September 18, 2017",Alabama,Birmingham,"500 block of 41st Street North",1,0,N/A
"September 18, 2017",Texas,"San Antonio","100 block of W Vestal Pl",1,0,N/A
"September 18, 2017","New Mexico",Artesia,"900 block of Bullock Ct",1,0,N/A
"September 18, 2017",Missouri,"Kansas City","6823 Longview Rd",1,0,N/A
"September 18, 2017",Texas,"San Antonio","500 block of Gembler Rd",1,0,N/A
"September 18, 2017","North Carolina",Castalia,"7900 Block of Edwards Rd",1,0,N/A
"September 18, 2017",Georgia,Columbus,"1024 50th St",1,0,N/A
"September 18, 2017",Illinois,Dixon,"1000 block of Fargo Ave",2,0,N/A
"September 18, 2017",Illinois,Chicago,"2900 block of S Arch St",1,0,N/A
"September 18, 2017",Idaho,Pinehurst,"605 Lewiston Ave",1,0,N/A
"September 18, 2017",Georgia,Lithonia,"2000 Block of Phillips Rd",1,0,N/A
"September 18, 2017",Kentucky,Louisville,"3500 block of Kerry Dr",1,0,N/A
"September 18, 2017",Louisiana,"Baton Rouge","Crestwood St",1,0,N/A
"September 18, 2017",Pennsylvania,Pittsburgh,"3200 block of Brighton Rd",1,0,N/A
"September 18, 2017","New Jersey",Newark,"634 18th St",1,2,N/A
"September 18, 2017",California,"Indio (Bermuda Dunes)","79000 block of Montego Bay Ct",1,0,N/A
"September 18, 2017",Ohio,Columbus,"700 block of Churchside Chase Rd",1,0,N/A
"September 18, 2017",Georgia,Smyrna,"2300 Block of Willington Shoals Pl",1,0,N/A
"September 18, 2017",Ohio,Cincinnati,"1800 block of Rutland Avenue",1,1,N/A
"September 18, 2017",Ohio,Youngstown,"3500 block of Belden Ave",1,0,N/A
"September 18, 2017",Louisiana,Lafayette,"1200 block of E Pont Des Mouton Rd",1,0,N/A
"September 18, 2017",Texas,Littlefield,N/A,1,0,N/A
"September 18, 2017",Kentucky,Louisville,"1600 block of Prentice St",1,0,N/A
"September 18, 2017",Oklahoma,Tulsa,"1600 block of N Kingston Pl",1,0,N/A
"September 18, 2017",Pennsylvania,Chester,"1300 block of W 7th St",1,2,N/A
"September 18, 2017",Nebraska,Omaha,"4037 L St",1,0,N/A
"September 17, 2017",California,Stockton,"1000 block of N Madison St",1,0,N/A
"September 17, 2017",Alabama,Ethelsville,"County Road 53",1,0,N/A
"September 17, 2017",Wisconsin,"Appleton (Grand Chute)","600 block of S Olson Ave",1,0,N/A
"September 17, 2017",Ohio,Fremont,"300 block of Jackson St",1,0,N/A
"September 17, 2017",Michigan,Detroit,"5000 block of Stanton Street",1,3,N/A
"September 17, 2017",Oregon,Portland,"3600 block of SE 28th Ave",1,0,N/A
"September 17, 2017",Ohio,Columbus,"2300 block of  West Broad Street",1,0,N/A
"September 17, 2017",Maryland,Baltimore,"1400 block of Mount St",1,0,N/A
"September 17, 2017","District of Columbia",Washington,"2500 block of Pomeroy Road SE",1,0,N/A
"September 17, 2017",Oklahoma,"Oklahoma City","4800 NW 19th St",1,0,N/A