"Incident Date",State,"City Or County",Address,"# Killed","# Injured",Operations
"December 31, 2015",Massachusetts,"New Bedford","Pleasant Street",1,0,N/A
"December 31, 2015","North Carolina","Pasquotank (county)","Sawyer Road",1,0,N/A
"December 31, 2015",Washington,Woodland,"143 Whalen Road",1,0,N/A
"December 31, 2015",Nevada,"Las Vegas","Gilded Crown Court",1,0,N/A
"December 31, 2015",Illinois,"East Saint Louis","1607 Wilfred Ave",1,0,N/A
"December 31, 2015",California,Compton,"15600 block of South Washington Avenue",1,0,N/A
"December 31, 2015",Arizona,Chandler,"Loop 101 and Chandler Boulevard",1,0,N/A
"December 31, 2015","South Carolina",Gaffney,N/A,1,0,N/A
"December 31, 2015",California,Wasco,"1000 block of 16th Street",1,0,N/A
"December 31, 2015",Mississippi,"Rolling Fork","68 Frontage Road",1,0,N/A
"December 31, 2015",Pennsylvania,Philadelphia,"3100 block of North 25th Street",1,0,N/A
"December 31, 2015","West Virginia",Charleston,"935 Central Avenue",1,0,N/A
"December 31, 2015",Alabama,Selma,"1600 block of Maple Street",1,0,N/A
"December 31, 2015","New Jersey",Newark,"Camden Street and 13th Avenue",1,0,N/A
"December 31, 2015",Maryland,Baltimore,"North Poppleton Street",1,0,N/A
"December 31, 2015",Louisiana,Ragley,"Papania Rd",1,0,N/A
"December 31, 2015",Florida,"Broward (county)","5800 block of Southwest 27th Street",1,0,N/A
"December 31, 2015",Florida,"Daytona Beach","309 Pearl Street",2,1,N/A
"December 31, 2015","New York",Jamaica,"109th Ave and Merrick Blvd",1,0,N/A
"December 31, 2015",Ohio,"Ottawa (county)","State Rt. 2",1,0,N/A
"December 31, 2015",Louisiana,"New Orleans","9700 block of Lake Forest Boulevard",1,0,N/A
"December 31, 2015",Texas,Houston,"500 block of Gammon",1,0,N/A
"December 31, 2015",California,"Los Angeles","2200 block of Batson Avenue",4,0,N/A
"December 31, 2015",Florida,Orlando,"4501 Landing Drive",1,0,N/A
"December 30, 2015","North Carolina",Wilmington,"334 Westchester Road",1,0,N/A
"December 30, 2015",Texas,Houston,"1000 block of Marjorie",1,0,N/A
"December 30, 2015",Maryland,Baltimore,"500 block of McElderry St.",1,0,N/A
"December 30, 2015",Florida,Tampa,"1700 block of University Woods Place",1,0,N/A
"December 30, 2015",Louisiana,"New Orleans","1700 block of Elysian Fields Avenue",1,1,N/A
"December 30, 2015","North Carolina","Gaston (county)",N/A,1,0,N/A
"December 30, 2015",Alabama,Jacksonville,"Wildwood Lane",2,0,N/A
"December 30, 2015",Pennsylvania,Harrisburg,"14  South 17th street",1,0,N/A
"December 30, 2015",California,Rosemead,"3500 block of Strang Avenue",1,0,N/A
"December 30, 2015",Texas,Houston,"5959 FM 1960",1,0,N/A
"December 30, 2015",Virginia,"Newport News","30th Street and Madison Avenue",1,0,N/A
"December 30, 2015",Arizona,Phoenix,"South 17th Avenue",1,0,N/A
"December 30, 2015",Maryland,"Anne Arundel (county)","Market Street and Baltimore Street",2,0,N/A
"December 30, 2015",Wyoming,Rawlins,"1115 N. Higley Boulevard",1,0,N/A
"December 30, 2015",Louisiana,"Baton Rouge","1634 Fairchild Street",1,0,N/A
"December 30, 2015",Pennsylvania,Johnstown,"1201 SOLOMON ST",1,0,N/A
"December 30, 2015",California,Fresno,"Weber and Thorne Avenues",1,0,N/A
"December 30, 2015",California,Richmond,"200 block of South Seventh Street",1,0,N/A
"December 30, 2015",Georgia,Lithonia,"4500 block of Idlewood Park",1,0,N/A
"December 30, 2015",Pennsylvania,Philadelphia,"North Redfield Street",1,0,N/A
"December 30, 2015",Pennsylvania,Philadelphia,"1200 block of Redfield Street",1,0,N/A
"December 30, 2015",Texas,"El Paso","221 Porfirio Diaz Street",1,0,N/A
"December 30, 2015",Pennsylvania,Mckeesport,"1600 block of Jenny Lind Street",1,0,N/A
"December 30, 2015","South Carolina",Sumter,"Miller Road",1,0,N/A
"December 30, 2015",Texas,Houston,"5900 block of FM 1960",1,0,N/A
"December 30, 2015",California,Stockton,"200 block of West Ben Holt Drive",1,0,N/A
"December 30, 2015",Texas,"Del Rio","300 block of Quail Creek Drive",1,0,N/A
"December 30, 2015",California,"Los Angeles","Van Nuys Boulevard and Plummer Street",1,0,N/A
"December 30, 2015",Texas,Houston,N/A,1,0,N/A
"December 29, 2015",Texas,Houston,"10100 block of Club Creek",1,0,N/A
"December 29, 2015",Missouri,"Kansas City","40th Street and Agnes Avenue",1,0,N/A
"December 29, 2015",Texas,Houston,"500 block of Gammon",1,0,N/A
"December 29, 2015",Tennessee,Columbia,"Wentzel Lane",1,0,N/A
"December 29, 2015",Maryland,Suitland,"2300 block of Brooks Drive",1,0,N/A
"December 29, 2015",Pennsylvania,Clairton,"400 block of Maple Alley",1,0,N/A
"December 29, 2015",Alabama,Birmingham,"200 block of 22nd Avenue West",1,0,N/A
"December 29, 2015",Massachusetts,Boston,"23 Wilmore Street",1,1,N/A
"December 29, 2015",California,Orange,"2000 block of East Palmya Avenue",1,0,N/A
"December 29, 2015",California,Rosemead,"3500 block of Strang Avenue",1,0,N/A
"December 29, 2015",Pennsylvania,Philadelphia,"3400 block of N Eighth Street",1,0,N/A
"December 29, 2015",Florida,"Boca Raton","135 NW 20th St.",1,0,N/A
"December 29, 2015",Missouri,Sikeston,"806 Apache Drive",1,0,N/A
"December 29, 2015",Illinois,Chicago,"9000 block of South Greenwood Avenue",1,0,N/A
"December 29, 2015",California,"Gustine (Santa Nella)","29000 block of Del Sol Court",1,0,N/A
"December 29, 2015",Nevada,"Las Vegas","601 South Rainbow Blvd",1,0,N/A
"December 29, 2015",Illinois,"Melrose Park","1100 block of 24th Ave",1,1,N/A
"December 29, 2015",Mississippi,Hattiesburg,"Spencer Street",1,0,N/A
"December 29, 2015",Maryland,Baltimore,"4500 block of Garrison Boulevard",1,0,N/A
"December 29, 2015",Arkansas,"Pine Bluff","10th Ave. and Palm St.",1,0,N/A
"December 29, 2015","South Carolina","North Charleston","Carver and Ottawa Avenues",1,0,N/A
"December 29, 2015",Nevada,Reno,"Fife Drive and Reed Street",1,0,N/A
"December 29, 2015","South Carolina",Easley,"112 Planters Way",1,0,N/A
"December 29, 2015",Texas,Houston,"3427 Jorns",1,0,N/A
"December 29, 2015",Florida,"Saint Cloud","10th Street",1,0,N/A
"December 29, 2015",Tennessee,Memphis,"6000 block of Water Stone Oakway",1,0,N/A
"December 28, 2015",Louisiana,"New Orleans","7001 Martin Drive",2,0,N/A
"December 28, 2015",Utah,Orem,"1757 Village Lane",2,0,N/A
"December 28, 2015",Michigan,Inkster,"26000 block of Yale Street",1,0,N/A
"December 28, 2015",Maryland,Baltimore,"1900 block of Baker St.",1,0,N/A
"December 28, 2015",Tennessee,Henderson,"Flanagan Acres",1,0,N/A
"December 28, 2015",Virginia,Suffolk,"300 block of Causey Avenue",1,0,N/A
"December 28, 2015",Virginia,Williamsburg,"1100 block of Wilkins Drive",1,0,N/A
"December 28, 2015",Pennsylvania,"Reading (Mount Penn)","1960 Perkiomen Ave",2,0,N/A
"December 28, 2015",Michigan,Inkster,"26000 block of Yale Street",1,0,N/A
"December 28, 2015",California,"Citrus Heights","7900 block of Kingswood Drive",1,1,N/A
"December 28, 2015",California,Fresno,"1000 block of Rogers Lane",1,0,N/A
"December 28, 2015",Pennsylvania,Chester,"1400 block of Swarts Street",1,1,N/A
"December 28, 2015",Ohio,"Dayton (Trotwood)","3200 block of Atlas Road",1,0,N/A
"December 28, 2015",Pennsylvania,Philadelphia,"2600 block of North 7th Street",1,0,N/A
"December 28, 2015",Ohio,Columbus,"40 block of Rodgers Avenue",1,0,N/A
"December 28, 2015",Pennsylvania,Chester,"1400 block of Culhane Street",1,0,N/A
"December 28, 2015","New York",Brooklyn,"2364 Batchelder Street",2,0,N/A
"December 28, 2015",Wisconsin,Milwaukee,"West Atkinson and North 8th",1,0,N/A
"December 28, 2015",Tennessee,Memphis,"3600 block of Philsdale",1,0,N/A
"December 28, 2015",Arizona,"Red Rock","34000 block of S. Spirit Lane",1,0,N/A
"December 28, 2015",Ohio,Cleveland,"Euclid and Wymore Avenues",1,0,N/A
"December 28, 2015",Nevada,Henderson,"2400 block of Foxmoore Court",1,0,N/A
"December 28, 2015",Georgia,Ellijay,"Brook Hollow Circle",1,0,N/A
"December 28, 2015",Alaska,Bethel,N/A,1,0,N/A
"December 28, 2015",Florida,"Fort Lauderdale (Lauderhill)","2900 block of NW 55th Ave",1,0,N/A
"December 28, 2015","New Jersey",Newark,"200 block of South 11th Street",1,0,N/A
"December 28, 2015",Maryland,Baltimore,"1000 block of Greenmount Avenue",1,0,N/A
"December 28, 2015","District of Columbia",Washington,"1000 block of Savannah Street SE",1,0,N/A
"December 28, 2015","District of Columbia",Washington,"2300 block of Hartford Street SE",1,0,N/A
"December 28, 2015",Alabama,"Houston (county)","500 block of Hartzog Road",1,0,N/A
"December 28, 2015",Pennsylvania,Reading,"1100 block of Greenwich Street",1,0,N/A
"December 28, 2015",Texas,"College Station","1500 block of Holleman Drive",1,0,N/A
"December 28, 2015",Missouri,"Kansas City","10th Street and Monroe Avenue",1,1,N/A
"December 28, 2015","New Jersey",Paterson,"77 North Seventh Street",1,1,N/A
"December 27, 2015","North Carolina",Albemarle,N/A,1,0,N/A
"December 27, 2015",Vermont,Burlington,"187 Church St",1,0,N/A
"December 27, 2015",Iowa,"Des Moines","5200 block of S. Union Street",1,1,N/A
"December 27, 2015",Washington,"Seattle (Skyway)","12600 block of Renton Ave. S.",1,0,N/A
"December 27, 2015","South Carolina",Greenville,"Perry Road",1,0,N/A
"December 27, 2015",Ohio,"Logan (county)","6000 block of County Road 21",1,0,N/A
"December 27, 2015",Illinois,"East Saint Louis","2500 block of Natalie Avenue",1,0,N/A
"December 27, 2015","New Mexico",Albuquerque,"4300 Camino Bello SW",1,2,N/A
"December 27, 2015","West Virginia",Charleston,"7th Avenue and Rachel Street",1,0,N/A
"December 27, 2015",Minnesota,Duluth,"300 block of West Faribault Street",1,0,N/A
"December 27, 2015",Louisiana,Lafayette,"Congress Street",2,0,N/A
"December 27, 2015",California,"Los Angeles","2000 block of Sycamore Avenue",1,0,N/A
"December 27, 2015",California,Richmond,"South 26th Street and Cutting Boulevard",1,0,N/A
"December 27, 2015",Virginia,Portsmouth,"3904 Victory Boulevard",1,0,N/A
"December 27, 2015",Alabama,Birmingham,"100 block of Second Avenue S.W.",1,0,N/A
"December 27, 2015",Illinois,"Chicago (Englewood)","59th and Wentworth",2,0,N/A
"December 27, 2015",Alabama,Birmingham,"913 Stoneridge Road",1,2,N/A
"December 27, 2015",Alabama,Mobile,"1900 block of Cut Off Road",2,0,N/A
"December 27, 2015",Pennsylvania,Clairton,"Washington Avenue",1,0,N/A
"December 27, 2015",Georgia,Norcross,"4782 Jimmy Carter Boulevard",1,0,N/A
"December 27, 2015",Tennessee,Nashville,"2400 Buena Vista Pike",1,0,N/A
"December 27, 2015",Florida,Deland,"South Florida Avenue",1,0,N/A
"December 27, 2015",Indiana,"East Chicago","150th and Melville",1,1,N/A
"December 27, 2015","North Carolina",Washington,"7th and Gladden streets",1,0,N/A
"December 27, 2015","North Carolina","Oak City","Highway 11",1,2,N/A
"December 27, 2015",California,Bakersfield,"6300 block of Ming Avenue",2,1,N/A
"December 27, 2015",Florida,Miami,"15100 block of Jackson Street",1,0,N/A
"December 27, 2015",Arizona,Tempe,"Baseline and Hardy",1,0,N/A
"December 27, 2015",Michigan,Detroit,"1600 block of Steel Street",1,1,N/A
"December 27, 2015",Mississippi,"Holmes (county)",N/A,1,0,N/A
"December 27, 2015","South Carolina",Eastover,"Megan Court",1,0,N/A
"December 27, 2015","North Carolina","Rocky Mount","1221 E. Virginia St.",1,0,N/A
"December 27, 2015",Mississippi,"Holmes (county)","Gregory Watkins",1,0,N/A
"December 27, 2015",Pennsylvania,Dallas,"Main and Franklin streets",1,0,N/A
"December 27, 2015",Delaware,Wilmington,"East 23rd and Lamotte Streets",1,1,N/A
"December 27, 2015",Ohio,"Summit (county)","East State Street",1,0,N/A
"December 27, 2015","New Jersey",Newark,"Whittier Place",1,0,N/A
"December 27, 2015","New Jersey",Paterson,"1st Avenue",2,0,N/A
"December 27, 2015","North Carolina","Stanly (county)","24000 block of Highway 73",1,0,N/A
"December 27, 2015",Maryland,Baltimore,"2300 block of Orleans St.",1,0,N/A
"December 27, 2015",Nebraska,Culbertson,"808 Wyoming Street",1,0,N/A
"December 27, 2015",Pennsylvania,Mckeesport,"300 block of Whigham Street",1,0,N/A
"December 27, 2015",Illinois,Dolton,"14400 block of Ellis Avenue",1,0,N/A
"December 27, 2015",Florida,Apopka,"500 block of East Mason Drive",1,0,N/A
"December 26, 2015",Idaho,Homedale,N/A,1,0,N/A
"December 26, 2015",Washington,Spokane,"400 block of West Central Avenue",1,0,N/A
"December 26, 2015",Oregon,Yoncalla,"299 Cox Road",1,1,N/A
"December 26, 2015",Louisiana,"New Orleans","2000 block of Tuskegee Drive",1,0,N/A
"December 26, 2015",Idaho,Lewiston,"812 6th Ave.",1,0,N/A
"December 26, 2015",Virginia,"Hopewell (county)","500 block of Terminal Street",1,1,N/A
"December 26, 2015",Louisiana,"New Orleans","2600 block of Ursulines Avenue",1,0,N/A
"December 26, 2015","South Carolina",Elgin,"Archer Avenue",2,0,N/A
"December 26, 2015",Tennessee,Nashville,"1400 block of Levy Lane",1,0,N/A
"December 26, 2015",Arizona,Phoenix,"39th Avenue and Cactus",1,0,N/A
"December 26, 2015",Virginia,Onley,"Maple Street",2,0,N/A
"December 26, 2015",Georgia,Atlanta,"400 block of Holderness Street",1,0,N/A
"December 26, 2015","New York",Katonah,"11 Oak Road",1,0,N/A
"December 26, 2015",Florida,"Saint Petersburg","Third Avenue South",1,1,N/A
"December 26, 2015",Florida,"Boynton Beach","1200 block of Northwest Fourth Street",1,0,N/A
"December 26, 2015","North Carolina",Kinston,"900 block of East Shine Street",1,0,N/A
"December 26, 2015",Michigan,"Harper Woods","18000 Vernier Rd",1,0,N/A
"December 26, 2015",Michigan,Flint,"1174 Robert T Longway Blvd",1,0,N/A
"December 26, 2015",Illinois,Chicago,"600 block of South Tripp Avenue",1,0,N/A
"December 26, 2015","North Carolina",Stokesdale,"2301 US-220",1,0,N/A
"December 26, 2015",Illinois,Chicago,"2800 block of West 21st Place",1,0,N/A
"December 26, 2015",Texas,Burnet,"157 Harold Dr",1,0,N/A
"December 26, 2015",Georgia,Decatur,"4900 block of Treecrest Parkway",1,0,N/A
"December 26, 2015","North Carolina",Durham,"900 block of Carroll Street",1,0,N/A
"December 26, 2015",Oregon,Stayton,"11500 block of Kingdom Ln SE",1,0,N/A
"December 26, 2015",Pennsylvania,Philadelphia,"Palm Street",1,0,N/A
"December 26, 2015","New York",Jamaica,"Guy Brewer Blvd and 108th St",1,0,N/A
"December 26, 2015","New Jersey","East Orange","Essex Street",1,0,N/A
"December 26, 2015",Louisiana,Marrero,"2000 block of Tuskegee Drive",1,0,N/A
"December 26, 2015",Florida,"Fort Pierce","2706 Dunbar Street",1,0,N/A
"December 26, 2015",Texas,Beaumont,"6035 South Martin Luther King Jr. Parkway",1,0,N/A
"December 26, 2015",Mississippi,"George (county)","Old Highway 63 and Highway 63",1,0,N/A
"December 26, 2015",Illinois,Chicago,"4700 block of West Erie",2,0,N/A
"December 26, 2015",Texas,Longview,"1200 block of South High Street",1,1,N/A
"December 26, 2015",Michigan,Gowen,"Riverview Dr",1,1,N/A
"December 26, 2015",Arkansas,"Clark (county)",N/A,1,0,N/A
"December 26, 2015",Texas,"Fort Worth","1912 Mitchell Boulevard",2,0,N/A
"December 26, 2015",Michigan,"Kent (county)","Lincoln Lake Avenue",1,1,N/A
"December 26, 2015",Arizona,Phoenix,"1515 W. Missouri Avenue",1,0,N/A
"December 26, 2015",California,"Santa Maria","East Jewel Street and Via Rubio",2,0,N/A
"December 26, 2015",Pennsylvania,Reading,"100 block of South Sixth Street",1,0,N/A
"December 26, 2015",Maryland,Baltimore,"800 block of West Lexington Street",1,0,N/A
"December 26, 2015",Texas,Houston,"8014 Grandview",1,0,N/A
"December 25, 2015",Louisiana,"New Orleans","300 block of North Broad Street",1,0,N/A
"December 25, 2015",Ohio,"Columbus (Whitehall)","31 S. Hamilton Rd",1,1,N/A
"December 25, 2015",Colorado,"Colorado Springs (Security)","Fairfax and Niagra",1,0,N/A
"December 25, 2015",Maine,Augusta,"Sanford Rd",2,0,N/A
"December 25, 2015","North Carolina","Chapel Hill","700 block of Trinity Court",1,0,N/A
"December 25, 2015",Illinois,"Chicago (Englewood)","700 block of West 71st Street",1,0,N/A
"December 25, 2015",Illinois,Centralia,"812 N Elm St",1,0,N/A
"December 25, 2015",California,"Palo Alto","Middlefield Road and 600 block of Forest Avenue",1,0,N/A
"December 25, 2015",Arizona,Mesa,"South Gilbert Road and US 60",1,0,N/A
"December 25, 2015",Texas,"Dickinson (San Leon)","Avenue K",1,0,N/A
"December 25, 2015",California,Hesperia,"Main Street",1,0,N/A
"December 25, 2015",Virginia,Norfolk,"2300 block of Fairbanks Avenue",1,1,N/A
"December 25, 2015",Georgia,"Warner Robins","115 Oakridge Drive",1,0,N/A
"December 25, 2015",Ohio,Toledo,"854 Rogers St",1,0,N/A
"December 25, 2015",Georgia,Savannah,"Reynolds and East 40th street",1,0,N/A
"December 25, 2015",Florida,Orlando,"5901 Altec Drive",1,0,N/A
"December 25, 2015",Alabama,Birmingham,"5000 block of Martin Luther King, Jr. Avenue",1,0,N/A
"December 25, 2015",California,Winnetka,"20000 block of Cantara Street",1,1,N/A
"December 25, 2015",Ohio,Columbus,"100 block of E. Innis Ave",1,0,N/A
"December 25, 2015",Ohio,Columbus,"Courtside Road",2,0,N/A
"December 25, 2015",Louisiana,"New Orleans","Broad Street and Bienville",1,0,N/A
"December 25, 2015",Texas,"San Antonio","2000 block of Goliad Road",1,0,N/A
"December 25, 2015",Texas,Dallas,"3760 S Buckner Blvd",1,2,N/A
"December 25, 2015",Illinois,Chicago,"47th Street and South Loomis",1,1,N/A
"December 25, 2015",Illinois,Chicago,"5500 block of West Monroe",1,0,N/A
"December 25, 2015",Alabama,"Mobile (Prichard)","St. Stephen’s Road",1,0,N/A
"December 25, 2015","New Jersey",Edgewater,"100 Tower Drive",3,0,N/A
"December 25, 2015",Texas,"Fort Worth","800 block of Donna Street",1,0,N/A
"December 25, 2015",Texas,"San Antonio","2000 block of Goliad Road",1,0,N/A
"December 25, 2015","North Carolina",Durham,"500 block of E. Trinity Avenue",1,0,N/A
"December 25, 2015","North Carolina",Reidsville,"100 block of Pineview Road",1,0,N/A
"December 25, 2015",Pennsylvania,Myerstown,"1st block of  East Stoever avenue",1,0,N/A
"December 25, 2015",Oklahoma,Lawton,N/A,1,0,N/A
"December 25, 2015",Colorado,Aurora,"20157 E. Dartmouth Drive",1,0,N/A
"December 25, 2015",Texas,Houston,"8925 Richmond Avenue",2,0,N/A
"December 25, 2015",Florida,"Fort Lauderdale","900 block of Breakers Avenue",1,0,N/A
"December 24, 2015","North Carolina",Hickory,"18th Street NE",2,0,N/A
"December 24, 2015","North Carolina",Charlotte,"6801 Northlake Mall Drive",1,1,N/A
"December 24, 2015","North Carolina","Southern Pines","194 Murray Hill Road",1,0,N/A
"December 24, 2015",Connecticut,Branford,"636 Main Street",1,0,N/A
"December 24, 2015",Louisiana,Eunice,"East Magnolia Avenue",1,0,N/A
"December 24, 2015","South Carolina","North Charleston","5059 N. Arco Lane",1,1,N/A
"December 24, 2015",Colorado,Brighton,"2780 W. 56th Avenue",1,0,N/A
"December 24, 2015",California,Porterville,N/A,1,0,N/A
"December 24, 2015",Connecticut,Bridgeport,"1160 State Street",1,1,N/A
"December 24, 2015",Louisiana,Pride,"16486 Pride-Baywood Road",1,0,N/A
"December 24, 2015","North Carolina",Jacksonville,"166 Daisy St",1,0,N/A
"December 24, 2015",Illinois,Chicago,"7300 block of South Vernon",1,0,N/A
"December 24, 2015",Tennessee,Nashville,"400 block of Wilclay Drive",1,0,N/A
"December 24, 2015",Pennsylvania,Philadelphia,"2100 hundred block of Pemberton Street",1,0,N/A
"December 24, 2015",Indiana,"South Bend","3534 High St",1,0,N/A
"December 24, 2015",Wisconsin,Ashland,"300 block of Willis Avenue",3,0,N/A
"December 24, 2015",Texas,"San Antonio","700 block of West Woodlawn Avenue",1,0,N/A
"December 24, 2015",Virginia,Roanoke,"Eastern Avenue",1,0,N/A
"December 24, 2015",Virginia,Norfolk,"1200 block of W. Ocean View Ave.",1,0,N/A
"December 24, 2015","New York",Bronx,"183rd Street and Jerome Avenue",1,1,N/A
"December 24, 2015",Virginia,Richmond,"2000 block of North 29th Street",1,0,N/A
"December 24, 2015",Arizona,Phoenix,"27th Avenue and Indian School",1,0,N/A
"December 24, 2015",Michigan,Lansing,"5900 block of Selfridge Blvd",1,0,N/A
"December 24, 2015",Washington,"Seattle (Des Moines)","South 216th Street and 30th Avenue South",1,0,N/A
"December 24, 2015",Pennsylvania,Pittsburgh,"4900 block of Broad Street",1,0,N/A
"December 24, 2015",Mississippi,Brookhaven,"North Jackson Street",2,0,N/A
"December 24, 2015",Illinois,Chicago,"7800 block of South South Shore Drive",1,0,N/A
"December 24, 2015",Georgia,Colbert,"Farm Road",2,0,N/A
"December 24, 2015",Tennessee,"Lenoir City","Clinchview Drive",1,0,N/A
"December 24, 2015",Arizona,Chandler,"5040 Wildhorse Pass Blvd",1,0,N/A
"December 24, 2015",Michigan,Detroit,"14999 Gratiot",1,0,N/A
"December 24, 2015","New Jersey","Trenton (Hamilton Township)","Ocean Heights Avenue",1,0,N/A
"December 24, 2015",Nevada,"Las Vegas","1 South Main Street",1,0,N/A
"December 24, 2015",Texas,Schertz,"2200 block of FM 3009",1,0,N/A
"December 24, 2015",Florida,"Dade City","37000 block of Moceri Avenue",1,0,N/A
"December 24, 2015",Georgia,Atlanta,"Washington Road and Roosevelt Highway",1,0,N/A
"December 24, 2015","South Carolina",Beaufort,"1400 block of Greene Street",1,0,N/A
"December 24, 2015",Washington,Kennewick,"Hood Avenue and Tweedt Street",1,0,N/A
"December 23, 2015",Nevada,"Las Vegas","2200 block of South Fort Apache Road",1,0,N/A
"December 23, 2015",Pennsylvania,Abington,"1700 block of Prospect Avenue",1,1,N/A
"December 23, 2015","South Carolina",Anderson,"110 I St",1,0,N/A
"December 23, 2015",California,Downey,"1200 block of Downey Avenue",1,1,N/A
"December 23, 2015",Pennsylvania,Philadelphia,"400 block of Vernon Road",1,0,N/A
"December 23, 2015","New Mexico","Rio Rancho","300 block of Aldaba Circle",1,0,N/A
"December 23, 2015","North Carolina",Raleigh,N/A,1,1,N/A
"December 23, 2015",Nevada,"Las Vegas","3800 block of East Charleston Boulevard",1,0,N/A
"December 23, 2015",Illinois,Chicago,"1000 block of North Lamon Avenue",1,0,N/A
"December 23, 2015",Illinois,Chicago,"1100 block of North Leclaire Avenue",1,1,N/A
"December 23, 2015",Ohio,Nelsonville,"14 Public Square",1,0,N/A
"December 23, 2015",Arizona,Glendale,"51st Avenue and Northern",1,0,N/A
"December 23, 2015",Alabama,Opelika,"500 block of Westwood Street",1,0,N/A
"December 23, 2015",Alabama,Opelika,"200 block of Chester Avenue",1,0,N/A
"December 23, 2015",California,Stockton,"Knickerbocker Drive and Knickerbocker Court",1,0,N/A
"December 23, 2015",Arkansas,"Greene (county)","Highways 168 and 141 North",1,0,N/A
"December 23, 2015",Michigan,Detroit,"19000 block of Archdale Street",1,0,N/A
"December 23, 2015",Tennessee,Memphis,"4500 block of Double Tree Road",1,0,N/A
"December 23, 2015",California,"Moreno Valley","23600 block of Lake Valley Drive",1,1,N/A
"December 23, 2015",California,Colton,"1200 block of East Washington Street",1,0,N/A
"December 23, 2015","New York",Buffalo,N/A,1,0,N/A
"December 23, 2015",Florida,"Saint Cloud","Aladdin Court",1,0,N/A
"December 23, 2015",Louisiana,"New Orleans","3400 block of Pleasure Street",1,0,N/A
"December 23, 2015",Michigan,Detroit,"8000 block of Whitcomb",1,0,N/A
"December 23, 2015",Louisiana,"New Orleans","400 block of Slidell Street",1,0,N/A
"December 23, 2015",California,Watsonville,"Magnolia and Lawrence",1,0,N/A
"December 23, 2015",Florida,Sanford,"West 4th Street and South Poplar Avenue",1,0,N/A
"December 23, 2015",Florida,Hialeah,"125 West 56th Street",1,0,N/A
"December 23, 2015",Arizona,Tucson,"5751 N. Kolb Rd",3,0,N/A
"December 23, 2015","North Carolina",Charlotte,"3800 block of Brookshire Boulevard",1,0,N/A
"December 23, 2015",Mississippi,"Calhoun (county)","Highway 41 South",1,1,N/A
"December 23, 2015",Maryland,Baltimore,"5300 block of Frankford Avenue",1,0,N/A
"December 23, 2015","New Jersey",Camden,"6th Street and Ferry Avenue",1,0,N/A
"December 23, 2015",Tennessee,Memphis,"1500 block of McMillan Street",1,0,N/A
"December 23, 2015",Texas,"Live Oak (county)","Highway 59 and FM 1359",2,0,N/A
"December 23, 2015","North Carolina",Durham,"100 block of Commerce Street",1,1,N/A
"December 23, 2015",Oklahoma,Tulsa,"2800 block of E. 44th Place N.",1,0,N/A
"December 23, 2015",Georgia,Macon,"1655 North Atwood Drive",1,0,N/A
"December 23, 2015",Florida,"Hollywood (Miramar)","3700 S State Road 7",1,0,N/A
"December 23, 2015",Nevada,"Las Vegas","1400 block of Daybreak Road",1,1,N/A
"December 23, 2015",Connecticut,Ellington,"7 Birchview Dr",1,0,N/A
"December 22, 2015",Georgia,Macon,"Lakeshore Drive",1,0,N/A
"December 22, 2015",Florida,"Lake Worth","2200 block of Shimmery Lane",1,0,N/A
"December 22, 2015",Washington,Yakima,"1600 block of South Seventh Avenue",1,0,N/A
"December 22, 2015",Pennsylvania,Philadelphia,"6600 block of Crowson Street",1,0,N/A
"December 22, 2015",Pennsylvania,Philadelphia,"3000 block of North Carlisle Street",1,0,N/A
"December 22, 2015",Texas,Dallas,"8401 Skillman Street",1,0,N/A
"December 22, 2015","New Mexico",Albuquerque,"Central Avenue and Utah Street",1,0,N/A
"December 22, 2015",Michigan,Detroit,"10833 W Seven Mile Rd",1,0,N/A
"December 22, 2015",Texas,Houston,"4700 block of Anderson Road",1,0,N/A
"December 22, 2015",Missouri,"Saint Louis (Ferguson)","1379 Sharondale Cr",1,0,N/A
"December 22, 2015",Wisconsin,Beloit,"212 8th Street",1,0,N/A
"December 22, 2015",Texas,Waco,"6300 block of Bosque Blvd",1,0,N/A
"December 22, 2015",California,Murphys,"Murphys Grade Road",2,0,N/A
"December 22, 2015","New Jersey",Newark,"93 Roseville Avenue",1,0,N/A
"December 22, 2015",Georgia,Rome,"9B Woodcreek Way",1,0,N/A
"December 22, 2015",California,"Los Angeles","14500 block of Saticoy Street",1,0,N/A
"December 22, 2015","South Carolina",Hollywood,"Wilson Road",1,0,N/A
"December 22, 2015","North Carolina",Ayden,"Pleasant Plain Road",1,0,N/A
"December 22, 2015",Alabama,Fultondale,"Mountain Drive",1,0,N/A
"December 22, 2015",Kentucky,"Covington (Ludlow)","106 Elm Street",1,1,N/A
"December 22, 2015",California,"Los Angeles (county)","4900 block of Mason Street",1,0,N/A
"December 22, 2015",Vermont,"Brandon (Goshen)","Gap Rd",1,0,N/A
"December 22, 2015",California,"Long Beach","1900 block of Chestnut Avenue",1,0,N/A
"December 22, 2015",Alabama,"New Brockton","County Road 248",1,0,N/A
"December 22, 2015",Louisiana,Harvey,"1621 Apache Drive",1,1,N/A
"December 22, 2015",Colorado,Aurora,"Iliff and Troy",1,0,N/A
"December 22, 2015",Texas,Irving,"800 block of South Nursery Road",1,0,N/A
"December 22, 2015",Illinois,"Chicago (Englewood)","5900 block of South Princeton Avenue",1,0,N/A
"December 22, 2015",Florida,Miami,"10600 block of Southwest 27th Street",1,0,N/A
"December 22, 2015",Wisconsin,Milwaukee,"95th and Sheridan",1,0,N/A
"December 22, 2015",Texas,Marshall,"1600 block of Martin Luther King Boulevard",1,0,N/A
"December 22, 2015",Vermont,Burlington,"101 Elmwood Avenue",1,0,N/A
"December 21, 2015",Pennsylvania,Waymart,"9 Volunteer Way",1,0,N/A
"December 21, 2015",California,"La Puente","1200 block of Cedon Drive",1,0,N/A
"December 21, 2015",Louisiana,"Baton Rouge","5110 Corporate Blvd",1,0,N/A
"December 21, 2015",Washington,Everett,"4100 block of Colby Ave",1,0,N/A
"December 21, 2015",Illinois,"East Saint Louis","1300 block of North 37th Street",1,1,N/A
"December 21, 2015",Pennsylvania,Philadelphia,"Horton and Vine Streets",1,0,N/A
"December 21, 2015",Ohio,Columbus,"0 block of Rodgers Avenue",1,0,N/A
"December 21, 2015",Virginia,Norfolk,"Robin Hood Road and Tillman Road",1,0,N/A
"December 21, 2015",Texas,Fresno,"900 block of Evergreen",1,1,N/A
"December 21, 2015",Georgia,Atlanta,"1575 Moreland Avenue",1,0,N/A
"December 21, 2015",Indiana,Gary,"1500 block of W. 2nd Avenue",1,0,N/A
"December 21, 2015",California,Hemet,"1400 block of South State Street",1,0,N/A
"December 21, 2015",Pennsylvania,Pittsburgh,"200 block of Mathilda Street",3,0,N/A
"December 21, 2015",Michigan,Jackson,"400 block of Bates Street",1,0,N/A
"December 21, 2015",Tennessee,Oakdale,"3444 Airport Road",1,0,N/A
"December 21, 2015",Colorado,Rye,"8200 block of Kinnikinic Avenue",2,0,N/A
"December 21, 2015","New Jersey",Newark,"Speedway Avenue and Rodwell Avenue",1,0,N/A
"December 21, 2015",Florida,Jacksonville,"Portsmouth Avenue and Waynesboro Avenue",1,1,N/A
"December 21, 2015",Missouri,"Saint Louis","1600 block of Emerald Creek Drive",1,0,N/A
"December 21, 2015",Louisiana,Jennings,"1300 block of West Street",1,0,N/A
"December 21, 2015",Alaska,Anchorage,"West Tudor Road",2,0,N/A
"December 21, 2015",Florida,Orlando,"Messina Avenue",1,0,N/A
"December 21, 2015",Delaware,Wilmington,"East 23rd Street",1,0,N/A
"December 21, 2015",Maryland,Damascus,"24600 block of Ridge Road",1,0,N/A
"December 21, 2015",Florida,Deltona,"2761 Muldive Court",1,0,N/A
"December 21, 2015",Louisiana,"Baton Rouge","College Drive",1,0,N/A
"December 21, 2015",Tennessee,Nashville,"2817 Vista Lane",3,0,N/A
"December 21, 2015",California,"Los Angeles","53rd Street and Compton Avenue",1,0,N/A
"December 21, 2015",Georgia,Douglasville,"Midway Road",1,0,N/A
"December 21, 2015",Louisiana,"Breaux Bridge",N/A,1,0,N/A
"December 21, 2015",California,"San Francisco","Lincoln Way and Third Avenue",1,0,N/A
"December 21, 2015",Pennsylvania,"Chester (Eddystone)","1200 block of Saville Ave",1,0,N/A
"December 21, 2015",Alabama,Birmingham,"800 block of Meg Drive",1,0,N/A
"December 21, 2015",Texas,Dallas,"2900 block of Midway Plaza",1,2,N/A
"December 21, 2015",Alabama,Montgomery,"1000 block of Day Street",1,0,N/A
"December 21, 2015",Texas,Amarillo,"1736 South East Eighth Avenue",1,0,N/A
"December 21, 2015",Pennsylvania,Philadelphia,"8300 block of Gilbert St",1,2,N/A
"December 21, 2015",Texas,Houston,"1506 Central",1,0,N/A
"December 21, 2015",Alabama,Mobile,"Old Dobbin Drive",1,0,N/A
"December 21, 2015",Florida,Orlando,"2800 block of Mcleod Road",1,1,N/A
"December 21, 2015",Florida,Jacksonville,"Skycrest Drive",1,0,N/A
"December 21, 2015",Ohio,Toledo,"723 Locust St",1,0,N/A
"December 21, 2015",Colorado,Denver,"1103 Yosemite Street",1,0,N/A
"December 21, 2015",Missouri,"Poplar Bluff","500 section of County Road 42222",1,0,N/A
"December 20, 2015",Texas,"Mission (Palmview)","East View Circle Drive",2,0,N/A
"December 20, 2015",Georgia,Chickamauga,"1095 Twin Cedars Road",1,0,N/A
"December 20, 2015",Pennsylvania,"Chester (Eddystone)","1200 block of Saville Ave",1,0,N/A
"December 20, 2015","North Carolina",Charlotte,"1600 block of Vancouver Dr",1,0,N/A
"December 20, 2015",Indiana,Gary,"2200 block of East 19th Place",2,1,N/A
"December 20, 2015",Maryland,Baltimore,"1100 block of N. Carrollton Ave.",1,0,N/A
"December 20, 2015",Virginia,Portsmouth,"400 block of Loren Crescent",2,0,N/A
"December 20, 2015",Illinois,Chicago,"5400 block of West Hirsch Street",1,0,N/A
"December 20, 2015",Texas,Dallas,"2400 block of Southland Street",1,0,N/A
"December 20, 2015",Michigan,Detroit,"7600 block of Vaughn",1,0,N/A
"December 20, 2015",Iowa,"De Witt (Dewitt)","400 block of E. 11th Street",1,0,N/A
"December 20, 2015",California,Tarzana,"6200 block of Reseda Boulevard",1,0,N/A
"December 20, 2015",California,Richmond,"5th Street and Market Avenue",1,0,N/A
"December 20, 2015",Colorado,Denver,"E 74th Ave and Washington St",1,0,N/A
"December 20, 2015",Ohio,"Cleveland (Cleveland Heights)","900 block of Caledonia Avenue",1,0,N/A
"December 20, 2015",Illinois,Chicago,"5200 block of South Green",1,0,N/A
"December 20, 2015",Illinois,Chicago,"5400 block of South Laflin",1,1,N/A
"December 20, 2015","North Carolina",Wilmington,"11th and Castle Street",1,4,N/A
"December 20, 2015",Florida,"Miami (Goulds)","21630 Southwest 120th Avenue",1,4,N/A
"December 20, 2015",California,Palmdale,"37900 block of 47th Street East",1,0,N/A
"December 20, 2015","New York",Bronx,"University Avenue",1,0,N/A
"December 20, 2015","South Carolina",Westminster,"Brock Road",1,0,N/A
"December 20, 2015",Georgia,Sylvania,"Highway 301",1,0,N/A
"December 20, 2015",Maryland,"Hyattsville (Landover)","1000 block of Brightseat Road",1,0,N/A
"December 20, 2015",Texas,"El Paso","Alameda and Tobin",1,0,N/A
"December 20, 2015",Texas,"El Paso",N/A,1,0,N/A
"December 20, 2015",Texas,"Mission (Palmview)",N/A,2,0,N/A
"December 20, 2015","New Jersey","Asbury Park","1000 block of Summerfield Avenue",1,1,N/A
"December 20, 2015",California,Oakland,"100 block of Hegenberger Place",1,0,N/A
"December 20, 2015",Pennsylvania,"Pittsburgh (Wilkinsburg)","Mill Street",1,0,N/A
"December 20, 2015",California,Oakland,"900 block of Mandela Parkway",1,0,N/A
"December 20, 2015",Oklahoma,"Oklahoma City","2800 block of S.W. 59th Street",1,0,N/A
"December 20, 2015",Texas,Amarillo,"833 South Travis Street",1,0,N/A
"December 20, 2015",Oklahoma,"Wagoner (county)","683rd Street",1,0,N/A
"December 20, 2015",Texas,"San Antonio","400 block of Montrose",1,0,N/A
"December 20, 2015",Texas,"San Antonio","400 block of Porter Street",1,0,N/A
"December 20, 2015",Indiana,Gary,"3600 block of West 20th Avenue",1,1,N/A
"December 20, 2015","New York",Peekskill,"1431 Park Street",1,0,N/A
"December 20, 2015",Washington,Everett,"4100 block of Colby Avenue",1,0,N/A
"December 20, 2015",California,Hayward,"21100 block of Foothill Boulevard",1,0,N/A
"December 19, 2015",Ohio,Cleveland,"East 95th Street",1,0,N/A
"December 19, 2015",Missouri,"Kansas City","2800 block of Prospect Avenue",1,0,N/A
"December 19, 2015",Washington,Tacoma,"E Morton and E T",1,0,N/A
"December 19, 2015",Missouri,"Kansas City","600 block of Elmwood Avenue",1,0,N/A
"December 19, 2015",Louisiana,"New Orleans","400 block of South Salcedo Street",1,0,N/A
"December 19, 2015","North Carolina",Durham,"419 South Briggs Ave",1,0,N/A
"December 19, 2015",Georgia,Greenville,"100 block of Allie Road",1,1,N/A
"December 19, 2015",Missouri,Sikeston,"889 W. Malone Avenue",1,0,N/A
"December 19, 2015",Missouri,"Saint Louis","5000 block of Alcott Avenue",1,0,N/A
"December 19, 2015",Wisconsin,Milwaukee,"47th and Clarke",1,0,N/A
"December 19, 2015","New York",Brooklyn,"Dean Street",1,0,N/A
"December 19, 2015","New York",Buffalo,"400 block of Busti Avenue",1,0,N/A
"December 19, 2015",Louisiana,Thibodaux,"117 Violet St",1,0,N/A
"December 19, 2015","New Jersey","Jersey City","905 Bergen Avenue",1,0,N/A
"December 19, 2015","North Carolina","Henderson (county)","Highway 191",1,0,N/A
"December 19, 2015",California,"Cathedral City","Tortuga Road and Avenida La Vista",1,1,N/A
"December 19, 2015",California,Torrance,"1000 W. Carson St",1,0,N/A
"December 19, 2015",Pennsylvania,Philadelphia,"5500 block of Belmar Street",1,0,N/A
"December 19, 2015",Virginia,Richmond,"4900 block of Old Brook Road",1,0,N/A
"December 19, 2015",Kentucky,London,"9209 Natures Bend Lane",2,0,N/A
"December 19, 2015",Florida,Bradenton,"1000 block of 33rd Avenue East",1,0,N/A
"December 19, 2015",Nevada,"Las Vegas","700 block of North 10th Street",1,0,N/A
"December 19, 2015",Virginia,Richmond,"6500 block of Midlothian Turnpike",1,0,N/A
"December 19, 2015","South Carolina","Lexington (county)","Berryhill Road",1,0,N/A
"December 19, 2015",Ohio,Akron,"100 block of West Long Street",1,0,N/A
"December 19, 2015",Maryland,"Anne Arundel (county)","100 block of Homewood Road",1,0,N/A
"December 19, 2015",Virginia,Richmond,"2300 block of Carmine Street",1,2,N/A
"December 19, 2015",Louisiana,"New Orleans","2600 block of Dumaine Street",1,0,N/A
"December 19, 2015",Ohio,Shelby,"225 W Main St",2,0,N/A
"December 19, 2015",California,Salinas,"1395 Nogal Drive",2,0,N/A
"December 19, 2015",Oklahoma,Tulsa,"3608 N. Quaker Avenue",1,0,N/A
"December 19, 2015",Mississippi,Magee,N/A,1,0,N/A
"December 19, 2015","New York",Brooklyn,"Herkimer Street",1,0,N/A
"December 19, 2015",California,"El Monte","9900 block of Garvey Avenue",1,0,N/A
"December 19, 2015","New York",Utica,"1100 block of Leeds Street",1,0,N/A
"December 19, 2015",Virginia,Norfolk,"Berkley Avenue Extended",1,0,N/A
"December 19, 2015",Nebraska,Omaha,"12441 Miami St.",1,0,N/A
"December 19, 2015",Oregon,Salem,"8400 block of North Kerby Avenue",1,2,N/A
"December 18, 2015",Massachusetts,Boston,"58 Annunciation Road",1,1,N/A
"December 18, 2015",Texas,Wylie,"100 block of McCreary Road",2,0,N/A
"December 18, 2015","New Mexico",Taos,"Abode Lane",1,0,N/A
"December 18, 2015",Florida,"Port Orange","Mile marker 259 I-95",1,0,N/A
"December 18, 2015",Indiana,Portage,"5416 Mulberry Ave",1,0,N/A
"December 18, 2015",Wisconsin,Milwaukee,"North 20th and Highland Avenue",1,0,N/A
"December 18, 2015",Ohio,Oregon,"3150 Navarre Ave",1,0,N/A
"December 18, 2015",Indiana,Huntington,"2001 Stults Rd",1,1,N/A
"December 18, 2015",Pennsylvania,Selinsgrove,"Creekside Drive",1,0,N/A
"December 18, 2015",Florida,Allapattah,"1224 Northwest 38th Street",1,0,N/A
"December 18, 2015",Tennessee,Knoxville,"145 Moss Grove Boulevard",1,0,N/A
"December 18, 2015",California,"San Bernardino","400 block of South Rancho Avenue",1,1,N/A
"December 18, 2015",Georgia,Columbus,"2935 Warm Springs Road",1,0,N/A
"December 18, 2015",Arkansas,"Little Rock","5200 block of Geyer Springs",1,0,N/A
"December 18, 2015","North Carolina",Wilmington,"5942 Market St.",1,0,N/A
"December 18, 2015",Tennessee,Knoxville,"1904 Natchez Street",1,0,N/A
"December 18, 2015",Maryland,Baltimore,"2400 block of West Fayette Street",1,0,N/A
"December 18, 2015","South Carolina","Saint George","Abbot Lane",1,0,N/A
"December 18, 2015",Tennessee,Moscow,"115 Slayden Road",1,0,N/A
"December 18, 2015",Connecticut,Bridgeport,"1891 Main Street",1,1,N/A
"December 18, 2015",Texas,Tyler,"Highway 64 West",1,0,N/A
"December 18, 2015",Mississippi,Batesville,N/A,1,1,N/A
"December 18, 2015","New Jersey",Newark,"300 block of Madison Avenue",1,0,N/A
"December 18, 2015",California,Pasadena,"600 block of North Mentor Avenue",1,0,N/A
"December 18, 2015","South Carolina",Summerville,"Maple Grove Dr",1,1,N/A
"December 18, 2015",Louisiana,Patterson,"Grandwood Drive",1,0,N/A
"December 18, 2015",Florida,Orlando,"3300 Orange Blossom Trail",1,0,N/A
"December 18, 2015",Pennsylvania,York,"700 block of Pennsylvania Avenue",1,1,N/A
"December 18, 2015",Virginia,Concord,"Quarry Lane",1,0,N/A
"December 18, 2015",Kentucky,Winchester,"400 Shoppers Drive",2,0,N/A
"December 17, 2015",Ohio,Kent,"600 block of Virginia Avenue",1,0,N/A