"Incident Date",State,"City Or County",Address,"# Killed","# Injured",Operations
"October 31, 2017",Texas,"San Antonio","22800 block of Fossil Peak",2,0,N/A
"October 31, 2017",Illinois,Decatur,"3129 Kent Ave",2,0,N/A
"October 31, 2017",Alabama,Hamilton,"County Road 35",1,0,N/A
"October 31, 2017",Kentucky,Louisville,"900 block of East Gray Street",1,0,N/A
"October 31, 2017",Oklahoma,Kingfisher,"16700 block of N 2860 Road",1,0,N/A
"October 31, 2017",Florida,Jacksonville,"5600 San Juan Ave",1,1,N/A
"October 31, 2017","New Jersey",Belleville,"14 Berton Pl",1,1,N/A
"October 31, 2017",California,Sunnyvale,"520 E Weddell Dr",1,0,N/A
"October 31, 2017",Indiana,Franklin,"300 block of N Bunnell St",1,0,N/A
"October 31, 2017",Louisiana,"Baton Rouge","Siegen Lane",1,0,N/A
"October 31, 2017",Louisiana,"Baton Rouge","Kleinert Avenue",1,0,N/A
"October 31, 2017",Tennessee,Livingston,"Petalbrook Ln",1,0,N/A
"October 31, 2017",Mississippi,"Holly Springs","Center Street and Falconer Avenue",1,0,N/A
"October 31, 2017",Louisiana,Bastrop,"Jackson St",1,0,N/A
"October 31, 2017",Maryland,Baltimore,"5400 block of California Blvd",1,0,N/A
"October 31, 2017","South Carolina",Greenville,"Luke Ln and Holder Ln",1,0,N/A
"October 31, 2017",Illinois,Chicago,"7300 S Oglesby Ave",1,0,N/A
"October 31, 2017",Illinois,Chicago,"1 block of South Lockwood",1,0,N/A
"October 31, 2017","South Carolina",Wellford,"Nazareth Rd",1,0,N/A
"October 31, 2017",Illinois,Chicago,"11300 S Aberdeen St",1,0,N/A
"October 31, 2017",Georgia,"Stone Mountain","4766 Redan Rd",1,1,N/A
"October 31, 2017",Indiana,Hammond,"500 block of Pointe Dr",1,3,N/A
"October 31, 2017",Louisiana,Thibodaux,"Park Avenue",1,0,N/A
"October 31, 2017",Wisconsin,Baldwin,N/A,2,0,N/A
"October 31, 2017","New York",Bronx,"1715 Randall Ave",1,2,N/A
"October 31, 2017",Mississippi,Columbus,"Poplar St",1,0,N/A
"October 31, 2017","South Carolina",Summerville,"600 Block of Beauregard Rd",1,0,N/A
"October 31, 2017",Louisiana,"Morgan City","Friendship Ln",1,0,N/A
"October 31, 2017",Georgia,Macon,"1476 Burton Ave",1,0,N/A
"October 31, 2017",Ohio,Columbus,"3240 Tradan Dr",1,0,N/A
"October 31, 2017",Alabama,Mobile,"Ralston Road",0,0,N/A
"October 31, 2017",Florida,Orlando,"Lobelia Dr and Vista Lago Dr",1,1,N/A
"October 31, 2017","Rhode Island",Providence,"62 Nicholas Brown Yards",1,1,N/A
"October 31, 2017",Texas,Houston,"15000 Park Row",2,0,N/A
"October 31, 2017",Georgia,Atlanta,"300 Block of Fairburn Rd",1,0,N/A
"October 31, 2017",Massachusetts,Boston,"944 Parker St",1,0,N/A
"October 31, 2017",Maryland,Baltimore,"5300 block of Cordelia Ave",1,0,N/A
"October 31, 2017",Georgia,Macon,"Rosecrest Ave",1,0,N/A
"October 31, 2017",Texas,Arlington,"Green Oaks Blvd and Kelly Elliott Rd",1,2,N/A
"October 31, 2017",Georgia,Macon,"1013 Dennis St",1,1,N/A
"October 31, 2017","New Hampshire",Swanzey,"Holbrook Ave",1,0,N/A
"October 30, 2017",Washington,Lakewood,"6503 150th St SW",2,0,N/A
"October 30, 2017",Ohio,Cleveland,"Rosedale Ave",1,0,N/A
"October 30, 2017",Wisconsin,Milwaukee,"2100 block of S. 7th Street",1,0,N/A
"October 30, 2017","North Carolina","Winston Salem (Winston-salem)","4000 block of Village Park Ct",1,0,N/A
"October 30, 2017",Missouri,"Saint Louis","4000 block of Greer Ave",1,0,N/A
"October 30, 2017",Indiana,Evansville,"200 block of East Maryland St",2,0,N/A
"October 30, 2017",Utah,"Salt Lake City","300 Wakara Way",1,1,N/A
"October 30, 2017","North Carolina",Lumberton,"Carolina Ave",1,0,N/A
"October 30, 2017",Florida,Largo,"12376 Ulmerton Rd",1,0,N/A
"October 30, 2017",Maryland,"Glenn Dale","10400 Good Luck Rd",1,0,N/A
"October 30, 2017",Maryland,Hyattsville,"1000 block of Chillum Rd",1,0,N/A
"October 30, 2017",Kentucky,Louisville,"26th and Eddy Streets",1,0,N/A
"October 30, 2017",Louisiana,Shreveport,"2500 block of Hollywood Avenue",1,0,N/A
"October 30, 2017",Colorado,Littleton,"400 block of E Highline Cir",1,0,N/A
"October 30, 2017",Indiana,Indianapolis,"500 block of S Goodlet Ave",1,0,N/A
"October 30, 2017",Minnesota,Farmington,"Twin Ponds Cir",1,0,N/A
"October 30, 2017","New York",Buffalo,"Thatcher Ave and Kensington Ave",1,0,N/A
"October 30, 2017",Florida,Jacksonville,"Bert Rd",1,0,N/A
"October 30, 2017","South Carolina",Mullins,"Lowman St",1,0,N/A
"October 30, 2017",Pennsylvania,York,"353 E Market St",1,0,N/A
"October 30, 2017",California,Antioch,"2200 block of Peppertree Way",1,0,N/A
"October 30, 2017",Florida,"Vero Beach","61st St",1,0,N/A
"October 30, 2017",Missouri,Independence,"12500 block of E 43rd St",1,0,N/A
"October 30, 2017",Louisiana,"New Orleans","300 block of LeBoeuf St",1,0,N/A
"October 30, 2017",Mississippi,Vicksburg,"Baldwin Ferry Road",1,0,N/A
"October 30, 2017",Louisiana,"New Orleans","1600 block of Villere St",1,0,N/A
"October 30, 2017",Florida,"Lake Worth","S H St",1,0,N/A
"October 30, 2017",Ohio,Cleveland,"1100 block of E 141st St",1,0,N/A
"October 30, 2017",Colorado,"Colorado Springs","2200 block of East Platte Avenue",1,0,N/A
"October 30, 2017",Washington,"Federal Way","31458 Pacific Hwy S",1,0,N/A
"October 30, 2017",Maryland,Baltimore,"5400 block of Bucknell Rd",1,0,N/A
"October 30, 2017",Texas,"San Antonio","3100 Hiawatha St",1,0,N/A
"October 30, 2017",Georgia,Valdosta,"1503 E Park Ave",1,0,N/A
"October 30, 2017",Missouri,"Kansas City","Park Ave E and E 37th St",1,0,N/A
"October 30, 2017",Pennsylvania,Philipsburg,"Bass Ln",1,0,N/A
"October 29, 2017",Arizona,Phoenix,"Union Hills Dr and 19th Ave",1,0,N/A
"October 29, 2017","North Carolina",Greensboro,"836 Burbank St",1,2,N/A
"October 29, 2017","North Carolina",Durham,"3601 Brockwell Rd",1,0,N/A
"October 29, 2017",Arkansas,Marion,"Marion Lake Road",1,0,N/A
"October 29, 2017",Massachusetts,Boston,"7 Peninsula Pl",1,0,N/A
"October 29, 2017",Virginia,Draper,"Old Baltimore Rd",2,0,N/A
"October 29, 2017",Illinois,Peoria,"1312 N Broadway St",1,0,N/A
"October 29, 2017",Colorado,Englewood,"13101 E Broncos Pkwy",1,0,N/A
"October 29, 2017",Oklahoma,Lawton,"2100 block of NW Lincoln",1,0,N/A
"October 29, 2017",Tennessee,Knoxville,"900 block of Baker Ave",1,0,N/A
"October 29, 2017",Virginia,Lynchburg,"1823 Main St",1,0,N/A
"October 29, 2017",Tennessee,"Thompsons Station","Iroquois Dr",1,0,N/A
"October 29, 2017",Kansas,Wichita,"1600 block of S Volutsia St",1,0,N/A
"October 29, 2017",Illinois,"Lake Forest","1300 Estate Ln E",1,0,N/A
"October 29, 2017",Pennsylvania,Philadelphia,"2100 block of N Hancock St",1,0,N/A
"October 29, 2017",Tennessee,"Nashville (Donelson)","2810 Branwood Dr",1,0,N/A
"October 29, 2017",California,"Pacoima (Arleta)","9900 block of Stanwin Ave",1,0,N/A
"October 29, 2017",California,Lincoln,"800 block of E 8th St",1,1,N/A
"October 29, 2017",Pennsylvania,Philadelphia,"7300 block of Passyunk Ave",1,0,N/A
"October 29, 2017",Georgia,Dublin,"Azalea Dr",1,0,N/A
"October 29, 2017",Wisconsin,Milwaukee,"6000 block of N Teutonia",1,0,N/A
"October 29, 2017",Indiana,"New Castle","1000 block of Church St",1,0,N/A
"October 29, 2017",Louisiana,"New Orleans","8600 block of Apricot Street",1,0,N/A
"October 29, 2017",California,Oakland,"1200 block of 8th St",1,0,N/A
"October 29, 2017",Louisiana,Shreveport,"1700 block of Portland Avenue",1,0,N/A
"October 29, 2017",Louisiana,Shreveport,"2900 block of Hillcrest Avenue",1,1,N/A
"October 29, 2017",Illinois,Chicago,"6600 S Marquette Rd",1,0,N/A
"October 29, 2017","North Carolina",Goldsboro,"147 Dupont Circle",1,0,N/A
"October 29, 2017",Maryland,Baltimore,"900 block of Carey St",1,0,N/A
"October 29, 2017",Indiana,Indianapolis,"8000 Wildwood Farms Dr",1,0,N/A
"October 29, 2017",Oklahoma,"Oklahoma City","N Classen Blvd and NW 18th St",1,1,N/A
"October 29, 2017",Mississippi,Senatobia,I-55,1,1,N/A
"October 29, 2017",California,"Van Nuys","6700 block of Greenbush Ave",1,0,N/A
"October 29, 2017","New York","New York (Manhattan)","111 Wadsworth Ave",1,1,N/A
"October 29, 2017","New Jersey",Newark,"195 S 6th St",2,0,N/A
"October 29, 2017","New Jersey","Perth Amboy","Harbor Town Blvd",1,0,N/A
"October 29, 2017","New York",Syracuse,"119 Glenwood Ave",1,0,N/A
"October 29, 2017",Illinois,Belleville,"7600 block of W Main St",1,0,N/A
"October 29, 2017",Hawaii,Hilo,"North Road",1,0,N/A
"October 29, 2017",Washington,Tacoma,"8401 S Hosmer St",1,1,N/A
"October 29, 2017",Colorado,"Colorado Springs","4494 Austin Bluffs Pkwy",1,2,N/A
"October 29, 2017",Georgia,Savannah,"W Bolton Ln and MLK Blvd",1,0,N/A
"October 29, 2017",California,"Discovery Bay","1700 block of Wilde Dr",1,0,N/A
"October 29, 2017","New York",Elmira,"400 block of W Gray St",1,0,N/A
"October 29, 2017",Texas,Austin,"5500 block of Ave F",1,3,N/A
"October 28, 2017",Georgia,Rome,"1 Summer Stone Dr",1,0,N/A
"October 28, 2017","New York",Rochester,"109 Scrantom St",1,0,N/A
"October 28, 2017",Wisconsin,Milwaukee,"19th and Eggert",1,0,N/A
"October 28, 2017","New Mexico",Albuquerque,"2121 Central Ave NW",1,0,N/A
"October 28, 2017",California,Modesto,"1400 block of Lake Park Ct",1,1,N/A
"October 28, 2017",Illinois,Chicago,"4800 W Hutchinson St",1,0,N/A
"October 28, 2017",Illinois,Plainfield,"13460 S Rt 59",2,0,N/A
"October 28, 2017",Missouri,"Saint Louis","4800 block of Farlin Ave",1,0,N/A
"October 28, 2017",California,"Los Angeles (Hollywood)","La Brea Ave and Hollywood Blvd",0,0,N/A
"October 28, 2017",California,"Van Nuys","15500 block of Valerio St",1,0,N/A
"October 28, 2017",Arizona,Phoenix,"4200 block of S 59th Dr",1,0,N/A
"October 28, 2017","North Carolina",Laurinburg,"Salem St",1,0,N/A
"October 28, 2017",Texas,Dallas,"2025 Lagow St",1,0,N/A
"October 28, 2017",Arizona,Chandler,"Chandler Blvd and McQueen Rd",1,0,N/A
"October 28, 2017",Arizona,Tucson,"1600 block of N Highland Ave",1,1,N/A
"October 28, 2017","New Jersey",Newark,"17th St and 15th Ave",1,0,N/A
"October 28, 2017","New Jersey",Newark,"34 N 12th St",1,0,N/A
"October 28, 2017",Alabama,Montgomery,"3100 block of Rane Drive",1,1,N/A
"October 28, 2017",Virginia,Norfolk,"3100 block of Oklahoma Ave",1,0,N/A
"October 28, 2017",Colorado,Greeley,"2600 block of 1st St",1,0,N/A
"October 28, 2017","New Jersey",Glassboro,"252 Ruth Ave",1,0,N/A
"October 28, 2017",Alabama,"Phenix City","1100 block of 23rd Court",1,0,N/A
"October 28, 2017",Virginia,Petersburg,"N Sycamore St and Franklin",1,3,N/A
"October 28, 2017",Alabama,Huntsville,"Joy Cir",1,0,N/A
"October 28, 2017",Wisconsin,"Black River Falls",N/A,1,0,N/A
"October 28, 2017",Indiana,Pittsboro,"778 Penny Ln",2,0,N/A
"October 28, 2017",Louisiana,"New Orleans","7700 block of West Laverne Street",1,0,N/A
"October 28, 2017",Maryland,Laurel,"9000 block of N Laurel Rd",1,0,N/A
"October 28, 2017",California,Westminster,"14160 Beach Blvd",1,1,N/A
"October 28, 2017",California,Marysville,"E 13th and Yuba St",1,0,N/A
"October 28, 2017",Louisiana,"New Orleans","1300 block of Egania Street",1,1,N/A
"October 28, 2017",Kentucky,Louisville,"5800 block of New Cut Rd",1,0,N/A
"October 28, 2017",Maryland,Baltimore,"1800 block of Edmondson Ave",1,0,N/A
"October 28, 2017",Georgia,Gainesville,"2300 block of Thompson Mill Rd",2,0,N/A
"October 28, 2017",Oregon,"Grand Ronde","OR 18",1,0,N/A
"October 28, 2017",California,Wilmington,"1100 block of W Cruces St",1,0,N/A
"October 28, 2017",Texas,Houston,"10650 Hempstead Rd",2,1,N/A
"October 28, 2017",Alabama,Birmingham,"1573 Bessemer Rd",1,0,N/A
"October 28, 2017",Florida,Jacksonville,"2000 Block of Fleming St",1,0,N/A
"October 28, 2017",Florida,Jacksonville,"28th St and Stuart Ave",2,0,N/A
"October 28, 2017",Florida,"Fort Pierce","2900 Block of Oleander Blvd",1,0,N/A
"October 28, 2017",Florida,"Pompano Beach (North Lauderdale)","1411 Cove Lake Rd",1,0,N/A
"October 28, 2017","New Jersey",Absecon,"Oyster Bay Rd",1,0,N/A
"October 28, 2017","New York","Niagara Falls","1118 19th Street",1,0,N/A
"October 28, 2017",Texas,"Fort Worth","5400 block of Wilson Rd",1,0,N/A
"October 28, 2017","New York","Staten Island","114 Van Pelt Ave",1,1,N/A
"October 28, 2017",Maine,Hebron,"490 Greenwood Mountain Rd",1,0,N/A
"October 28, 2017",Missouri,"Saint Joseph","724 N 23rd St",1,0,N/A
"October 28, 2017",Texas,"San Angelo","1300 block of E 24th St",1,0,N/A
"October 28, 2017",Michigan,Detroit,"E Forest and Cooper",2,0,N/A
"October 28, 2017",Missouri,Independence,"12800 block of E 47th St",1,1,N/A
"October 27, 2017",Vermont,Townshend,"163 Shirley Circle",2,0,N/A
"October 27, 2017",Ohio,Youngstown,"107 E Glenhaven Ave",1,0,N/A
"October 27, 2017","District of Columbia",Washington,"2200 block of Hunter Pl",1,0,N/A
"October 27, 2017","New Jersey",Newark,"Fabyan Pl and Voorhees St",1,1,N/A
"October 27, 2017",Nevada,"Las Vegas","Lake Mead and Simmons",1,0,N/A
"October 27, 2017",Ohio,Cleveland,"9305 St Clair Ave",1,0,N/A
"October 27, 2017",Pennsylvania,"Bellefonte (Pleasant Gap)","227 Whitman Ave",1,0,N/A
"October 27, 2017",Maryland,Baltimore,"2500 block of Greenmount Ave",1,0,N/A
"October 27, 2017",Texas,Arlington,"500 block of Lincoln Square",2,0,N/A
"October 27, 2017",Alabama,Decatur,"1503 Chestnut St SE",1,0,N/A
"October 27, 2017",Texas,"San Antonio (Kirby)","3200 block of Alan Shepard Dr",1,0,N/A
"October 27, 2017",Virginia,Norfolk,"800 block of Hayes St",1,0,N/A
"October 27, 2017",Alabama,Birmingham,"4800 block of Terrace S",1,1,N/A
"October 27, 2017",Ohio,Youngstown,"1100 block of Verona Ave",1,0,N/A
"October 27, 2017",Illinois,Chicago,"3400 W Augusta Blvd",2,0,N/A
"October 27, 2017",Indiana,"Terre Haute","4400 block of N 18th St",1,0,N/A
"October 27, 2017",Maryland,Baltimore,"1500 block of Eutaw Pl",1,0,N/A
"October 27, 2017",Michigan,Jackson,"200 Block of W South St",1,0,N/A
"October 27, 2017",Louisiana,Shreveport,"5200 block of Mansfield Road",1,0,N/A
"October 27, 2017",Florida,Kissimmee,"1915 Reef Club Dr",1,0,N/A
"October 27, 2017",Florida,Indiantown,"SW Dr Martin Luther King Jr Dr and SW Charleston St",1,0,N/A
"October 27, 2017",Pennsylvania,Lancaster,"300 block of S Marshall St",1,0,N/A
"October 27, 2017",Georgia,Atlanta,"3200 Block of Dale Ln",1,1,N/A
"October 27, 2017",Michigan,Saginaw,"2875 Capehart St",1,0,N/A
"October 27, 2017",Texas,Dallas,"4594 Kiest Blvd",1,0,N/A
"October 27, 2017",Ohio,Cleveland,"3447 Steelyard Dr",1,0,N/A
"October 27, 2017",Virginia,Chesterfield,"6500 block of Old Zion Hill Rd",1,0,N/A
"October 27, 2017",Wisconsin,Chetek,"600 Block of 26th St",3,0,N/A
"October 26, 2017",Wisconsin,"Chippewa Falls (Lake Hallie)","4089 124th St",1,0,N/A
"October 26, 2017",Florida,"Pompano Beach","NW 15th Place and Third Ave",1,0,N/A
"October 26, 2017",Michigan,Escanaba,"400 block of S. 14th St.",1,0,N/A
"October 26, 2017",Washington,Seattle,"4229 University Way NE",1,1,N/A
"October 26, 2017",Florida,Jacksonville,"2114 Kings Park Dr",1,0,N/A
"October 26, 2017",Missouri,"Kansas City","E 69th Terrace and Brooklyn Ave",1,1,N/A
"October 26, 2017",California,Carson,"19400 block of Pricetown Ave",1,1,N/A
"October 26, 2017",Tennessee,Memphis,"St. Elmo Ave and Schoolfield Cove",1,0,N/A
"October 26, 2017",Mississippi,Tupelo,"Clement Cir",1,0,N/A
"October 26, 2017",Illinois,Chicago,"2500 block of W 45th S",1,1,N/A
"October 26, 2017","South Carolina",Blythewood,"Patterdale Ln",2,0,N/A
"October 26, 2017","South Carolina","Rock Hill","2361 Eden Terrace",1,0,N/A
"October 26, 2017",Maryland,Baltimore,"4000 block of Belwood Ave",1,0,N/A
"October 26, 2017",Ohio,"Cleveland (East Cleveland)","Orinoco Ave and Manhattan Ave",1,0,N/A
"October 26, 2017",California,"Grover Beach","1100 block of Saint John Cir",2,0,N/A
"October 26, 2017",Oklahoma,Gore,"OK 100",1,0,N/A
"October 26, 2017",Florida,"Lake Wales","Orchid Dr and Lake Haven Dr",1,0,N/A
"October 26, 2017",Georgia,Hampton,"11175 Tara Blvd",1,0,N/A
"October 26, 2017",Louisiana,"Baton Rouge","Gus Young Avenue",1,0,N/A
"October 26, 2017",Georgia,Decatur,"I-20 and Wesley Chapel Rd",1,0,N/A
"October 26, 2017",Kentucky,Lexington,"2039 Jeffrey Court",1,0,N/A
"October 26, 2017",Illinois,Chicago,"9600 S Euclid Ave",1,0,N/A
"October 26, 2017",Alabama,Fairhope,"CR 48 and CR 13",1,0,N/A
"October 26, 2017",Louisiana,"New Orleans","900 block of Deslonde Street",2,0,N/A
"October 26, 2017",Oklahoma,"Sand Springs","100 block of N Franklin Ave",1,0,N/A
"October 26, 2017",Georgia,"Forest Park","Boca Grande Boulevard",1,0,N/A
"October 26, 2017",Arkansas,"El Dorado","601 S Timberlane Dr",1,0,N/A
"October 26, 2017",Arkansas,Altheimer,"700 block of Short Front St",1,0,N/A
"October 26, 2017",Florida,Tampa,"7518 Camarina Calle",1,0,N/A
"October 26, 2017",Colorado,"Colorado Springs","2300 block of E Boulder St",1,1,N/A
"October 26, 2017",Ohio,Dayton,"1949 Needmore Road",1,0,N/A
"October 26, 2017",Missouri,"Kansas City","E 7th St and Norton Ave",1,0,N/A
"October 26, 2017",Illinois,Chicago,"2500 N Lockwood Ave",1,0,N/A
"October 26, 2017",Missouri,"El Dorado Springs","Summer St",1,0,N/A
"October 26, 2017",Pennsylvania,Erie,"E 3rd St and Parade St",1,0,N/A
"October 26, 2017",Pennsylvania,Pittsburgh,"1400 block of Perry Highway",1,1,N/A
"October 26, 2017",Nevada,"Las Vegas","4150 S Durango Drive",1,0,N/A
"October 26, 2017","New York",Horseheads,"Lattabrook Rd",1,0,N/A
"October 26, 2017",Pennsylvania,Johnstown,"900 Ash St",1,0,N/A
"October 25, 2017",Utah,"Salt Lake City","1600 W Northstar Dr",1,0,N/A
"October 25, 2017",Massachusetts,Holyoke,"598 Dwight St",2,0,N/A
"October 25, 2017",Utah,"Salt Lake City (Murray)","98 E 4500 S",1,0,N/A
"October 25, 2017",Alaska,Hydaburg,N/A,1,0,N/A
"October 25, 2017",Oklahoma,Spencer,"7800 block of N Oak Ave",1,0,N/A
"October 25, 2017","West Virginia",Charleston,"500 block of Pacific St",1,0,N/A
"October 25, 2017",Illinois,"East Saint Louis","Eads Bridge and River Park Dr",1,1,N/A
"October 25, 2017",Texas,"Fort Worth","6000 block of Grayson St",1,0,N/A
"October 25, 2017",Wisconsin,Milton,"200 block of Elm Street",1,0,N/A
"October 25, 2017","South Carolina",Hampton,"822 Melvins Circle",1,0,N/A
"October 25, 2017",Pennsylvania,Philadelphia,"B St and Allegheny Ave",1,2,N/A
"October 25, 2017",Ohio,Cleveland,"11619 Lorain Ave",1,0,N/A
"October 25, 2017",Tennessee,Memphis,"E Shelby Dr and Tulane Rd",1,0,N/A
"October 25, 2017",Michigan,Detroit,"700 block of West Grand Boulevard",1,0,N/A
"October 25, 2017",Missouri,"Saint Louis (Kinloch)","8200 block of Courtney Ave",1,0,N/A
"October 25, 2017",Tennessee,Memphis,"Tanglewood St and Central Ave",1,0,N/A
"October 25, 2017",Tennessee,Memphis,"3791 Knight Rd",1,0,N/A
"October 25, 2017",Florida,"Saint Petersburg","2940 Freemont Ter S",1,0,N/A
"October 25, 2017",Ohio,Cleveland,"700 block of E 93rd St",1,0,N/A
"October 25, 2017",Georgia,Austell,"22 Golden Pine Rd",1,0,N/A
"October 25, 2017",California,Descanso,"10300 block of Boulder Creek Rd",2,0,N/A
"October 25, 2017",Kansas,Grantville,"3222 Detlor Rd",3,0,N/A
"October 25, 2017",Tennessee,Franklin,"234 Chestnut Lane",1,0,N/A
"October 25, 2017",Kentucky,Louisville,"1800 block of McCloskey Avenue",1,0,N/A
"October 25, 2017",Illinois,Chicago,"5200 S Cottage Grove Ave",1,0,N/A
"October 25, 2017",Missouri,"Kansas City","Brookside Rd and W 66th Terrace",1,0,N/A
"October 25, 2017",Texas,"San Antonio","2900 block of Rigsby Avenue",1,0,N/A
"October 25, 2017",Missouri,"Saint Louis","5200 block of Maple Ave",1,0,N/A
"October 25, 2017",Indiana,"Fort Wayne","1000 block of Lake Ave",1,0,N/A
"October 25, 2017","New Jersey",Orange,"419 Central Ave",1,0,N/A
"October 25, 2017",Louisiana,"Baton Rouge","Ralph Street",1,0,N/A
"October 25, 2017",Louisiana,Monroe,"Lock Drive",1,0,N/A
"October 25, 2017",Louisiana,Grambling,"403 Main St",2,0,N/A
"October 25, 2017",Washington,"Federal Way",N/A,1,0,N/A
"October 25, 2017","New York",Brooklyn,"190 York St",1,0,N/A
"October 25, 2017",Ohio,Columbus,"1700 block of Kenmore Rd",1,0,N/A
"October 25, 2017",Pennsylvania,Wampum,"PA-18 and Galilee Rd",1,0,N/A
"October 25, 2017",Texas,"Fort Worth","2900 block of South Hughes Ave",1,1,N/A
"October 25, 2017",Arizona,Tucson,"2500 block of W Quail Rd",1,0,N/A
"October 25, 2017",Missouri,"Kansas City","Independence Ave and Elmwood Ave",1,0,N/A
"October 24, 2017",Ohio,Columbus,"2246 N Cassady Ave",1,1,N/A
"October 24, 2017","North Carolina","Roanoke Rapids","Branch Ave and Bowser St",1,0,N/A
"October 24, 2017",Ohio,Groveport,"4026 Alwood Ln",2,1,N/A
"October 24, 2017",Arkansas,"Little Rock","1622 Woodrow",1,0,N/A
"October 24, 2017",Washington,Yakima,"300 block of South 7th Street",1,0,N/A
"October 24, 2017",Louisiana,Franklinton,"LA 16",1,0,N/A
"October 24, 2017",Nevada,"Las Vegas","1135 E Desert Inn Rd",1,1,N/A
"October 24, 2017",Maryland,Baltimore,"1000 block of W North Ave",1,0,N/A
"October 24, 2017",Tennessee,"Cedar Hill","2942 Maxey Rd",1,0,N/A
"October 24, 2017",Kansas,"Kansas City","Francis St and Bristow St",1,0,N/A
"October 24, 2017",Ohio,Cleveland,"3699 W 165th St",1,0,N/A
"October 24, 2017",California,"Los Angeles","515 W 58th St",1,0,N/A
"October 24, 2017",California,"Los Angeles","4000 block of 111st",1,0,N/A
"October 24, 2017",Florida,Homestead,"814 E Mowry Dr",1,0,N/A
"October 24, 2017",Indiana,Indianapolis,"3400 block of E 38th St",1,0,N/A
"October 24, 2017",Georgia,"Stone Mountain","900 block of Rowland Rd",1,0,N/A
"October 24, 2017",Georgia,Valdosta,"600 block of E Jane St",1,0,N/A
"October 24, 2017","North Carolina",Burnsville,"Roaring Fork Road",1,0,N/A
"October 24, 2017",Wisconsin,Weyauwega,"WI-54 Trunk and WI-22 N Shore Rd",2,0,N/A
"October 24, 2017",Georgia,Bainbridge,N/A,1,0,N/A
"October 24, 2017",Illinois,Chicago,"1500 block of W 71st St",1,1,N/A
"October 24, 2017","South Carolina",Warrenville,N/A,1,0,N/A
"October 24, 2017",Connecticut,Norwich,"13 Prospect St",1,0,N/A
"October 24, 2017",Missouri,"Saint Louis","200 block of Bellerive Blvd",2,0,N/A
"October 24, 2017",Louisiana,Thibodaux,"Anthony Dr",1,0,N/A
"October 24, 2017",Georgia,Columbus,"Young Ave",1,0,N/A
"October 24, 2017","North Carolina",Charlotte,"3100 block of Amity Court",1,0,N/A
"October 24, 2017",Colorado,Pueblo,"600 block of Avocado St",1,0,N/A
"October 24, 2017",Texas,Houston,"12355 Antoine Dr",1,0,N/A
"October 24, 2017",Arkansas,"Little Rock","5001 West 65th Street",1,1,N/A
"October 24, 2017","New York","West Babylon","North Arizona Rd",1,0,N/A
"October 24, 2017",Missouri,"Kansas City","3600 block of Roberts St",1,0,N/A
"October 24, 2017",Texas,Bellaire,"5512 Bellaire Blvd",1,0,N/A
"October 24, 2017",Pennsylvania,Nanticoke,"200 Canal St",1,1,N/A
"October 24, 2017",Maryland,Baltimore,"3101 Wylie Ave",1,0,N/A
"October 24, 2017",Pennsylvania,Philadelphia,"12th St and Ritner St",2,0,N/A
"October 23, 2017",Oklahoma,Tulsa,"E 49th St N and N Boston Pl",1,2,N/A
"October 23, 2017",Massachusetts,Lawrence,"439 S Union St",1,0,N/A
"October 23, 2017",Illinois,Chicago,"3000 E 80th St",1,0,N/A
"October 23, 2017","New Mexico",Albuquerque,"4600 block of Carlisle NE",0,0,N/A
"October 23, 2017",Tennessee,Knoxville,"Old Callahan Dr and Clinton Hwy",1,2,N/A
"October 23, 2017",Arizona,Tonopah,"371st Ave and Buckeye Rd",1,0,N/A
"October 23, 2017",Connecticut,"New Haven","Richard St",1,0,N/A
"October 23, 2017",Arkansas,"Hot Springs National Park (Hot Springs)","701 Greenwood Ave",1,0,N/A
"October 23, 2017",Virginia,Norfolk,"Dallas St",1,0,N/A
"October 23, 2017",Missouri,"Kansas City (North Kansas City)","2300 block of Oliver Dr",1,0,N/A
"October 23, 2017","New Jersey",Irvington,"Myrtle Ave",1,0,N/A
"October 23, 2017",California,"Los Angeles","1700 block of West 52nd St",1,0,N/A
"October 23, 2017",Michigan,Wyoming,"2300 block of Prairie Parkway SW",1,0,N/A
"October 23, 2017",Texas,Houston,"9600 block of Homestead",1,0,N/A
"October 23, 2017",Pennsylvania,Carbondale,"44th St",2,0,N/A
"October 23, 2017",Virginia,Toano,"7901 Sterling Ct",1,1,N/A
"October 23, 2017",Arizona,Phoenix,"Cave Creek Rd and Rose Garden Ln",1,0,N/A
"October 23, 2017",Florida,Casselberry,"Norwich Cir",0,0,N/A
"October 23, 2017",Kentucky,Shelbyville,"3000 block of Mary Crest Drive",1,0,N/A
"October 23, 2017",California,Castaic,"35500 block of Ridge Route Rd",1,0,N/A
"October 23, 2017",California,"El Monte","4100 block of Shirley Ave",1,0,N/A
"October 23, 2017",California,Antioch,"900 block of W 10th St",1,0,N/A
"October 23, 2017",Missouri,"West Plains","3675 Hwy 63",1,0,N/A
"October 23, 2017",Colorado,Denver,"4900 block of E Warren Ave",1,0,N/A
"October 23, 2017",Alabama,Montgomery,"300 block of S Lawrence St",1,0,N/A
"October 23, 2017",Ohio,Strongsville,"Blazing Star Dr",1,0,N/A
"October 23, 2017",Maryland,Baltimore,"4400 block of Furley Ave",1,0,N/A
"October 23, 2017",Tennessee,Memphis,"Hudgins Rd and E Holmes Rd",1,0,N/A
"October 23, 2017",California,Lodi,"Pleasant Ave and Palm Ave",1,0,N/A
"October 23, 2017",California,"Clearlake Oaks","13000 block of Anchor Village",2,2,N/A
"October 23, 2017",Georgia,Albany,N/A,1,0,N/A
"October 23, 2017",Arizona,Phoenix,"2000 block of East Quail Avenue",1,0,N/A
"October 23, 2017",Louisiana,Marrero,"6100 block of 2nd Avenue",2,0,N/A
"October 23, 2017",Florida,"Pinellas Park","6600 block of 62nd Ave N",1,0,N/A
"October 23, 2017",Ohio,Columbus,"1500 block of  Bay Club Circle",1,0,N/A
"October 23, 2017",Mississippi,Baldwyn,"2nd St",1,0,N/A
"October 23, 2017",Alabama,Cullman,"Fox Meadow Trail",1,0,N/A
"October 23, 2017",Florida,"Fort Myers","1601 Red Cedar Dr",2,0,N/A
"October 23, 2017","New York",Greig,"7899 Woodcook Dr",1,0,N/A
"October 23, 2017",Louisiana,Marksville,"Spring Bayou Road",2,0,N/A
"October 23, 2017",Louisiana,Lafayette,"200 block of Marigny Circle",1,0,N/A
"October 23, 2017",Louisiana,Livingston,"LA 444",2,0,N/A
"October 23, 2017",Texas,Houston,"10650 Hempstead Rd",1,0,N/A
"October 23, 2017","New York","Corona (Queens)","101st Ave and 99th St",1,1,N/A
"October 23, 2017",Pennsylvania,Pittsburgh,"700 block of Brushton Ave",1,0,N/A
"October 23, 2017",Louisiana,Donaldsonville,"Third Street",1,0,N/A
"October 23, 2017",Ohio,Columbus,"4600 block of Bay Run Dr",0,0,N/A
"October 23, 2017",Alaska,Fairbanks,"Parks Highway",1,0,N/A
"October 23, 2017",Nevada,"Las Vegas","5800 block of E Carey Ave",1,0,N/A
"October 23, 2017",Texas,"Cedar Hill","300 block of Halifax Ct",1,2,N/A
"October 23, 2017","North Dakota","Fort Yates",N/A,1,0,N/A
"October 23, 2017",Texas,"Humble (Atascocita)","230 Atascocita Rd",1,0,N/A
"October 23, 2017",Georgia,"Stone Mountain","4800 block of Pinnacle Drive",1,0,N/A
"October 22, 2017",Michigan,Detroit,"Manor and Foley",1,0,N/A
"October 22, 2017",Michigan,Detroit,"1500 block of Clairmount",1,0,N/A
"October 22, 2017",Virginia,Alexandria,"4725 Duke St",2,1,N/A
"October 22, 2017",Oregon,Prineville,"900 block of Northwest Second Street",1,0,N/A
"October 22, 2017",Wisconsin,Crandon,N/A,1,0,N/A
"October 22, 2017",Minnesota,"Saint Paul","900 block of University Avenue",1,0,N/A
"October 22, 2017","District of Columbia",Washington,"1900 block of Savannah Terrace SE",1,1,N/A
"October 22, 2017",Michigan,Lansing,"600 block of West Lapeer Street",1,0,N/A
"October 22, 2017",Illinois,Danville,N/A,1,0,N/A
"October 22, 2017",Utah,"Salt Lake City (Kearns)","5662 Cougar Ln",1,1,N/A
"October 22, 2017",Pennsylvania,"Bedford (county)","I 99",1,0,N/A
"October 22, 2017","West Virginia",Huntington,"Cavalier Dr",1,0,N/A
"October 22, 2017",California,Reseda,"19500 block of Enadia Way",1,0,N/A
"October 22, 2017",Illinois,Danville,"700 block of Florida St",1,0,N/A
"October 22, 2017",Nevada,Sparks,"1800 Sullivan Ln",1,0,N/A
"October 22, 2017",Alabama,Lanett,"1606 19th St Sw",2,7,N/A
"October 22, 2017",Georgia,Albany,"1412 Radium Springs Rd",1,0,N/A
"October 22, 2017",California,Bakersfield,"6501 Colony St",0,0,N/A
"October 22, 2017",California,Antioch,"Cashew Ct and Almondridge Dr",1,0,N/A
"October 22, 2017",Missouri,"Saint Joseph","2112 S 10th St",1,0,N/A
"October 22, 2017",California,Modesto,"Imperial Ave and Ustick Rd",1,0,N/A
"October 22, 2017",Texas,Houston,"4500 block of Newberry St",1,2,N/A
"October 22, 2017",Florida,"Winter Park","6860 Aloma Ave",1,0,N/A
"October 22, 2017",Texas,"Port Neches","693 Ridgewood Dr",2,0,N/A
"October 22, 2017",Alabama,Selma,"205 Maxey St",1,1,N/A
"October 22, 2017",Florida,"West Palm Beach","2800 block of W 28th St",1,1,N/A
"October 22, 2017",Arkansas,"Pine Bluff","5800 block of West Short 3rd",1,1,N/A
"October 22, 2017",Louisiana,Hammond,"1200 block of Blackburn Road",1,2,N/A
"October 22, 2017",Illinois,Chicago,"1000 N Lavergne Ave",1,0,N/A
"October 22, 2017",Pennsylvania,Pittsburgh,"7300 block of Race St",1,0,N/A
"October 22, 2017",Pennsylvania,Philadelphia,"3300 block of Mutter St",1,1,N/A
"October 22, 2017",Pennsylvania,Greencastle,"556 Pensinger Rd",1,0,N/A
"October 22, 2017",Michigan,"Grand Rapids","1836 Mason St NE",1,0,N/A
"October 22, 2017",Florida,Miami,"NW 93rd St and 4th Ave",1,0,N/A
"October 22, 2017",Florida,Miami,"7590 NW 186th St",1,0,N/A
"October 22, 2017",Texas,"San Antonio","8500 block of Littleport",1,1,N/A
"October 22, 2017",Texas,Houston,"4514 Yale St",1,0,N/A
"October 22, 2017",Texas,Houston,"Cali Dr and FM 1960",1,0,N/A
"October 22, 2017",Oregon,Salem,"Market St NE and Park Ave NE",1,0,N/A
"October 22, 2017",Texas,Houston,"1200 Wheeler Ave",1,0,N/A
"October 22, 2017",Georgia,Conyers,"Pinedale Circle",1,0,N/A
"October 22, 2017",Texas,Dallas,"4200 block of 2nd Ave",1,0,N/A
"October 21, 2017",Texas,Robstown,"Co Rd 61",1,0,N/A
"October 21, 2017",Michigan,Charlotte,"1300 block of South Clinton Street",2,0,N/A
"October 21, 2017","West Virginia",Parkersburg,"1602 Saint Mary's Ave",1,0,N/A
"October 21, 2017",Ohio,Cleveland,"Superior Ave and E 115th St",1,0,N/A
"October 21, 2017",Michigan,"Highland Park","11731 Hamilton Ave",1,0,N/A
"October 21, 2017",Minnesota,"Saint Paul","Lafond Avenue and Dale Street North",1,0,N/A
"October 21, 2017",Idaho,Boise,"3700 block of N Stone Creek Way",1,0,N/A
"October 21, 2017",California,Pomona,"E 3rd St and Locust St",1,0,N/A
"October 21, 2017",Texas,Conroe,"600 block of N Carolina St",1,0,N/A
"October 21, 2017",Virginia,Richmond,"5514 W Broad St",1,1,N/A
"October 21, 2017","District of Columbia",Washington,"1500 block of Tubman Rd SE",1,2,N/A
"October 21, 2017",Indiana,"South Bend","3233 Lincoln Way W",1,0,N/A
"October 21, 2017","South Carolina",Orangeburg,"Hammock St",1,1,N/A
"October 21, 2017",California,"Los Angeles","3545 Pasadena Ave",1,0,N/A
"October 21, 2017",Tennessee,Cordova,"7935 Club Dr",1,0,N/A
"October 21, 2017",California,"Los Angeles","3000 block Montclair St",1,0,N/A
"October 21, 2017",California,Fremont,"5375 Farwell Pl",1,0,N/A
"October 21, 2017","New York",Bronx,"Davidson Ave and W 176th St",1,0,N/A
"October 21, 2017",California,"West Covina","18800 block of Elizondo St",2,0,N/A
"October 21, 2017",Texas,Houston,"8830 Long Point Dr",1,0,N/A
"October 21, 2017",Ohio,Girard,"408 Indiana Ave",2,0,N/A
"October 21, 2017",California,Oroville,"2900 block of Greenville St",1,0,N/A
"October 21, 2017",Georgia,Savannah,"13100 Abercorn St Ext",1,1,N/A
"October 21, 2017",Pennsylvania,Bangor,"10124A Upper Little Creek Rd",1,0,N/A
"October 21, 2017",Georgia,Atlanta,"420 Ira St",1,0,N/A
"October 21, 2017","North Carolina",Nashville,"3500 Block of NC 58",1,0,N/A
"October 21, 2017",Missouri,"Saint Louis","900 block of Hodiamont Ave",1,0,N/A
"October 21, 2017",Missouri,"Saint Louis","4300 block of Gibson Ave",1,0,N/A
"October 21, 2017",Missouri,"Saint Louis","4900 block of Arlington Ave",1,0,N/A
"October 21, 2017",Florida,Milton,"5000 Block of Bent Tree Rd",1,0,N/A
"October 21, 2017",Florida,Pensacola,"Pine Forest Rd",1,0,N/A
"October 21, 2017",California,Oakland,"8000 block of San Leandro St",1,0,N/A
"October 21, 2017",California,Stockton,"Wilson Way and Anderson St",1,2,N/A
"October 21, 2017",Texas,Dallas,"3700 block of Bonnie View Rd",1,0,N/A
"October 21, 2017",Illinois,Chicago,"7900 S Manistee Ave",1,0,N/A
"October 21, 2017",Arizona,Phoenix,"17th and Peoria avenue",1,0,N/A
"October 21, 2017",Florida,"Miami Gardens","21000 Block of NW 39th Ave",1,0,N/A
"October 21, 2017",Ohio,Cleveland,"700 block of E 117th St",1,0,N/A
"October 21, 2017",Louisiana,"Saint Martinville","Freedom Lane",1,0,N/A
"October 21, 2017",Louisiana,Zachary,"Willow Creek Dr",1,0,N/A
"October 21, 2017",Arizona,"Tempe (Guadalupe)","E Calle Biehn and S Cll Batoua",1,0,N/A
"October 21, 2017","North Carolina",Elkin,"200 Block of Lyles St",2,0,N/A
"October 21, 2017",Kentucky,Louisville,"10917 Dixie Highway",1,0,N/A
"October 21, 2017",Louisiana,"New Orleans","2900 Block of Oliver White",1,1,N/A
"October 21, 2017",Mississippi,Grenada,"600 Block of Plum St",1,0,N/A
"October 21, 2017",Florida,"Fort Lauderdale","106 NW 11th Ave",1,0,N/A
"October 21, 2017",Arizona,Phoenix,"13th Ave and Grant St",1,0,N/A
"October 21, 2017",Illinois,"Grayslake (Gages Lake)","33300 N Lone Rock Rd",1,0,N/A
"October 21, 2017","South Carolina","Lake City","N Green Rd",1,1,N/A
"October 21, 2017",Maryland,Hyattsville,"2000 block of Sheridan Street",1,0,N/A
"October 21, 2017",Oklahoma,Tulsa,"2600 block of 28th St",1,0,N/A
"October 21, 2017",Utah,Ogden,"800 block of 27th St",1,0,N/A
"October 21, 2017",Texas,Houston,"9900 Sugar Branch Dr",1,1,N/A
"October 21, 2017",Texas,Longview,"1507 Oden St",1,0,N/A
"October 21, 2017",Texas,Pampa,"1100 block of S Dwight St",1,0,N/A
"October 21, 2017",Arizona,Phoenix,"536 E Dunlap Ave",1,0,N/A
"October 21, 2017",Nebraska,Omaha,"4117 N 26th St",1,0,N/A
"October 20, 2017",Mississippi,Plantersville,"MS 6",1,0,N/A
"October 20, 2017",Utah,Kanab,N/A,1,0,N/A
"October 20, 2017",Pennsylvania,Sunbury,"N 3rd St",1,1,N/A
"October 20, 2017","New Hampshire",Nashua,"5 Beard St",1,0,N/A
"October 20, 2017",Georgia,Watkinsville,"Greensboro Hwy",2,0,N/A
"October 20, 2017",Ohio,Akron,"1505 S Main St",1,1,N/A
"October 20, 2017",California,Represa,"100 Prison Rd",1,1,N/A
"October 20, 2017",Oregon,Sherwood,"19200 block of SW Cipole Rd",1,0,N/A
"October 20, 2017",Wisconsin,Milwaukee,"3800 block of N. 22nd St.",1,0,N/A
"October 20, 2017",Tennessee,"Union City","515 Nash St",1,0,N/A
"October 20, 2017",Virginia,Scottsville,"300 block of Glendower Rd",1,0,N/A
"October 20, 2017",Texas,Houston,"9603 Homestead Rd",1,0,N/A
"October 20, 2017",Arizona,Phoenix,"650 E Indian School Rd",1,0,N/A
"October 20, 2017",Texas,Garland,"1515 Dairy Rd",1,0,N/A
"October 20, 2017",Maryland,Baltimore,"2400 block of Woodbrook Ave",1,0,N/A
"October 20, 2017",Kentucky,Georgetown,"200 Block of North Court Street",1,0,N/A
"October 20, 2017",California,Oceanside,"Marron Rd",1,0,N/A
"October 20, 2017",Florida,Orlando,"3103 Lauressa Ln",1,0,N/A
"October 20, 2017",Texas,Houston,"Elm Tree Dr and Selinsky Rd",1,0,N/A
"October 20, 2017",Alabama,Opelika,"County Road 25 and County Road 173",1,0,N/A
"October 20, 2017","New York",Rochester,"Walnut St",1,0,N/A
"October 20, 2017",California,Cloverdale,"100 block of Garden Circle Way",1,0,N/A
"October 20, 2017",California,Newman,"I-5 and Orestimba Rd",2,0,N/A
"October 20, 2017",Virginia,Norfolk,"1500 block of Halsted Ave",1,1,N/A
"October 20, 2017",Indiana,Indianapolis,"100 S Catherwood Ave",1,0,N/A
"October 20, 2017",Florida,"West Palm Beach","Palm Beach Lakes Blvd and Sapodilla Ave",1,0,N/A
"October 20, 2017",Ohio,Dayton,"3680 Pinnacle Park Dr",1,0,N/A
"October 20, 2017",Michigan,"Trenton (Woodhaven)","20900 West Rd",1,0,N/A
"October 20, 2017",Georgia,Milledgeville,"GA 212",1,0,N/A
"October 20, 2017","District of Columbia",Washington,"1600 block of U St",1,1,N/A
"October 20, 2017","South Carolina",Kingstree,"I M Graham Rd",1,0,N/A
"October 20, 2017",Florida,"Fort Lauderdale (Lauderhill)","3609 Broward Blvd",1,1,N/A
"October 20, 2017",Indiana,Indianapolis,"4202 S East St",1,0,N/A