"Incident Date",State,"City Or County",Address,"# Killed","# Injured",Operations
"November 30, 2017",Michigan,Flint,"1900 block of Joliet",1,0,N/A
"November 30, 2017",Michigan,Detroit,"11000 block of Gunston",1,4,N/A
"November 30, 2017",Oklahoma,Atoka,"Bentley Rd",1,0,N/A
"November 30, 2017",Maryland,Baltimore,"1800 block of Aiken St",1,0,N/A
"November 30, 2017",Arkansas,"Pine Bluff","Vaugine Street and Hickory Street",1,0,N/A
"November 30, 2017",Missouri,Cameron,"E 3rd St",1,0,N/A
"November 30, 2017","North Carolina",Concord,"404 Winecoff School Rd",1,0,N/A
"November 30, 2017",Virginia,"Newport News","28th St and Roanoke Ave",1,1,N/A
"November 30, 2017",Virginia,"Virginia Beach","1993 Sundevil Dr",1,0,N/A
"November 30, 2017",California,"Los Angeles","400 S Witmer St",1,0,N/A
"November 30, 2017",California,"Los Angeles","W 43rd St and S Vermont Ave",1,0,N/A
"November 30, 2017",Maryland,Baltimore,"1800 block of E Pratt St",1,0,N/A
"November 30, 2017",Tennessee,Paris,"1100 block of Dunlap St",1,0,N/A
"November 30, 2017",Indiana,"Terre Haute","4301 S 6th St",1,0,N/A
"November 30, 2017",California,"Los Angeles","12000 block of Vose Street",1,0,N/A
"November 30, 2017",California,"Thousand Oaks","500 block of Avenida Del Platino",1,0,N/A
"November 30, 2017",Ohio,Dublin,"Post Rd and Hwy 33",1,0,N/A
"November 30, 2017",California,Oakland,"7700 block of MacArthur Blvd",1,0,N/A
"November 30, 2017","New York","Mount Vernon","10 Claremont Ave",1,0,N/A
"November 30, 2017","North Carolina",Greensboro,"1240 Woodbriar Ave",2,0,N/A
"November 30, 2017",Wisconsin,Milwaukee,"3800 block of N 9th St",1,0,N/A
"November 30, 2017",Florida,Orlando,"4000 Block of Seybold Ave",1,0,N/A
"November 30, 2017",Missouri,"Saint Louis","4600 block of S Spring Ave",1,1,N/A
"November 30, 2017","South Carolina",Estill,"300 Block of Grayson St",1,0,N/A
"November 30, 2017",Alabama,Birmingham,"1200 block of 12th Street North",2,0,N/A
"November 30, 2017","North Carolina",Hendersonville,"250 Highlands Square Dr",1,0,N/A
"November 30, 2017",Arizona,Phoenix,"Thomas Rd and 67th Ave",1,0,N/A
"November 30, 2017",Texas,Dallas,"1400 block of Gardenside Dr",1,0,N/A
"November 29, 2017",Arizona,Sells,"AZ 86 and co 19",1,0,N/A
"November 29, 2017","New Mexico",Albuquerque,"8098 Marquette Ave NE",1,0,N/A
"November 29, 2017",Tennessee,Memphis,"1082 N Claybrook St",1,1,N/A
"November 29, 2017",Indiana,Kokomo,"5200 Ojibway Dr",1,0,N/A
"November 29, 2017","North Carolina",Cornelius,"Schooner Dr and Torrence Chapel Rd",1,0,N/A
"November 29, 2017",Texas,Lubbock,"2500 block of Amherst St",1,0,N/A
"November 29, 2017",Alabama,"Phenix City","4th Street and 10th Avenue",1,1,N/A
"November 29, 2017",Tennessee,Memphis,"Teal Ave",1,0,N/A
"November 29, 2017",Ohio,Euclid,"1080 E 260th St",1,2,N/A
"November 29, 2017",Virginia,Bristol,"4200 block of Reedy Creek Rd",1,0,N/A
"November 29, 2017",Ohio,Canton,"200 block of Warner Rd SE",1,0,N/A
"November 29, 2017","North Carolina",Raleigh,"2200 block of Raven Road",1,0,N/A
"November 29, 2017",Oklahoma,Duncan,"1407 Mimosa Ave",2,0,N/A
"November 29, 2017",Virginia,Norfolk,"3100 block of Kitchener Ave",1,0,N/A
"November 29, 2017",Missouri,"Saint Louis","4000 block of Cote Brilliante Ave",1,0,N/A
"November 29, 2017",Nevada,"Las Vegas","202 Fremont St",1,0,N/A
"November 29, 2017",Nevada,Reno,"1855 Selmi Dr",1,1,N/A
"November 29, 2017",Maryland,Baltimore,"3000 block of Rayner Ave",1,0,N/A
"November 29, 2017",Alabama,Birmingham,"2600 block of 7th Ave S",1,0,N/A
"November 29, 2017",Missouri,"Kansas City","71st and Strupwood",1,0,N/A
"November 29, 2017",Mississippi,Hattiesburg,"900 Broadway Drive",1,0,N/A
"November 29, 2017",Oklahoma,"Oklahoma City","4900 Royal Creek Road",1,0,N/A
"November 29, 2017",Ohio,"Dayton (Centerville)","5300 Cornerstone North Boulevard",1,0,N/A
"November 29, 2017",Arkansas,Jonesboro,"2800 block of Summit Cove",1,0,N/A
"November 29, 2017",Florida,"Boynton Beach","409 NW 12th Ave",1,0,N/A
"November 29, 2017",Ohio,Cleveland,"2549 St Clair Ave NE",1,0,N/A
"November 29, 2017",California,Gilroy,"7500 block of Alexander St",1,0,N/A
"November 29, 2017","North Carolina",Durham,"101 E Cornwallis Rd",1,0,N/A
"November 29, 2017",Wisconsin,Milwaukee,"4600 block of N 42nd St",1,0,N/A
"November 29, 2017",Nebraska,Ashland,N/A,1,0,N/A
"November 29, 2017","South Carolina",Darlington,"Flat Creek Rd",1,0,N/A
"November 29, 2017",Massachusetts,"New Bedford","871 Rockdale Ave",1,0,N/A
"November 29, 2017",Texas,Dallas,"7100 block of Fairport Rd",1,0,N/A
"November 29, 2017","West Virginia",Huntington,"2600 block of Guyan Ave",1,0,N/A
"November 29, 2017",Florida,Deland,"914 S Florida Ave",1,0,N/A
"November 28, 2017","North Carolina","Saint Pauls","W Broad St",1,0,N/A
"November 28, 2017",Maryland,Baltimore,"3800 block of Oakford Ave",1,0,N/A
"November 28, 2017",Ohio,Cleveland,"2900 block of E 130th St",1,0,N/A
"November 28, 2017",Kansas,"Kansas City","N 7th St and Armstrong Ave",1,0,N/A
"November 28, 2017","North Carolina",Albemarle,"Snotherly St",1,0,N/A
"November 28, 2017",Pennsylvania,Philadelphia,"3500 block of Lancaster Avenue",1,0,N/A
"November 28, 2017",Kentucky,Louisville,"700 block of Camp St",1,0,N/A
"November 28, 2017","New York",Buffalo,"Center Ln",1,0,N/A
"November 28, 2017",Michigan,Flint,"2726 W Court St",1,0,N/A
"November 28, 2017",Missouri,"Saint Louis (Richmond Heights)","7200 block of W Park Ave",1,0,N/A
"November 28, 2017",Maryland,Baltimore,"1800 block of Wilhelm St",1,0,N/A
"November 28, 2017",Utah,"Salt Lake City","819 W N Temple",1,0,N/A
"November 28, 2017",California,Stockton,"900 block of North Commerce St",1,0,N/A
"November 28, 2017",Michigan,"Eaton Rapids","Boody Hwy and Wilcox Rd",1,0,N/A
"November 28, 2017",Tennessee,Memphis,"Looney Ave and Montgomery St",1,1,N/A
"November 28, 2017",Nevada,Reno,"255 N Sierra St",1,0,N/A
"November 28, 2017",Washington,"Seattle (Des Moines)","23641 20th Ave S",1,0,N/A
"November 28, 2017",Illinois,Chicago,"2700 E 76th St",1,0,N/A
"November 28, 2017",Kentucky,Louisville,"38th St and Jefferson St",1,0,N/A
"November 28, 2017","New Jersey",Camden,"1100 block of Atlantic Ave",1,1,N/A
"November 28, 2017",Georgia,Buford,"Express Ln NE",1,1,N/A
"November 28, 2017",Alabama,Selma,"431 County Road 540",2,0,N/A
"November 28, 2017",Washington,Seattle,"3000 block of 14th Ave W",1,1,N/A
"November 28, 2017",Ohio,Dayton,"50 block of N Trenton Ave",1,0,N/A
"November 28, 2017",Washington,Seattle,"2934 E Rowan Ave",1,0,N/A
"November 28, 2017",California,"Moreno Valley","12700 block of Foxdale Dr",1,0,N/A
"November 28, 2017","New Mexico",Albuquerque,"3900 block of Fifth St NW",1,0,N/A
"November 28, 2017","South Carolina",Liberty,"Lynchburg Cir",1,1,N/A
"November 28, 2017",Ohio,Youngstown,"1704 Logan Ave",1,0,N/A
"November 28, 2017",Georgia,Columbus,"4200 block of Curry St",1,0,N/A
"November 28, 2017",Georgia,Augusta,"2400 Block of Mount Auburn St",1,0,N/A
"November 28, 2017",Ohio,Youngstown,"2929 South Ave",1,0,N/A
"November 27, 2017",Kansas,Topeka,"1190 SW High Ave",2,0,N/A
"November 27, 2017",Ohio,Ashtabula,"Horton Rd",1,0,N/A
"November 27, 2017",Michigan,"Sterling Heights","35556 Mound Road",1,0,N/A
"November 27, 2017",Georgia,Lithonia,"Great Meadows Rd",1,0,N/A
"November 27, 2017",Alaska,Anchorage,"S Heather Meadows Loop",1,0,N/A
"November 27, 2017",Georgia,Hampton,N/A,1,0,N/A
"November 27, 2017",Arizona,Phoenix,"1551 E Indian School Rd",2,0,N/A
"November 27, 2017",Texas,"San Antonio","13827 Possum Treen Rd",2,0,N/A
"November 27, 2017",Texas,"San Antonio","100 block of Sample St",1,0,N/A
"November 27, 2017",Michigan,Detroit,"2600 block of Wreford",2,1,N/A
"November 27, 2017",Arizona,Tolleson,"S 99th Ave and W Broadway Rd",1,1,N/A
"November 27, 2017",Georgia,"Port Wentworth","110 Travelers Way",1,0,N/A
"November 27, 2017",Utah,Ogden,"900 E 16th St",1,0,N/A
"November 27, 2017",California,"South Gate","2700 block of Illinois Ave",1,1,N/A
"November 27, 2017",Virginia,Roanoke,"2400 block of Delaware Ave NW",1,0,N/A
"November 27, 2017",Massachusetts,Boston,"264 O'Callaghan Way",1,1,N/A
"November 27, 2017",Virginia,Hampton,"806 LaSalle Ave",1,0,N/A
"November 27, 2017",Tennessee,Madison,"1111 Gallatin Pike S",1,0,N/A
"November 27, 2017",Virginia,Richmond,"4211 Beulah Rd",1,1,N/A
"November 27, 2017",Tennessee,Memphis,"475 N Dunlap St",1,0,N/A
"November 27, 2017",Georgia,Atlanta,"2300 block of Abner Pl",1,0,N/A
"November 27, 2017",Texas,Chandler,"21000 block of Easy St",1,0,N/A
"November 27, 2017",Georgia,Decatur,"2724 Wesley Chapel Rd",1,1,N/A
"November 27, 2017",Mississippi,"Rolling Fork","MS 16 and US 61",2,1,N/A
"November 27, 2017","South Carolina","Great Falls","Circle Dr",1,0,N/A
"November 27, 2017",California,Bakersfield,"Terrace Way",0,1,N/A
"November 27, 2017",Colorado,"Colorado Springs","1100 block of East Fountain Boulevard",1,0,N/A
"November 27, 2017",Oklahoma,"Oklahoma City","5301 N Lincoln Blvd",1,0,N/A
"November 27, 2017",Louisiana,Springhill,"800 block of 4th Street SW",1,0,N/A
"November 27, 2017",Alabama,Enterprise,"CO 647",1,0,N/A
"November 27, 2017",Maryland,Baltimore,"2600 block of Saint Benedict St",1,0,N/A
"November 27, 2017",Louisiana,Shreveport,"Clover Street",1,0,N/A
"November 27, 2017",Mississippi,Jackson,"Ludlow Avenue",1,0,N/A
"November 27, 2017","South Carolina",Spartanburg,"200 Block of Fisher Ave",1,0,N/A
"November 27, 2017",Kansas,Topeka,"1222 SE Long St",1,0,N/A
"November 27, 2017",Virginia,"Newport News","1st block of Museum Dr",1,0,N/A
"November 27, 2017",Alabama,Birmingham,"2900 block of Clairmont Avenue",1,0,N/A
"November 27, 2017",Pennsylvania,Uniontown,"61 Pershing Ct",1,0,N/A
"November 27, 2017",Louisiana,Thibodaux,"602 N Acadia Rd",1,0,N/A
"November 27, 2017",Arkansas,"Little Rock","12109 block of Stagecoach Road",2,0,N/A
"November 27, 2017","South Carolina",Summerville,"Arabian Dr",2,0,N/A
"November 27, 2017",Washington,Yakima,"1003 W Nob Hill",1,0,N/A
"November 27, 2017",Illinois,Chicago,"1100 E 73rd St",1,0,N/A
"November 27, 2017",California,Salinas,"Bellehaven St and 1st Ave",1,0,N/A
"November 27, 2017",Ohio,Conneaut,"Horton Rd",1,0,N/A
"November 27, 2017",Pennsylvania,"Turtle Creek","400 block of George St",1,1,N/A
"November 26, 2017","South Carolina","Calhoun Falls","Kennedy St",1,0,N/A
"November 26, 2017",Michigan,Flint,"VanWagoner Avenue and Esther Street",1,0,N/A
"November 26, 2017",Massachusetts,Lawrence,"45 Hillside Ave",1,0,N/A
"November 26, 2017",California,Hanford,"9th and Jackson",2,1,N/A
"November 26, 2017",Pennsylvania,Washington,"Maple Ave and Michigan Ave",1,1,N/A
"November 26, 2017",California,Covina,"735 N Glendora Ave",1,0,N/A
"November 26, 2017",California,Reseda,"6747 Reseda Blvd",1,0,N/A
"November 26, 2017",Missouri,"Saint Louis","6300 block of Sherry Ave",1,0,N/A
"November 26, 2017",California,"San Jose","2100 block of Ringwood Ave",1,0,N/A
"November 26, 2017",Tennessee,Nashville,"Malta Dr",1,0,N/A
"November 26, 2017","New Mexico",Albuquerque,"Central and Wyoming NE",1,1,N/A
"November 26, 2017",Ohio,Cleveland,"18000 block of Parkmount Ave",1,0,N/A
"November 26, 2017","North Carolina",Bolton,"Lizzies Dr",1,0,N/A
"November 26, 2017",Illinois,Chicago,"2600 W 63rd St",1,1,N/A
"November 26, 2017",Oklahoma,"Oklahoma City (Midwest City)","Spencer Rd and NE 16th St",1,0,N/A
"November 26, 2017",Indiana,Indianapolis,"N Emerson Ave and E Pleasant Run Pkwy",1,0,N/A
"November 26, 2017",Georgia,"Powder Springs","Hunter Rd",1,0,N/A
"November 26, 2017",Arkansas,Stuttgart,"400 North Lowe Street",1,0,N/A
"November 26, 2017",Arkansas,Marmaduke,"Greene 419 Road",1,0,N/A
"November 26, 2017",Alabama,Huntsville,"Savoy Circle",1,1,N/A
"November 26, 2017",Alabama,"Grand Bay","Washington Road",1,0,N/A
"November 26, 2017",Louisiana,Zachary,"Plank Road",1,0,N/A
"November 26, 2017",Alabama,Millbrook,"5850 Main Street",1,0,N/A
"November 26, 2017","South Carolina",Westminster,"Creekwood Lane",1,0,N/A
"November 26, 2017",Kansas,Wichita,"7800 block of E Pagent St",1,0,N/A
"November 26, 2017",Alabama,Huntsville,"University Drive",1,1,N/A
"November 26, 2017",Louisiana,"New Orleans","1900 block of North Rocheblave Street",1,0,N/A
"November 26, 2017",Ohio,"Saint Louisville","9100 block of Graceland Lane Rd",1,0,N/A
"November 26, 2017",Alabama,"Mobile (Prichard)","Barretts Lane",1,1,N/A
"November 26, 2017","New York",Rochester,"11 Terry St",1,1,N/A
"November 26, 2017",Mississippi,Jackson,"Rutledge Avenue",1,0,N/A
"November 26, 2017",Louisiana,Slaughter,"Plank Road",3,0,N/A
"November 26, 2017",Washington,Kent,"13100 block of SE 261st Pl",1,0,N/A
"November 26, 2017",Wyoming,Cheyenne,"Burlington Trail Rd",1,0,N/A
"November 26, 2017",Illinois,Chicago,"200 block of N Lockwood",1,0,N/A
"November 26, 2017",Kansas,Lenexa,"9350 Marshall Dr",1,0,N/A
"November 26, 2017",Texas,"Humble (Atascocita)","17000 block of Crestline",1,0,N/A
"November 26, 2017",Arizona,Phoenix,"67th Ave and Encanto Blvd",1,0,N/A
"November 26, 2017",Nevada,"West Wendover","800 Ash St",1,0,N/A
"November 26, 2017",Tennessee,"Oliver Springs","Half Moon Rd",1,0,N/A
"November 26, 2017",Michigan,Detroit,"Rossiter and Britain",1,0,N/A
"November 26, 2017",Georgia,"Powder Springs","Manatee Ct",2,0,N/A
"November 25, 2017",Ohio,Cleveland,"13200 block of Crennell Ave",1,0,N/A
"November 25, 2017",Arizona,Tucson,"7105 E Speedway Blvd",1,0,N/A
"November 25, 2017",Arizona,Tucson,"2700 block of South Coconino Vista",2,1,N/A
"November 25, 2017",Ohio,Youngstown,"Belmont Ave and Catalina Ave",1,0,N/A
"November 25, 2017",Kentucky,Louisville,"1205 Heafer Road",1,0,N/A
"November 25, 2017",Texas,Houston,"Jefferson St and Hamilton St",1,2,N/A
"November 25, 2017",Michigan,"Lake Orion (Orion Township)","3000 block of High Grove Way",1,0,N/A
"November 25, 2017",Michigan,Detroit,"1400 block of Beatrice",1,0,N/A
"November 25, 2017",Texas,Converse,"8810 Dakota Creek",1,0,N/A
"November 25, 2017",Virginia,Spotsylvania,"7908 Waterford Dr",3,0,N/A
"November 25, 2017",Pennsylvania,"Pittsburgh (Wilkinsburg)","1300 block of Wood St",1,0,N/A
"November 25, 2017",Illinois,Champaign,"2502 W Springfield Ave",1,0,N/A
"November 25, 2017",Pennsylvania,Pittsburgh,"1300 block of Paulson St",1,0,N/A
"November 25, 2017",Ohio,Findlay,"231 E Foulke Ave",1,0,N/A
"November 25, 2017",Tennessee,"Memphis (Hickory Hill)","5900 block of Hickory Trace Cove",1,0,N/A
"November 25, 2017",Maryland,Baltimore,"200 block of S Catherine St",1,0,N/A
"November 25, 2017",Montana,"Trout Creek",N/A,2,1,N/A
"November 25, 2017",Michigan,Detroit,"18900 block of Coyle",1,1,N/A
"November 25, 2017",Indiana,"South Bend","1024 W Indiana Ave",1,1,N/A
"November 25, 2017",Illinois,"East Saint Louis (Cahokia)","20 block of W Adams Dr",1,0,N/A
"November 25, 2017",Missouri,"Saint Charles","400 block of San Juan Dr",1,0,N/A
"November 25, 2017",Missouri,"Saint Louis","8200 block of Pelham Ave",1,0,N/A
"November 25, 2017",Ohio,Cleveland,"E 140th St and Aspinwall Ave",1,0,N/A
"November 25, 2017",Ohio,"Cincinnati (Kennedy Heights)","3600 block of Northdale Pl",1,0,N/A
"November 25, 2017","South Carolina",Greenville,"1451 Woodruff Rd",1,0,N/A
"November 25, 2017",Colorado,Denver,"2850 W Alameda Ave",1,0,N/A
"November 25, 2017",Pennsylvania,Harrisburg,"1800 block of State St",1,0,N/A
"November 25, 2017",Missouri,Independence,"16995 E Dover Ln",2,0,N/A
"November 25, 2017",Kansas,Wichita,"7500 block of E Huntington St",2,0,N/A
"November 25, 2017",Pennsylvania,Bensalem,"I-95 and Woodhaven Rd",2,0,N/A
"November 25, 2017","North Carolina","Fort Bragg",N/A,1,0,N/A
"November 25, 2017",Alabama,"Birmingham (Grayson Valley)","2700 block of Darlene Circle",1,0,N/A
"November 25, 2017",Michigan,"Battle Creek","300 block of Oneita St",1,0,N/A
"November 25, 2017","District of Columbia",Washington,"300 block of P St SW",1,1,N/A
"November 25, 2017",Georgia,Jefferson,"Swann Road",1,0,N/A
"November 25, 2017","South Carolina",Dillon,"601 S 3rd Ave",1,0,N/A
"November 25, 2017",Texas,Killeen,"1000 W. Stan Schlueter Loop",2,0,N/A
"November 25, 2017","New Mexico",Vadito,"Santa Barbara Rd",1,0,N/A
"November 25, 2017","Rhode Island",Pawtucket,"34 Beechwood Ave",1,1,N/A
"November 25, 2017",Arizona,Tucson,"S Forgeus Ave and E Norton Vista",2,1,N/A
"November 24, 2017",Wisconsin,"Twin Lakes","402 S Lake Ave",2,0,N/A
"November 24, 2017",Missouri,"Saint Louis","3600 block of Iowa Ave",1,2,N/A
"November 24, 2017",Virginia,Elliston,"43 Boggs Mountain Loop",1,0,N/A
"November 24, 2017",Michigan,Ypsilanti,"300 block of West Ainsworth Street",1,0,N/A
"November 24, 2017",Virginia,"Newport News","Prince William Rd and Richneck Rd",1,0,N/A
"November 24, 2017",Missouri,Columbia,"2300 Bernadette Dr",1,0,N/A
"November 24, 2017",Texas,Wimberley,"11552 block of Ranch Road 12",1,1,N/A
"November 24, 2017",California,"Los Angeles","1334 W 104th St",1,0,N/A
"November 24, 2017",California,Pacoima,"11700 block of Bromont Ave",1,0,N/A
"November 24, 2017",California,Bakersfield,"8200 block of N Laurelglen Blvd",1,0,N/A
"November 24, 2017",Texas,Houston,"7100 block of S Gessner Rd",1,0,N/A
"November 24, 2017",Maryland,Baltimore,"3900 block of Ridgewood Ave",1,0,N/A
"November 24, 2017",Maryland,Baltimore,"3400 block of Noble St",1,0,N/A
"November 24, 2017",Tennessee,Eidson,"E Pumpkin Valley Rd",1,0,N/A
"November 24, 2017",Virginia,Chesapeake,"2500 block of Cecelia Ct",1,0,N/A
"November 24, 2017",Ohio,Cleveland,"11618 Buckeye Rd",1,5,N/A
"November 24, 2017",Illinois,"East Saint Louis","S 55th St and Church Rd",1,0,N/A
"November 24, 2017",Arkansas,Jonesboro,"100 N Drake St",1,0,N/A
"November 24, 2017",Oregon,"Klamath Falls","2100 block of Darrow Ave",1,0,N/A
"November 24, 2017",Illinois,"Park Forest","Lester Rd and Sauk Trail",1,0,N/A
"November 24, 2017","South Carolina","Mc Cormick","4543 US 378",2,0,N/A
"November 24, 2017",Pennsylvania,"Osceola Mills","608 Curtin St",3,1,N/A
"November 24, 2017",Pennsylvania,Uniontown,"84 W Main St",1,0,N/A
"November 24, 2017",California,"Los Angeles","600 block of S San Pedro St",1,0,N/A
"November 24, 2017",Alabama,Bessemer,"1100 block of Hudson Avenue",1,0,N/A
"November 24, 2017",Louisiana,Thibodaux,"1700 block of Midland Drive",1,0,N/A
"November 24, 2017",Illinois,Chicago,"10000 S Avenue M",1,0,N/A
"November 24, 2017",Texas,Bulverde,N/A,1,0,N/A
"November 24, 2017",Illinois,"East Saint Louis","700 Alhambra Ct",1,0,N/A
"November 24, 2017",Tennessee,Memphis,"6900 block of Stone Ridge Dr",1,0,N/A
"November 24, 2017","North Carolina",Hickory,"1900 Block of Snow Creek Rd",1,0,N/A
"November 24, 2017","North Carolina",Apex,"2000 Block of Walden Glade Run",1,0,N/A
"November 24, 2017",Washington,Yakima,"300 block of S 7th St",1,0,N/A
"November 24, 2017",Wisconsin,Milwaukee,"3800 block of W Vliet St",1,1,N/A
"November 24, 2017","South Carolina",Sumter,"378 Manning Ave",1,0,N/A
"November 24, 2017",Illinois,Chicago,"7500 S St Lawrence Ave",1,0,N/A
"November 24, 2017",Illinois,Chicago,"1500 block of S Ridgeway",1,0,N/A
"November 24, 2017",Pennsylvania,Harrisburg,"N 21st St and Boas St",1,0,N/A
"November 24, 2017",Florida,Jacksonville,"1400 Block of Ida St",0,0,N/A
"November 24, 2017",Florida,Rockledge,"396 Barton Blvd",1,2,N/A
"November 24, 2017",Louisiana,"Baton Rouge","1400 block of North 30th Street",1,0,N/A
"November 24, 2017",Washington,"Federal Way","1st Ave S and S 328th St",1,0,N/A
"November 24, 2017",Illinois,Chicago,"6400 block of S Calumet Ave",1,0,N/A
"November 24, 2017",Arizona,Yuma,"14th St and Ave C",1,0,N/A
"November 24, 2017","New Hampshire",Dover,"33 Chestnut St",1,0,N/A
"November 24, 2017",Texas,Houston,"6767 Telephone Rd",1,0,N/A
"November 24, 2017","New York",Brooklyn,"785 Broadway",1,0,N/A
"November 24, 2017",Illinois,Delavan,"22000 Armington Rd",1,0,N/A
"November 23, 2017",Wisconsin,Milwaukee,"36th and Hadley",1,0,N/A
"November 23, 2017",Georgia,Suwanee,"1200 block of Wondering Way",1,0,N/A
"November 23, 2017",California,"Pacoima (Arleta)","14200 block of Gager St",1,0,N/A
"November 23, 2017",Mississippi,Sardis,N/A,1,0,N/A
"November 23, 2017","District of Columbia",Washington,"2549 Elvans Rd SE",1,1,N/A
"November 23, 2017",Virginia,Roanoke,"1600 block of Eastern Ave",1,1,N/A
"November 23, 2017",Oregon,Prineville,"767 SE Myrtlewood Ln",1,0,N/A
"November 23, 2017",Iowa,"Appanoose (county)",N/A,1,0,N/A
"November 23, 2017",Missouri,Falcon,"32000 block of Delta Rd",1,0,N/A
"November 23, 2017",California,Rosemead,"8900 block of Emersen Pl",1,0,N/A
"November 23, 2017",Missouri,"Saint Louis","2600 block of Burd Ave",1,0,N/A
"November 23, 2017",Alabama,"Pell City","1859 Martin St S",1,0,N/A
"November 23, 2017",Missouri,"Saint Louis","200 block of Quincy St",1,0,N/A
"November 23, 2017",Texas,Fairfield,"I 45 and US 84",1,0,N/A
"November 23, 2017",Texas,Austin,"9616 N Lamar Blvd",1,1,N/A
"November 23, 2017",California,Orland,"906 Date St",1,1,N/A
"November 23, 2017",Ohio,Columbus,"2000 block of Hiddenspring Dr",1,0,N/A
"November 23, 2017",Georgia,Atlanta,"2691 Bouldercrest Rd",1,0,N/A
"November 23, 2017",Mississippi,Columbus,"402 2nd Ave N",1,0,N/A
"November 23, 2017","New Jersey",Newark,"300 block of S 20th St",1,0,N/A
"November 23, 2017",Virginia,Chester,"14955 Dogwood Ridge Ct",3,0,N/A
"November 23, 2017",Indiana,"Fort Wayne","6309 Lima Rd",1,0,N/A
"November 23, 2017",Tennessee,Memphis,"4100 block of Cochese Avenue",1,0,N/A
"November 23, 2017","New Jersey",Newark,"400 block of S Orange Ave",1,1,N/A
"November 23, 2017",Maryland,"Oxon Hill (Forest Heights)","100 block of Cree Dr",1,0,N/A
"November 23, 2017",California,"Los Angeles","14200 block of Gager Street",1,0,N/A
"November 23, 2017",Ohio,"Cincinnati (Roselawn)","7532 Redding Road",1,0,N/A
"November 23, 2017",Florida,"Spring Hill","1360 Anderson Snow Rd",1,0,N/A
"November 23, 2017",Illinois,Chicago,"400 E 77th St",1,0,N/A
"November 23, 2017",Texas,"San Antonio","1200 block of Harwood Dr",1,0,N/A
"November 23, 2017",Florida,Orlando,"1448 Adriel Ln",2,0,N/A
"November 23, 2017",Louisiana,Shreveport,"Live Oak Drive and Shady Lane",1,0,N/A
"November 23, 2017",Louisiana,"New Orleans","Gallier St and N Claiborne St",1,0,N/A
"November 23, 2017",Missouri,"Saint Louis","College Ave and Conde St",1,1,N/A
"November 23, 2017","New Mexico",Deming,"600 block of Florida St",2,0,N/A
"November 23, 2017",Arizona,Tucson,"800 block of N Alvernon Way",1,0,N/A
"November 23, 2017",Alaska,"Hooper Bay",N/A,1,0,N/A
"November 23, 2017",Florida,Jacksonville,"5800 Philips Hwy",1,0,N/A
"November 23, 2017",Missouri,"Saint Louis","5500 block of Hebert St",1,0,N/A
"November 22, 2017",Wisconsin,Milwaukee,"4200 block of N 13th St",1,0,N/A
"November 22, 2017",Alabama,Bessemer,"10th Avenue and 18th Street",1,0,N/A
"November 22, 2017",California,Oakland,"E 12th Street and 19th Avenue",1,0,N/A
"November 22, 2017",Iowa,"Cedar Rapids","500  9th St SW",1,0,N/A
"November 22, 2017",California,"Los Angeles","1921 Sichel St.",1,0,N/A
"November 22, 2017","South Carolina",Beaufort,"F&B Rd",2,0,N/A
"November 22, 2017",Georgia,Ashburn,"812 E Washington St",1,0,N/A
"November 22, 2017","New York",Sherman,"2998 Armenian Rd",1,0,N/A
"November 22, 2017",Florida,Sanford,"100 Willner Cir",1,0,N/A
"November 22, 2017",Illinois,Chicago,"11900 S Yale Ave",1,0,N/A
"November 22, 2017",Virginia,"Rocky Mount","Dillard Ln",1,1,N/A
"November 22, 2017",Illinois,Chicago,"4100 W Carroll Ave",1,0,N/A
"November 22, 2017",Florida,"Neptune Beach","Seagate Ave",1,0,N/A
"November 22, 2017",Indiana,"New Albany","3000 block of Moccasin Ridge Court",1,1,N/A
"November 22, 2017","North Carolina",Linden,"8796 Hawkins Rd",1,0,N/A
"November 22, 2017",Indiana,Indianapolis,"4100 Shady Oak Drive",1,1,N/A
"November 22, 2017",Louisiana,Gretna,"400 block of Lapalco Blvd",1,0,N/A
"November 22, 2017","South Carolina","Goose Creek","St James Ave",1,0,N/A
"November 22, 2017","North Carolina",Pinnacle,"1057 McIntosh Ln",1,0,N/A
"November 22, 2017","New Jersey","Asbury Park","100 block of Prospect Ave",1,0,N/A
"November 22, 2017",Oregon,Medford,"300 block of Chestnut St",1,0,N/A
"November 22, 2017",Mississippi,Tunica,"Mayhan Street",1,0,N/A
"November 22, 2017",Pennsylvania,Philadelphia,"2100 block of S 66th St",1,2,N/A
"November 22, 2017",Georgia,Douglasville,"6590 E Broad Street",1,0,N/A
"November 22, 2017",Pennsylvania,Philadelphia,"2100 block of 66th St",1,2,N/A
"November 22, 2017",Indiana,Indianapolis,"3615 Sherman Forest Dr",1,1,N/A
"November 22, 2017",Connecticut,Waterbury,"532 Wolcott St",1,0,N/A
"November 21, 2017",Arizona,Phoenix,"7th St and Union Hills Dr",1,0,N/A
"November 21, 2017",Missouri,Marshfield,"200 block of N Mill",1,2,N/A
"November 21, 2017",California,Modesto,"2700 Hillglenn Dr",1,0,N/A
"November 21, 2017",Illinois,Peoria,"1100 block of E Gift Ave",1,0,N/A
"November 21, 2017",Missouri,Springfield,"1114 W Kearney St",1,0,N/A
"November 21, 2017",Ohio,Hilliard,"5300 block of Catalina Cir Dr",1,1,N/A
"November 21, 2017",Missouri,"Saint Louis (Berkeley)","4403 N Hanley Rd",1,0,N/A
"November 21, 2017",Indiana,"South Bend","100 block of N Varsity",1,0,N/A
"November 21, 2017",California,Pomona,"Gilbert St and W Orange Grove Ave",1,0,N/A
"November 21, 2017",California,"Los Angeles","625 S San Pedro St",1,0,N/A
"November 21, 2017",Virginia,Richmond,"2800 block of Broad Rock Blvd",1,1,N/A
"November 21, 2017","North Carolina",Goldsboro,"109 N Herman St",1,0,N/A
"November 21, 2017",Tennessee,Nashville,"857 S 8th Ct",1,0,N/A
"November 21, 2017",Michigan,"Fife Lake","Gonyer Rd SW",1,0,N/A
"November 21, 2017",Ohio,Columbus,"1000 block of Loretta Ave",1,0,N/A
"November 21, 2017",Indiana,Indianapolis,"6030 E 21st St",1,0,N/A
"November 21, 2017","North Carolina",Lumberton,"200 Block of Holly St",1,1,N/A
"November 21, 2017",Maryland,"District Heights","6300 block of Sunvalley Ter",1,0,N/A
"November 21, 2017",Washington,Seattle,"E Spruce St and 24th Ave",1,0,N/A
"November 21, 2017",California,Sacramento,"San Carlos Way and 8th Ave",1,0,N/A
"November 21, 2017",Utah,"Clearfield (Sunset)","1331 N 400 W",1,0,N/A
"November 21, 2017","North Carolina",Stedman,"6200 Block of Bethany Dr",1,0,N/A
"November 21, 2017",Alabama,Childersburg,"115 Sadie Lee Dr",1,0,N/A
"November 21, 2017",Florida,Jacksonville,"Hammond Blvd and Cahoon Rd",1,0,N/A
"November 21, 2017","New York",Brooklyn,"1530 Pennsylvania Ave",1,1,N/A
"November 21, 2017",Maryland,Baltimore,"200 block of Park Ave",1,0,N/A
"November 21, 2017","South Carolina",Greenwood,"1401 Phoenix St",1,1,N/A
"November 21, 2017",Pennsylvania,"Zion Grove","395 Ferndale Rd",1,0,N/A
"November 21, 2017",Louisiana,Moreauville,"10363 Bayou des Glaises St",1,0,N/A
"November 20, 2017",Wisconsin,Milwaukee,"2900 block of N 51st St",1,1,N/A
"November 20, 2017",Pennsylvania,Pittsburgh,"1000 block of Lougeay Rd",1,0,N/A
"November 20, 2017",Tennessee,Knoxville,"2315 Fisher Pl",1,0,N/A
"November 20, 2017",Louisiana,Marrero,"500 block of Saddler Road",1,0,N/A
"November 20, 2017",Alabama,Anniston,"Coleman Road",1,0,N/A
"November 20, 2017",Tennessee,Clarksville,"201 Mitchell St",1,0,N/A
"November 20, 2017",California,"Los Angeles","446 W 109th Pl",1,0,N/A
"November 20, 2017",California,"Los Angeles","11216 S Figueroa St",1,0,N/A
"November 20, 2017",Iowa,"Cedar Rapids","2nd Ave SE and 15th St SE",1,0,N/A
"November 20, 2017",Michigan,Detroit,"4044 Carter Street",2,0,N/A
"November 20, 2017",Kentucky,Richmond,"107 N. Keeneland",1,0,N/A
"November 20, 2017",Mississippi,Gulfport,"18000 block of Lake Vista Dr",1,0,N/A
"November 20, 2017",Tennessee,Memphis,N/A,1,0,N/A
"November 20, 2017",Texas,"San Antonio","7725 W FM 78",1,0,N/A
"November 20, 2017","North Carolina",Charlotte,"500 Block of Barton Creek Dr",1,0,N/A
"November 20, 2017",Indiana,Indianapolis,"7500 Ballinshire St",1,0,N/A
"November 20, 2017",Illinois,Chicago,"1 S Pulaski Rd",1,1,N/A
"November 20, 2017",Kentucky,Louisa,"6300 block of Yellow Creek Rd",2,0,N/A
"November 20, 2017","West Virginia","New Martinsville",N/A,1,0,N/A
"November 20, 2017",Louisiana,Shreveport,"2000 block of West Bert Kouns",1,0,N/A
"November 20, 2017",Arkansas,"Pine Bluff","1020 S Linden St",1,0,N/A
"November 20, 2017",Florida,Jacksonville,"Wright Ave",1,0,N/A
"November 20, 2017",Florida,"Spring Hill","12000 Block of Villa Rd",1,0,N/A
"November 20, 2017",Mississippi,Jackson,"Raymond Rd and Valley St",1,0,N/A
"November 20, 2017",Illinois,"Palos Heights","7300 W Ishnala Dr",1,0,N/A
"November 20, 2017",Texas,Houston,"8100 block of Cook Rd",1,0,N/A
"November 20, 2017",Louisiana,"New Orleans","2300 block of St. Anthony Street",1,0,N/A
"November 20, 2017",Alabama,Trussville,"Smith Simms Road",1,0,N/A
"November 20, 2017","New Jersey",Orange,"Park Ave and N Center St",1,0,N/A
"November 20, 2017",Alabama,Bessemer,"1000 block of 12th Street North",1,0,N/A
"November 20, 2017","New York",Bronx,"Saint Ann's Ave and E 158th St",1,0,N/A
"November 20, 2017",Texas,Dallas,"3200 block of Persimmon Rd",1,0,N/A
"November 20, 2017",California,"Palm Springs","S Pso Dorotea and Cll San Antonio",1,0,N/A
"November 20, 2017","North Carolina",Ramseur,"511 Columbia Ave",1,0,N/A
"November 19, 2017",Ohio,Columbus,"50 block of S Princeton Ave",1,0,N/A
"November 19, 2017",Ohio,Cincinnati,"2900 block of Colerain Ave",1,0,N/A
"November 19, 2017",Wisconsin,Milwaukee,"1500 block of S 9th St",1,0,N/A
"November 19, 2017",Oklahoma,Tulsa,"7900 E 21st St",1,0,N/A
"November 19, 2017",Pennsylvania,Titusville,"23000 block of Titusville Rd",2,0,N/A
"November 19, 2017",Georgia,Marietta,"300 Block of Pin Oak Ct",1,0,N/A
"November 19, 2017",Alabama,Birmingham,"10 block of 4th Avenue North",1,0,N/A
"November 19, 2017",California,"Los Angeles","9318 S Central Ave",1,0,N/A
"November 19, 2017",Tennessee,Memphis,"Ross Rd and Birch Run Ln",1,0,N/A
"November 19, 2017","New Hampshire",Goffstown,"5 Depot St",1,1,N/A
"November 19, 2017","District of Columbia",Washington,"1000 block of Spring Rd NW",1,0,N/A
"November 19, 2017",Iowa,Davenport,"400 block of 12th St",1,0,N/A
"November 19, 2017","North Carolina",Wilmington,"200 N Front St",1,0,N/A
"November 19, 2017",California,"Huntington Beach","15700 block of Taft Ln",2,0,N/A
"November 19, 2017",Colorado,Pueblo,"900 block of Lake Ave",1,2,N/A
"November 19, 2017",Indiana,Indianapolis,"1800 Cottage Ave",2,1,N/A
"November 19, 2017",Georgia,Atlanta,"240 N Highland Ave NE",1,0,N/A
"November 19, 2017",California,Manchester,"500 block of Rancheria Rd",1,1,N/A
"November 19, 2017",Delaware,Wilmington,"1200 block of W 3rd St",1,1,N/A
"November 19, 2017","South Carolina",Aiken,"305 Bradby Ln",2,0,N/A
"November 19, 2017","South Carolina",Cayce,"1700 Block of Stahl St",1,1,N/A
"November 19, 2017",Texas,"San Antonio","8900 S East Loop 410",1,0,N/A
"November 19, 2017","South Carolina",Greenville,"408 Cedar Lane Rd",1,0,N/A
"November 19, 2017",Tennessee,Memphis,"Tillman St and Johnson Ave",1,0,N/A
"November 19, 2017",California,Greenfield,"1000 block of Oak Ave",1,0,N/A
"November 19, 2017",Ohio,Columbus,"2477 E Dublin Granville Rd",0,1,N/A
"November 19, 2017",Indiana,Elizabeth,N/A,1,0,N/A
"November 19, 2017",Arkansas,"El Dorado","1814 Junction City Road",1,1,N/A
"November 19, 2017",Kentucky,Louisville,"300 block of North 18th Street",1,0,N/A
"November 19, 2017",Pennsylvania,Kutztown,"500 block of E Main St",1,1,N/A
"November 19, 2017",Michigan,Ubly,"4300 block of Holbrook Road",2,1,N/A
"November 19, 2017","New Jersey",Newark,"900 block of S 18th St",1,0,N/A
"November 19, 2017",Florida,Jacksonville,"I-95 and Union St",1,0,N/A
"November 19, 2017",Louisiana,Marrero,"6100 block of 4th Avenue",1,0,N/A
"November 19, 2017",Louisiana,"New Orleans","3800 block of North Prieur Street",1,0,N/A
"November 19, 2017",Illinois,Chicago,"1600 block of N Mango Ave",1,0,N/A
"November 19, 2017",Alaska,Ketchikan,"Roosevelt Dr",1,0,N/A
"November 19, 2017",Louisiana,Destrehan,"200 block of Meadows Drive",1,0,N/A
"November 19, 2017",Texas,Converse,"301 Converse Center St",1,0,N/A
"November 19, 2017",Florida,Jacksonville,"10100 Block of Melanie Ave",1,1,N/A
"November 19, 2017",Florida,Jacksonville,"W 18th St",1,0,N/A
"November 19, 2017",Maryland,Hagerstown,"11300 block of Dogwood Dr",1,0,N/A
"November 19, 2017",Florida,"Boynton Beach","1300 SW 35th Ave",1,0,N/A
"November 19, 2017",Kentucky,Louisville,"500 block of Quails Run",1,0,N/A
"November 19, 2017",Texas,"Denton (Corinth)","5700 S I-35",1,0,N/A
"November 19, 2017",Maryland,Grasonville,"1A Fisher Mnr",1,0,N/A
"November 19, 2017",Texas,Denison,"1700 block of W Elm St",1,1,N/A
"November 19, 2017",Ohio,Republic,"8782 E TR 8",1,0,N/A
"November 18, 2017",Texas,Dallas,"9625 Webb Chapel Rd",1,0,N/A
"November 18, 2017",Ohio,"West Chester","8600 block of Meadowview Dr",1,0,N/A
"November 18, 2017",Maryland,Annapolis,"1100 block of President St",1,0,N/A
"November 18, 2017",Ohio,Toledo,"1800 block of Bigelow St",1,0,N/A
"November 18, 2017",Pennsylvania,"Pittsburgh (Penn Hills)","300 block of Bryant Dr",1,0,N/A
"November 18, 2017",Virginia,Henrico,"4200 block of Fayette Circle",2,0,N/A
"November 18, 2017","New York","Corona (Queens)","Elmhurst Ave and Elbertson St",1,0,N/A
"November 18, 2017",Tennessee,Chattanooga,"Roanoke Ave",1,2,N/A
"November 18, 2017",Utah,Hurricane,"1235 State St",1,0,N/A
"November 18, 2017",Louisiana,Sulphur,"1300 block of South Post Oak Road",1,0,N/A
"November 18, 2017","District of Columbia",Washington,"3000 block of 30th St SE",1,0,N/A
"November 18, 2017",California,"Los Angeles","8th St and San Pedro St",1,0,N/A
"November 18, 2017",Alabama,"Mobile (Prichard)","First Avenue",1,0,N/A
"November 18, 2017",California,"Los Angeles","8700 block of S Avalon Blvd",1,0,N/A
"November 18, 2017",California,"Los Angeles","5400 block of 6th Ave",1,0,N/A
"November 18, 2017",Wisconsin,"Marquette (county)",N/A,1,0,N/A
"November 18, 2017",Kansas,Topeka,"1114 NW Jackson St",1,0,N/A
"November 18, 2017",Pennsylvania,Philadelphia,"600 block of N 52nd St",1,0,N/A
"November 18, 2017",Maryland,Baltimore,"1900 block of Wilhelm St",1,0,N/A
"November 18, 2017",Mississippi,Jackson,"300 block of Greenhill Place",1,0,N/A
"November 18, 2017",Washington,Sammamish,"24000 block of NE 30th Pl",3,0,N/A
"November 18, 2017",Illinois,"Round Lake (Hainesville)","100 W Big Horn Dr",1,0,N/A
"November 18, 2017",Georgia,Atlanta,"Horse Shoe Dr",1,1,N/A
"November 18, 2017",California,"San Leandro","E 14th St and 159th Ave",1,0,N/A
"November 18, 2017",Montana,Billings,"400 block of Bunting St",1,0,N/A
"November 18, 2017","South Carolina",Columbia,"7000 Block of Mountain Brook Dr",1,0,N/A
"November 18, 2017","North Carolina",Durham,"3000 Block of E Weaver St",1,0,N/A
"November 18, 2017",Tennessee,Memphis,"3506 Jackson Ave",1,0,N/A
"November 18, 2017",Tennessee,Memphis,"E Person Ave and Cooper St",1,0,N/A
"November 18, 2017",Iowa,Ames,"1311 Mayfield Dr",1,0,N/A
"November 18, 2017",Kentucky,Beattyville,"High Point Rd and KY 498",1,0,N/A
"November 18, 2017",Illinois,Kankakee,"500 S Yates Ave",1,0,N/A
"November 18, 2017",Indiana,Indianapolis,"9400 Barr Dr",1,0,N/A
"November 18, 2017",Mississippi,Clarksdale,"600 block of Oakhurst",1,0,N/A
"November 18, 2017",Florida,Jacksonville,"3100 Block of Columbus Dr",1,1,N/A
"November 18, 2017",Florida,Miami,"NW 10th Ct and 81st St",1,0,N/A
"November 18, 2017",Ohio,Dayton,"2400 block of Edison St",1,0,N/A
"November 18, 2017",Illinois,Decatur,"1600 N Edward St",1,1,N/A
"November 18, 2017","North Carolina",Goldsboro,"605 2nd St",2,1,N/A
"November 18, 2017",Alabama,Mobile,"3691 Airport Blvd",1,0,N/A
"November 18, 2017",Georgia,Norcross,"2232 Rockbridge Ct NW",1,1,N/A
"November 18, 2017",Kentucky,Woodburn,"12000 block of Nashville Rd",1,0,N/A
"November 18, 2017",Missouri,"Saint Louis","4157 Dr Martin Luther King Dr",1,0,N/A
"November 18, 2017",Texas,Houston,"6345 Windswept Ln",1,0,N/A
"November 18, 2017",Florida,"Panama City","1320 Buena Vista Blvd",1,0,N/A
"November 18, 2017",Alabama,Talladega,"Turner Mill Road",1,0,N/A
"November 18, 2017",Texas,Houston,"1007 Glen Ave",1,0,N/A
"November 18, 2017",Georgia,Atlanta,"Hollywood Dr",1,0,N/A
"November 18, 2017",Texas,Concepcion,"9000 block of CR 245",1,0,N/A
"November 18, 2017",Massachusetts,Boston,"4410 Washington St",1,1,N/A
"November 17, 2017",Virginia,"Alexandria (Fort Hunt)","Fort Hunt Rd and Alexandria Ave",1,0,N/A
"November 17, 2017",Texas,Dallas,"Julia Dr",1,0,N/A