"Incident Date",State,"City Or County",Address,"# Killed","# Injured",Operations
"July 31, 2017",Georgia,Atlanta,"3100 Godby Rd",1,0,N/A
"July 31, 2017",Washington,Lacey,"5900 block of Crimson Ct",2,1,N/A
"July 31, 2017",Arizona,Tucson,"Black Brush Rd",1,0,N/A
"July 31, 2017",Kansas,Manhattan,"I-70 and Moritz Rd",1,0,N/A
"July 31, 2017",Missouri,Doniphan,"Hwy 160 W",1,0,N/A
"July 31, 2017","New York",Brooklyn,"1370 New York Ave",1,0,N/A
"July 31, 2017",Illinois,Springfield,"6300 block of Cherylwood Dr",1,0,N/A
"July 31, 2017",Kansas,Olathe,"24287 W 109th Ter",2,0,N/A
"July 31, 2017",Missouri,"Saint Louis","2200 block of Angelica St",1,0,N/A
"July 31, 2017",Texas,Dallas,"Veterans Dr and 56th St",1,0,N/A
"July 31, 2017","New Jersey",Trenton,"1100 block of East State Street",1,0,N/A
"July 31, 2017",Kentucky,Lexington,"1960 Greenleaf Drive",1,0,N/A
"July 31, 2017",Wisconsin,Milwaukee,"84th and Bender",1,1,N/A
"July 31, 2017",Wisconsin,Milwaukee,"48th and Congress",1,0,N/A
"July 31, 2017",Florida,Ocala,"411 NW 9th Ave",1,0,N/A
"July 31, 2017",California,"Los Banos","2241 Gilbert Gonzalez Jr Dr",1,2,N/A
"July 31, 2017",Arkansas,Garfield,"16000 block of Smith Ridge Rd",1,0,N/A
"July 31, 2017",Pennsylvania,Philadelphia,"N 4th St and Indiana Ave",1,0,N/A
"July 31, 2017",Pennsylvania,Philadelphia,"7900 block of Lindbergh Blvd",1,0,N/A
"July 31, 2017",Wisconsin,Oshkosh,"300 block of Knapp St",1,0,N/A
"July 31, 2017",Louisiana,Hammond,"Bruce Allen Ln",1,0,N/A
"July 31, 2017",Mississippi,Tupelo,"Lumpkin Street",1,0,N/A
"July 31, 2017",Mississippi,"Kemper (county)","Sonny Jones Road",1,0,N/A
"July 31, 2017",Nevada,"Las Vegas","Deer Springs and Aviary Ways",1,0,N/A
"July 31, 2017",Kentucky,Louisville,"6509 Huff Lane",1,0,N/A
"July 31, 2017",Wisconsin,"Hales Corners","12300 W Edgerton Ave",1,0,N/A
"July 31, 2017",Maryland,"Middle River","610 Compass Rd",1,2,N/A
"July 31, 2017",Texas,Argyle,"700 block of Cypress St",1,0,N/A
"July 31, 2017",Colorado,"Colorado Springs","3817 Village Rd S",2,2,N/A
"July 31, 2017","North Carolina",Salisbury,"200 block of Link Avenue",1,0,N/A
"July 31, 2017",Florida,Summerfield,"13660 SE 80th Ave",1,0,N/A
"July 31, 2017",Illinois,Chicago,"2400 block of N Meade Ave",1,0,N/A
"July 31, 2017","New Mexico",Albuquerque,"Vassar Dr and Phoenix Ave",1,0,N/A
"July 31, 2017",Alabama,Sylacauga,"Drew Court",1,0,N/A
"July 31, 2017","New York",Bronx,"E 169th St and Park Ave",1,0,N/A
"July 31, 2017",Missouri,"Kansas City","39th and Cypress",1,1,N/A
"July 31, 2017","South Carolina",Lancaster,"509 E Dunlap St",1,0,N/A
"July 31, 2017","Rhode Island",Providence,"Donelson St and June St",1,0,N/A
"July 31, 2017",Tennessee,Nashville,"3614 Willow Creek Ct",1,1,N/A
"July 30, 2017",Illinois,Chicago,"9800 block of S Peoria St",1,0,N/A
"July 30, 2017",Virginia,Norfolk,"1500 block of Azalea Garden Rd",1,5,N/A
"July 30, 2017",Texas,"El Paso","1810 George Dieter Dr",1,3,N/A
"July 30, 2017",Texas,Houston,"11300 block of Fondren Rd",1,0,N/A
"July 30, 2017","North Carolina",Hookerton,"Chicken Shack Road",1,0,N/A
"July 30, 2017",Florida,Arcadia,"S.W. Hillsborough Avenue",1,0,N/A
"July 30, 2017","New Jersey",Newark,"800 block of South 16th Street",1,0,N/A
"July 30, 2017",Tennessee,Nashville,"1601 Buchanan St",1,0,N/A
"July 30, 2017",Mississippi,Woodville,N/A,2,0,N/A
"July 30, 2017",Ohio,Cambridge,"Oakland Blvd",1,0,N/A
"July 30, 2017",Ohio,Akron,"S Main St and Cedar St",1,1,N/A
"July 30, 2017",Massachusetts,Lawrence,"234 Bailey St",1,1,N/A
"July 30, 2017",Ohio,Cleveland,"W 98th St and Kirkwood Ave",1,0,N/A
"July 30, 2017",California,"San Francisco","15th St and Beaver St",1,1,N/A
"July 30, 2017",Michigan,Flint,"Roselawn Dr and Cloverlawn Dr",1,0,N/A
"July 30, 2017",Maryland,Baltimore,"1600 Hazel St",1,0,N/A
"July 30, 2017",Texas,Bacliff,"4700 block of 6th St",1,0,N/A
"July 30, 2017",Louisiana,"Bossier City","5303 E Texas St",1,1,N/A
"July 30, 2017",Louisiana,Harvey,"1600 Block of Ester St",1,0,N/A
"July 30, 2017",Tennessee,Chattanooga,"1600 block of South Kelly Street",1,0,N/A
"July 30, 2017",Tennessee,Brownsville,"500 block of Dove St",1,0,N/A
"July 30, 2017",Indiana,Indianapolis,"2100 block of Shelburne Drive",1,0,N/A
"July 30, 2017",California,Inglewood,"W 103rd St and S Freeman Ave",1,0,N/A
"July 30, 2017",Missouri,Washington,"Highway A",1,0,N/A
"July 30, 2017",Louisiana,"New Iberia","600 Block of Field St",1,0,N/A
"July 30, 2017",Ohio,Cleveland,"1910 West Blvd",1,0,N/A
"July 30, 2017",Alaska,"Bethel (Napaskiak)",N/A,1,0,N/A
"July 30, 2017",Missouri,Marshfield,"1200 block of S White Oak Rd",3,0,N/A
"July 30, 2017",Alabama,Birmingham,"7700 block of Sunrise Drive",1,1,N/A
"July 30, 2017",Oregon,Eugene,"2500 block of Donegal St",1,0,N/A
"July 30, 2017",Alabama,Auburn,"500 block of Foster Street",1,0,N/A
"July 30, 2017","North Carolina",Asheville,"1 Granada St",1,0,N/A
"July 30, 2017",Michigan,Detroit,"I-94 and Livernois Ave",2,0,N/A
"July 30, 2017",Wisconsin,Oostburg,"400 block of N 10th St",2,0,N/A
"July 30, 2017",Ohio,Cincinnati,"1000 block of Wells St",1,0,N/A
"July 30, 2017","District of Columbia",Washington,"4800 block of Kansas Ave NW",2,0,N/A
"July 30, 2017",Virginia,"Newport News","500 block of York River Lane",1,1,N/A
"July 30, 2017",Kentucky,Louisville,"1000 block of S 28th St",1,0,N/A
"July 30, 2017",Georgia,Jefferson,"105 Fairlane Dr",2,1,N/A
"July 30, 2017",Florida,Clermont,"1305 Raintree Bend",1,1,N/A
"July 30, 2017",Florida,Sarasota,"2000 block of Arlington St",1,0,N/A
"July 30, 2017",Florida,Tampa,"1020 E Hannah Ave",1,0,N/A
"July 30, 2017","District of Columbia",Washington,"4400 block of Quarles Street NE",1,0,N/A
"July 30, 2017",Texas,Houston,"Homestead Rd",1,0,N/A
"July 30, 2017",Indiana,Indianapolis,"5600 block of Abercromby Cir",1,0,N/A
"July 30, 2017",Pennsylvania,Pittsburgh,"1700 block of Belleau Dr",1,0,N/A
"July 30, 2017",Pennsylvania,Harrisburg,"1 block of N 18th St",1,0,N/A
"July 30, 2017",Texas,Houston,"4700 block of Beechaven Street.",1,0,N/A
"July 30, 2017",Louisiana,"Baton Rouge","1000 block of S. Flannery Rd",2,0,N/A
"July 30, 2017",Maine,Baldwin,"Burnell Rd",1,0,N/A
"July 30, 2017",Missouri,"Greene (county)","E Kingswood Dr",2,0,N/A
"July 30, 2017",Tennessee,Knoxville,"Fern St and Lilac Ave",1,0,N/A
"July 29, 2017",California,Inglewood,"11001 Crenshaw Blvd",1,0,N/A
"July 29, 2017","New Hampshire",Belmont,"140 Laconia Road",1,0,N/A
"July 29, 2017",Colorado,Penrose,N/A,1,0,N/A
"July 29, 2017","New Mexico","Las Cruces","1421 Monta Vista Ave",1,0,N/A
"July 29, 2017",California,"Los Angeles","Bailey St and N State St",1,0,N/A
"July 29, 2017",Pennsylvania,Ardmore,"2315 Haverford Ave",1,0,N/A
"July 29, 2017","South Dakota","Sioux Falls","4404 S Louise Ave",1,0,N/A
"July 29, 2017",Colorado,Denver,"E 33rd Ave and N Hudson St",1,0,N/A
"July 29, 2017",Delaware,Wilmington,"700 block of S. Van Buren St",1,0,N/A
"July 29, 2017","North Carolina",Greensboro,"2312 Juliet Pl",2,1,N/A
"July 29, 2017",Minnesota,"Saint Paul (Mendota Heights)","750 Plaza Dr",1,0,N/A
"July 29, 2017",Colorado,Denver,"3200 block of Saratoga Ave",1,0,N/A
"July 29, 2017",Florida,"Saint Augustine","4600 block of FL-16",1,0,N/A
"July 29, 2017",Colorado,Aurora,"455 Havana St",1,0,N/A
"July 29, 2017",Louisiana,"Baton Rouge","4000 block of Alliquippa Street",1,0,N/A
"July 29, 2017",Maryland,Baltimore,"2300 block of Mosher St",1,0,N/A
"July 29, 2017",Arizona,Phoenix,"59th Ave and Thomas Rd",1,1,N/A
"July 29, 2017",Louisiana,"New Orleans","3100 block of Teche St",1,0,N/A
"July 29, 2017",Oregon,Portland,"SE 187th Ave and SE Stark St",1,0,N/A
"July 29, 2017","New York",Buffalo,"200 block of Carl St",1,4,N/A
"July 29, 2017",Ohio,Cleveland,"Spruce Ct",1,0,N/A
"July 29, 2017",Arkansas,"Little Rock","5300 block of Baseline Road",1,0,N/A
"July 29, 2017","New York",Schenectady,"915 Crane St",1,1,N/A
"July 29, 2017",Montana,Bozeman,"E Story St",2,0,N/A
"July 29, 2017",Alabama,Mobile,"1100 block of Fry Street",1,0,N/A
"July 29, 2017",Arkansas,Blytheville,"837 Anderson Street",1,0,N/A
"July 29, 2017",Ohio,"Cincinnati (Lockland)","309 E Wyoming Ave",1,0,N/A
"July 29, 2017",Pennsylvania,Yukon,"300 block of Kirshner Ln",1,0,N/A
"July 29, 2017",Florida,Miami,"1201 NW 1st Pl",1,2,N/A
"July 29, 2017",Maryland,"Capitol Heights","1400 block of Pine Grove Road",1,0,N/A
"July 29, 2017",California,"Santa Ana","4200 block of W Fay Cir",1,0,N/A
"July 29, 2017",Arkansas,"Pine Bluff","17th and Elm Street",1,0,N/A
"July 29, 2017",California,Norco,"Parkridge Ave and First St",1,0,N/A
"July 29, 2017","North Carolina","Scotland Neck","715 Roanoke St",1,0,N/A
"July 29, 2017",Florida,Inglis,"5530 SE 194th Ln",1,0,N/A
"July 29, 2017",Mississippi,Batesville,"Fogg Road",1,0,N/A
"July 29, 2017",Idaho,Melba,"Wilson Creek Road",1,0,N/A
"July 29, 2017",Kentucky,Covington,"E 13th St and Wheeler St",1,1,N/A
"July 29, 2017","South Carolina",Columbia,"8720 Windsor Lake Blvd",1,0,N/A
"July 29, 2017",California,"North Highlands","7000 block of Plumber Way",1,1,N/A
"July 29, 2017",California,Oceanside,"700 block of South The Strand",1,0,N/A
"July 29, 2017",Tennessee,Murfreesboro,"697 Veterans Pkwy",1,0,N/A
"July 29, 2017",Texas,Edinburg,"1000 block of Tori Lane",1,0,N/A
"July 29, 2017",Pennsylvania,"Mc Kees Rocks (McKees Rocks)","11 Helen St",1,0,N/A
"July 29, 2017","North Carolina",Salisbury,"115 W Fisher St",2,3,N/A
"July 29, 2017",Missouri,Miller,N/A,1,0,N/A
"July 28, 2017",Louisiana,Shreveport,"3100 block of Stonewall St",1,0,N/A
"July 28, 2017",Indiana,Aurora,"9388 IN 48",1,1,N/A
"July 28, 2017",Missouri,"Saint Louis (Ferguson)","22 Arbor Village Ct",1,1,N/A
"July 28, 2017","North Carolina",Wilmington,"602 Nixon St.",1,0,N/A
"July 28, 2017",Texas,Abbott,"I-35 S",2,0,N/A
"July 28, 2017",Texas,Panola,"CR 334",2,1,N/A
"July 28, 2017",Iowa,"Des Moines","1800 block of Oakland Ave",1,0,N/A
"July 28, 2017",Alabama,"Phenix City","8th Street",1,0,N/A
"July 28, 2017","New Mexico",Albuquerque,"2nd St SW and Desert Rd",1,0,N/A
"July 28, 2017",Maryland,Baltimore,"4200 Flowerton Rd",1,0,N/A
"July 28, 2017",California,Cerritos,"Artesia Blvd",1,1,N/A
"July 28, 2017",Louisiana,"Baton Rouge","4600 block of Aldrich Drive",1,0,N/A
"July 28, 2017",Tennessee,Memphis,"1200 block of Poppen Dr",1,0,N/A
"July 28, 2017",Ohio,Cincinnati,"3000 block of Fernside Place",1,0,N/A
"July 28, 2017",Florida,"Miami (Goulds)","12045 SW 218 St",1,1,N/A
"July 28, 2017","North Carolina",Durham,"500 block of Liberty St",1,0,N/A
"July 28, 2017",California,"Twentynine Palms","74485 National Park Dr",2,0,N/A
"July 28, 2017",Illinois,Chicago,"500 block of W Iowa St",1,1,N/A
"July 28, 2017","South Carolina",Columbia,"6429 Bishop Ave",1,0,N/A
"July 28, 2017",Oklahoma,"Oklahoma City","1224 S Meridian Ave",1,0,N/A
"July 28, 2017",Illinois,Chicago,"1500 block of S Saint Louis",1,1,N/A
"July 28, 2017",Georgia,Morrow,"900 block of King James Dr",1,0,N/A
"July 28, 2017",Illinois,Chicago,"5200 block of W Kamerling Ave",1,2,N/A
"July 28, 2017",Illinois,"Chicago (Roseland)","200 block of W 107th St",1,0,N/A
"July 28, 2017",Missouri,"Kansas City","44th St and Chestnut Ave",1,0,N/A
"July 28, 2017",Texas,Abilene,"1000 block of S Clack St",1,0,N/A
"July 28, 2017",Arkansas,"North Little Rock","4800 block of Ira Street",1,0,N/A
"July 28, 2017",Illinois,Chicago,"400 W 108th St",1,1,N/A
"July 28, 2017",Florida,Reddick,"16375 NW Gainesville Rd",1,0,N/A
"July 28, 2017",Indiana,Gary,"E 15th Ave and Massachusetts St",1,0,N/A
"July 28, 2017",Illinois,Chicago,"2500 block of W Lithuanian Plaza Court",1,2,N/A
"July 28, 2017",Texas,Crosby,"419 Hare Rd",1,1,N/A
"July 28, 2017","New York","Schenectady (Glenville)","10 Pashley Rd",1,1,N/A
"July 28, 2017",Arkansas,"Little Rock","1601 N. Shackleford Rd",1,0,N/A
"July 28, 2017",Wisconsin,Madison,"3700 block of Karstens Dr",1,1,N/A
"July 28, 2017",Minnesota,Minneapolis,"1600 block of Plymouth Ave N",1,0,N/A
"July 28, 2017","South Carolina",Mullins,"Curry St",1,0,N/A
"July 27, 2017","South Carolina",Loris,"Paddock Rd",1,0,N/A
"July 27, 2017",Pennsylvania,Philadelphia,"1500 block of Orland St",1,0,N/A
"July 27, 2017",Alabama,Opelika,"590 Lee Road 156",1,0,N/A
"July 27, 2017",Louisiana,Homer,N/A,1,0,N/A
"July 27, 2017",Arkansas,"Little Rock","6200 Colonel Glenn",1,0,N/A
"July 27, 2017",Indiana,"Indianapolis (Homecroft)","6649 Madison Ave",1,1,N/A
"July 27, 2017",Maryland,Baltimore,"4600 Belvieu Ave",1,1,N/A
"July 27, 2017",Florida,Orlando,"5755 Rosebriar Way",1,0,N/A
"July 27, 2017",Florida,"Miami Gardens","2400 Block of NW 175th Terrace",1,2,N/A
"July 27, 2017",Oklahoma,Tulsa,"6100 block of East 17th St",2,0,N/A
"July 27, 2017",Texas,"Corpus Christi","3700 Brandywine Ct",1,0,N/A
"July 27, 2017",California,"Los Angeles (Hollywood)","1738 Whitley Ave",1,0,N/A
"July 27, 2017",Ohio,Euclid,"2 Richmond Square",1,0,N/A
"July 27, 2017",Illinois,Chicago,"700 block of N Lawndale",1,0,N/A
"July 27, 2017",Washington,Wenatchee,"1128 N Miller St",1,0,N/A
"July 27, 2017","New York",Buffalo,"Detroit St",1,0,N/A
"July 27, 2017",Illinois,Chicago,"2000 block of E 71st St",1,4,N/A
"July 27, 2017",Texas,"San Antonio","3500 block of El Paso St",1,0,N/A
"July 27, 2017","South Carolina","Marion (county)",SC-41,1,0,N/A
"July 27, 2017",California,"Grand Terrace","12814 Mirado Ave",1,0,N/A
"July 27, 2017",California,Chowchilla,"Alameda Avenue and Fourth Street",1,0,N/A
"July 27, 2017",Texas,Abilene,"1900 block of Swenson St",1,0,N/A
"July 27, 2017",Mississippi,Jackson,"3738 John Adams Road",1,0,N/A
"July 27, 2017","West Virginia",Martinsburg,"222 Frederick St",1,0,N/A
"July 27, 2017","South Carolina",Columbia,"7720 Parklane Rd",2,0,N/A
"July 27, 2017",Ohio,Canton,"1200 block of Shorb Ave",1,0,N/A
"July 26, 2017",Texas,Dallas,"2814 Persimmon Road",1,0,N/A
"July 26, 2017",Texas,"San Antonio","6100 block of Ingram Road",1,1,N/A
"July 26, 2017",Vermont,"Guildhall (Maidstone)","5545 Route 102",2,0,N/A
"July 26, 2017",Texas,Austin,"6700 Guadalupe St",1,1,N/A
"July 26, 2017",Indiana,Mishawaka,"60205 Bodnar Blvd",2,0,N/A
"July 26, 2017",Maryland,Catonsville,"Kent Avenue",1,1,N/A
"July 26, 2017",Tennessee,Chattanooga,"3417 Wilcox Blvd",1,0,N/A
"July 26, 2017","District of Columbia",Washington,"Dix St and Anacostia Avenue NE",1,0,N/A
"July 26, 2017",Maryland,Baltimore,"1200 block of Greenmount Avenue",1,1,N/A
"July 26, 2017","North Carolina","High Point","2111 E. Green Drive",1,6,N/A
"July 26, 2017",Maryland,Bladensburg,"4300 block of 57th Avenue",1,0,N/A
"July 26, 2017",Connecticut,Hartford,"79 Sumner St",1,0,N/A
"July 26, 2017",Arizona,Tucson,"8700 block of East Almond St",1,0,N/A
"July 26, 2017",Alabama,Theodore,"8670 Hunter's Point Drive",1,0,N/A
"July 26, 2017",Florida,"Vero Beach","600 block of Carriage Lake Way",1,0,N/A
"July 26, 2017",California,"City Of Industry","Turnbull Canyon Rd and Don Julian Rd",1,1,N/A
"July 26, 2017",Illinois,Chicago,"4700 W Maypole Ave",1,0,N/A
"July 26, 2017",Florida,Tampa,"1254 E 113th Ave",1,1,N/A
"July 26, 2017",Arizona,Phoenix,"3435 W Deer Valley Rd",1,0,N/A
"July 26, 2017",Ohio,"Dayton (Trotwood)","North Dixie Drive",1,0,N/A
"July 26, 2017",Texas,"San Antonio","El Paso and SW 21st",1,0,N/A
"July 26, 2017",Utah,"Salt Lake City","360 W 400 S",1,0,N/A
"July 26, 2017",Louisiana,Covington,"1000 block of N Florida St",1,0,N/A
"July 26, 2017","District of Columbia",Washington,"2000 block of Fairlawn Ave SE",1,0,N/A
"July 26, 2017",Mississippi,Jackson,"2971 W Northside Dr",1,1,N/A
"July 26, 2017",Maryland,"Riverdale (Riverdale Park)","5500 block of 54th Avenue",1,0,N/A
"July 26, 2017",Missouri,"Saint Louis","1800 block of Warren St",1,0,N/A
"July 26, 2017",Montana,Missoula,"3600 block of Rattlesnake Dr",1,0,N/A
"July 26, 2017",Colorado,"Colorado Springs","5600 St Marys Point",1,0,N/A
"July 26, 2017",Wisconsin,Waupaca,"E410 Rieben Rd",1,0,N/A
"July 26, 2017",Virginia,Warrenton,"510 Blackwell Rd",1,0,N/A
"July 26, 2017",California,Avenal,"5th Avenue",1,0,N/A
"July 26, 2017",Virginia,Chesapeake,"3200 block of Camelot Blvd",1,0,N/A
"July 26, 2017",California,Oakland,"2300 block of Fruitvale Ave",1,0,N/A
"July 26, 2017",Texas,Tyler,"917 W. Morris Street",1,0,N/A
"July 26, 2017","New Mexico",Albuquerque,"100 block of Tyrone NW",1,1,N/A
"July 25, 2017",Pennsylvania,Waynesburg,"781 Pisgah Ridge Road",2,0,N/A
"July 25, 2017",Florida,Jacksonville,"1040 Golfair Boulevard",1,3,N/A
"July 25, 2017",Louisiana,"New Orleans","4200 block of  Aster St",1,0,N/A
"July 25, 2017",Georgia,Cordele,"2109 16th Avenue",1,0,N/A
"July 25, 2017",Alabama,Birmingham,"4200 Block of 10th Avenue",1,0,N/A
"July 25, 2017",Michigan,Ypsilanti,"Andrea Ave and George Ave",1,0,N/A
"July 25, 2017",Texas,Houston,"12155 Jones Rd B",1,1,N/A
"July 25, 2017",Florida,Jacksonville,"Old Middleburg Rd N and Buttercup St",1,1,N/A
"July 25, 2017",Nebraska,Omaha,"21st St and Martha St",1,0,N/A
"July 25, 2017",Arkansas,Marion,"104 Cypress Avenue",1,0,N/A
"July 25, 2017",Alabama,Birmingham,"3200 block of Balsam Avenue SW",2,0,N/A
"July 25, 2017",Virginia,Richmond,"218 E Main St",1,1,N/A
"July 25, 2017",Ohio,Cincinnati,"6th St and I-75",1,0,N/A
"July 25, 2017",Michigan,Kalamazoo,"Stockbridge Ave and Portage St",1,0,N/A
"July 25, 2017",California,Turlock,"1500 block of Golf Road",1,0,N/A
"July 25, 2017",California,"Elk Grove","5800 Spring Flower Drive",1,0,N/A
"July 25, 2017",California,Sacramento,"8498 Florin Rd",1,0,N/A
"July 25, 2017","New York","Corona (Queens)","S Conduit Ave and Lansing Ave",1,0,N/A
"July 25, 2017",Tennessee,Memphis,"Chelwood Dr",1,0,N/A
"July 25, 2017",Tennessee,Hohenwald,"Talley St",1,0,N/A
"July 25, 2017","North Carolina","Winston Salem (Winston-salem)","2051 Bloomfield Drive",1,0,N/A
"July 25, 2017",Wisconsin,Madison,"2000 block of Adderbury Lane",1,0,N/A
"July 25, 2017","New York",Yonkers,"369 Warburton Ave",1,1,N/A
"July 25, 2017",Maryland,Baltimore,"4900 block of Greenspring Ave",1,0,N/A
"July 25, 2017",Maryland,Baltimore,"5400 Price Ave",1,0,N/A
"July 25, 2017",California,"San Francisco","100 block of Taylor St",1,0,N/A
"July 25, 2017",Alabama,Tuscaloosa,"5400 block of Bluegrass Parkway",2,0,N/A
"July 25, 2017",Florida,Tallahassee,"132 Dixie Dr",1,0,N/A
"July 25, 2017",Maryland,Baltimore,"2900 block of Belmont Avenue",1,0,N/A
"July 25, 2017",Kentucky,Louisville,"5600 block of Carolyn Way",1,0,N/A
"July 25, 2017",Tennessee,Nashville,"717 Lewis Street",1,1,N/A
"July 25, 2017",Colorado,"Littleton (Lakewood)","1700 block of S Cole St",1,0,N/A
"July 25, 2017",Louisiana,"New Orleans","800 block of 4th St",1,0,N/A
"July 25, 2017",Missouri,Bridgeton,"12200 block of Natural Bridge Rd",1,0,N/A
"July 25, 2017",Illinois,Chicago,"7800 block of S Carpenter",1,0,N/A
"July 25, 2017",Florida,Miami,"NW 2nd Ave and NW 16th St",1,0,N/A
"July 25, 2017",Arizona,Avondale,"111th Ave and Indian School Rd",1,0,N/A
"July 25, 2017",Florida,"Daytona Beach","1222 North St",1,0,N/A
"July 25, 2017",Florida,Miami,"NW 22nd Avenue and NW 119th St",1,0,N/A
"July 25, 2017","New York",Brooklyn,"Watkins Ave and New Lots Ave",1,1,N/A
"July 25, 2017",Alabama,Athens,"700 block of Horton Street",1,0,N/A
"July 25, 2017",Florida,"West Palm Beach","3800 block of Westview Ave",1,0,N/A
"July 25, 2017",Florida,Tampa,"N Taliaferro Ave and E 131st Ave",1,0,N/A
"July 25, 2017",Ohio,Columbus,"1600 block of Smith Rd",1,0,N/A
"July 25, 2017",Louisiana,"Baton Rouge","4000 block of Winbourne Avenue",1,0,N/A
"July 25, 2017",Virginia,"Leesburg (Lucketts)","Bald Hill Rd and Steed Hill Ln",1,0,N/A
"July 25, 2017","North Carolina","Lumber Bridge","17438 NC-71",1,0,N/A
"July 24, 2017",California,Pasadena,"400 block of N Marengo Ave",1,0,N/A
"July 24, 2017",Arkansas,"Little Rock","10,400 block of Stardust Trail",1,0,N/A
"July 24, 2017",Missouri,"Saint Louis","I-55 and I-270",1,0,N/A
"July 24, 2017",Louisiana,"New Orleans","France Road and Almonaster Avenue",1,0,N/A
"July 24, 2017",Alabama,Bessemer,"2805 Dartmouth Ave",1,0,N/A
"July 24, 2017",Louisiana,Harvey,"4200 block of Lac Couture Dr",1,0,N/A
"July 24, 2017",California,Tustin,"14500 block of Carfax Dr",1,0,N/A
"July 24, 2017","North Carolina",Charlotte,"McMullen Way and Monroe Rd",1,0,N/A
"July 24, 2017",Indiana,Hobart,"816 E 6th St",1,1,N/A
"July 24, 2017",Ohio,Newark,"N 21st and Log Pond",1,1,N/A
"July 24, 2017",Tennessee,Maynardville,"900 block of Hwy 61 W",1,0,N/A
"July 24, 2017",Florida,"Palm Coast","13 Bud Hollow Drive",1,0,N/A
"July 24, 2017","North Carolina","High Point","Wesley Dr and East Russell Ave",1,0,N/A
"July 24, 2017",California,"San Diego","3435 Camino del Rio S",1,0,N/A
"July 24, 2017",Mississippi,Biloxi,"Riverview Drive and Popp's Ferry Rd",1,0,N/A
"July 24, 2017",Georgia,Lithonia,"Beachwood Forest Drive",1,0,N/A
"July 24, 2017",Oklahoma,Jay,"S 5th St",1,0,N/A
"July 24, 2017",Alabama,Jemison,"12771 County Road 42",1,0,N/A
"July 24, 2017",Georgia,Buchanan,"North Highway 27",1,0,N/A
"July 24, 2017",Arkansas,"Little Rock","1502 Green Mountain Drive",1,0,N/A
"July 24, 2017",Illinois,Chicago,"300 block of North Lorel",1,0,N/A
"July 24, 2017",Illinois,Chicago,"7100 block of S Rhodes",1,1,N/A
"July 24, 2017",Illinois,Chicago,"2600 block of W 63rd St",1,1,N/A
"July 24, 2017",Georgia,Kennesaw,"Shallowford Rd and Kings Crossing Dr NE",1,0,N/A
"July 24, 2017",Pennsylvania,Pittsburgh,N/A,1,1,N/A
"July 24, 2017",Florida,Tampa,"2523 Busch Blvd",1,0,N/A
"July 24, 2017",Ohio,Cincinnati,"900 block of McPherson Ave",1,0,N/A
"July 24, 2017",California,"South Gate","9200 block of California Ave",1,0,N/A
"July 24, 2017",Virginia,Arlington,"2400 block of N. Quantico St",2,0,N/A
"July 24, 2017",Minnesota,Winona,"209 Chatfield St",2,0,N/A
"July 24, 2017",Tennessee,"Johnson City","1008 John Exum Parkway",1,0,N/A
"July 23, 2017",California,Bakersfield,"1601 Truxtun Ave",1,0,N/A
"July 23, 2017","New Jersey",Newark,"700 block of Wicker Court",1,0,N/A
"July 23, 2017",Alabama,Piedmont,"1857 Rabbittown Rd",2,0,N/A
"July 23, 2017",Minnesota,"Grand Marais","CR 6",1,0,N/A
"July 23, 2017",Maryland,Baltimore,"1100 block of Whitelock St",1,0,N/A
"July 23, 2017",Pennsylvania,"North East","10550 Lake Rd",3,0,N/A
"July 23, 2017",Florida,"West Palm Beach","1900 block of Division Ave",1,0,N/A
"July 23, 2017",Missouri,"Saint Louis","1400 block of Kealty Ln",1,0,N/A
"July 23, 2017",Kentucky,Lexington,"1424 Versailles Road",1,0,N/A
"July 23, 2017",Alabama,Montgomery,"4800 block of Park Towne Way",1,0,N/A
"July 23, 2017",Indiana,"Indianapolis (Lawrence)","8808 Rue Madeleine",1,0,N/A
"July 23, 2017",Alabama,Birmingham,"2300 block of 17th St W",1,0,N/A
"July 23, 2017",Virginia,Petersburg,"2700 block of S Crater Rd",1,0,N/A
"July 23, 2017",Virginia,Hampton,"100 block of Lassiter",1,0,N/A
"July 23, 2017",Tennessee,Memphis,"Semmes St and Hoskins Rd",1,0,N/A
"July 23, 2017",Michigan,Detroit,"19700 block of Freeland St",1,0,N/A
"July 23, 2017","New Jersey",Trenton,"800 block of East State Street",1,0,N/A
"July 23, 2017",Illinois,Chicago,"1500 block of East 82nd St",1,3,N/A
"July 23, 2017",Illinois,Chicago,"3600 block of W Chicago",1,0,N/A
"July 23, 2017",Colorado,Longmont,"2285 E Ken Pratt Blvd",1,0,N/A
"July 23, 2017",California,Chico,"601 Main St",1,0,N/A
"July 23, 2017",Texas,Dallas,"Ervay and Cadiz",1,0,N/A
"July 23, 2017",Texas,Dallas,"11300 block of Mccree Rd",1,0,N/A
"July 23, 2017",Maine,Skowhegan,"Back Rd and Glenview Rd",1,0,N/A
"July 23, 2017",California,Bakersfield,"700 block of Goodman St",1,1,N/A
"July 23, 2017",Pennsylvania,Philadelphia,"700 block of E Russell St",1,1,N/A
"July 23, 2017",Georgia,Atlanta,"1500 block of Crogman Street",1,0,N/A
"July 23, 2017","South Carolina",Johnsonville,"Durant Cemetery Rd",1,0,N/A
"July 23, 2017",Massachusetts,Spencer,"160 Northwest Rd",1,0,N/A
"July 23, 2017",Indiana,Muncie,"6100 block of W Delaware CR 350 N",1,0,N/A
"July 23, 2017",Florida,Jacksonville,"7410 Blanding Blvd",1,1,N/A
"July 23, 2017",Texas,Houston,"1201 Gillette Rd",1,0,N/A
"July 23, 2017",Missouri,"Saint Louis",I-70,1,0,N/A
"July 23, 2017",Texas,"The Colony","5200 block of Ragan Rd",1,0,N/A
"July 23, 2017","North Carolina",Goldsboro,"1300 block of Ditchbank Rd",2,0,N/A
"July 23, 2017",Illinois,Chicago,"7000 block of S Vernon",1,1,N/A
"July 23, 2017","South Carolina",Barnwell,"Fairway Lane",1,0,N/A
"July 23, 2017",Missouri,"Saint Louis","I-70 and Adelaide Ave",1,0,N/A
"July 23, 2017",Louisiana,Shreveport,"600 block of West 73rd Street",1,0,N/A
"July 23, 2017",Florida,"West Palm Beach","4600 Block of Myla Ln",1,0,N/A
"July 23, 2017",Tennessee,Nashville,"1501 Hillside Ave",2,0,N/A
"July 23, 2017",Kentucky,Louisville,"3600 block of Vermont Ave",1,0,N/A
"July 23, 2017",Montana,"Jefferson City",N/A,1,0,N/A
"July 23, 2017",Georgia,"Stone Mountain","481 Hambrick Rd",1,0,N/A
"July 23, 2017",Illinois,Chicago,"5400 block of S Damen",1,0,N/A
"July 23, 2017",Ohio,Miamisburg,"155 Prestige Pl",1,0,N/A
"July 23, 2017",Ohio,Columbus,"1069 Jaeger St",1,0,N/A
"July 23, 2017","South Carolina",Lexington,"Cherokee Pond Court",1,0,N/A
"July 23, 2017",Michigan,Detroit,"19300 block of Mound Road",1,0,N/A
"July 23, 2017",Tennessee,Nashville,"3324 Cocoa Dr",1,0,N/A
"July 23, 2017",Mississippi,Southaven,"5881 Surrey Ln",1,0,N/A
"July 22, 2017","North Carolina",Lexington,"Gordon Lane",1,0,N/A
"July 22, 2017",Pennsylvania,Chester,"Thomas St and Terrill St",1,0,N/A
"July 22, 2017","North Carolina","Oak Island","Ocean Dr and Keziah St",1,0,N/A
"July 22, 2017",California,Visalia,"4200 block of W Cambridge Ave",2,0,N/A
"July 22, 2017",Tennessee,Nashville,"500 block of S 6th St",1,1,N/A
"July 22, 2017",Wisconsin,Milwaukee,"N 23rd and W Nash",1,0,N/A
"July 22, 2017",Georgia,Columbus,"Grant Road and Wilson Street",1,0,N/A
"July 22, 2017",Louisiana,Walker,"13900 block of Pine Park Dr",1,0,N/A
"July 22, 2017",Maryland,Baltimore,"500 block of Brunswick Ave",1,0,N/A
"July 22, 2017","New York",Brooklyn,"111 Bridge St",1,0,N/A
"July 22, 2017",Kentucky,Lexington,"3rd St and Race St",1,0,N/A
"July 22, 2017",Michigan,Kalamazoo,"800 Block of Oakland Dr",1,0,N/A
"July 22, 2017",Florida,"Mount Dora","2728 W Old Hwy 441",1,1,N/A
"July 22, 2017",Alabama,Mobile,"1400 block of S Ann St",1,1,N/A
"July 22, 2017",Alabama,Quinton,"200 block of Church St",1,0,N/A
"July 22, 2017",Pennsylvania,Pittsburgh,"5100 block of Lougean Ave",1,0,N/A
"July 22, 2017",Maryland,Jessup,"8900 Block of Good Harvest Rd",1,0,N/A
"July 22, 2017","District of Columbia",Washington,"2200 block of Savannah Terr SE",1,0,N/A
"July 22, 2017",Tennessee,Memphis,"1541 Northside Dr",1,0,N/A
"July 22, 2017",Arkansas,"Mountain Home","71 Kierra Pl",2,0,N/A
"July 22, 2017",Virginia,Richmond,"1903 Hopkins Rd",1,0,N/A
"July 22, 2017",California,"Long Beach","Maine Ave and 4th St",1,0,N/A
"July 22, 2017",Oklahoma,Sapulpa,"6 W. Bryan Ave",1,0,N/A
"July 22, 2017",Washington,"Benton City","510 14th St",1,0,N/A
"July 22, 2017",Michigan,Detroit,"McGraw Ave and Chopin St",1,0,N/A
"July 22, 2017",Indiana,"Fort Wayne","1200 block of Lillie St",1,1,N/A
"July 22, 2017",Georgia,Columbus,"River Road and Veteran's Parkway",1,0,N/A
"July 22, 2017",Texas,"Fort Worth","1300 NE Loop 820",1,0,N/A
"July 22, 2017","South Carolina",Columbia,"8720 Windsor Lake Blvd",1,0,N/A
"July 22, 2017",Louisiana,Rayne,"Marie Avenue",1,0,N/A
"July 22, 2017",Alabama,Decatur,"2120 Jameson Dr SW",1,0,N/A
"July 22, 2017",California,Oakland,"2700 block of 75th Ave",1,0,N/A
"July 22, 2017",Missouri,Columbia,"2707 Quail Dr",1,0,N/A
"July 22, 2017",Wisconsin,"Eau Claire","Woodford Court",1,0,N/A
"July 22, 2017",Illinois,Chicago,"7100 block of South Artesian",1,1,N/A
"July 22, 2017",Florida,Miami,"SW 283rd Terrace and SW 136th Ave",1,0,N/A
"July 22, 2017",Oregon,Salem,"3100 block of Ryan Dr SE",1,0,N/A
"July 22, 2017",Louisiana,"Lake Charles","2323 Broad Street",1,0,N/A
"July 22, 2017",Pennsylvania,Hatfield,"2415 E Orvilla Rd",1,0,N/A
"July 21, 2017",Mississippi,Starkville,"100 block of Maxwell St",1,0,N/A
"July 21, 2017",Louisiana,"New Orleans","14765 Chef Menteur Highway",1,0,N/A
"July 21, 2017",Missouri,"Kansas City","5712 Independence Ave",1,0,N/A
"July 21, 2017",Florida,Gainesville,"205 SW 75th St",1,0,N/A
"July 21, 2017",Arizona,"Chino Valley","400 block of Palomino Rd",1,0,N/A
"July 21, 2017",Ohio,Warren,"1460 Tod Ave NW",1,0,N/A
"July 21, 2017","New Mexico",Albuquerque,"1600 Towne Center Lane",1,2,N/A
"July 21, 2017",Tennessee,Memphis,"Harahan Rd and Travis Rd",1,0,N/A
"July 21, 2017",Virginia,Richmond,"2700 block of North Ave",1,0,N/A
"July 21, 2017",California,Lamont,"8100 block of Paradise Rd",1,0,N/A
"July 21, 2017",Tennessee,Madison,"Ronnie Rd",1,0,N/A
"July 21, 2017",Missouri,"Kansas City","3800 block of E 6th St",1,0,N/A
"July 21, 2017","South Carolina","North Charleston","2621 Harvey Ave",1,0,N/A
"July 21, 2017","South Carolina",Piedmont,"7634 Augusta Rd",2,0,N/A
"July 21, 2017",Colorado,"Colorado Springs","6000 block of Fossil Drive",1,1,N/A
"July 21, 2017",California,"Santa Ana","2400 block of S Olive St",1,0,N/A
"July 21, 2017","New Jersey",Camden,"100 block of Pfeiffer Street",1,0,N/A
"July 21, 2017","New Jersey",Camden,"300 block of Fountain Street",1,0,N/A
"July 21, 2017",Louisiana,"Baton Rouge","1331 N sherwood Dr",1,0,N/A
"July 21, 2017",Missouri,"Kansas City","2500 block of Van Brunt Blvd",1,0,N/A
"July 21, 2017","New Jersey","Clementon (Lindenwold)","1800 Laurel Rd",1,0,N/A
"July 21, 2017",Michigan,"River Rouge","40 block of Oak St",1,0,N/A
"July 21, 2017",Texas,Waco,"3201 Over Flow Rd",2,0,N/A
"July 21, 2017",Pennsylvania,Chester,"2800 block of W 7th St",1,0,N/A
"July 21, 2017",Alabama,Montgomery,"2770 Sumter Ave",1,2,N/A
"July 21, 2017",Massachusetts,Brookline,"33 Pond St",1,0,N/A
"July 21, 2017",Tennessee,Hixson,"4849 Hixson Pk",1,0,N/A
"July 21, 2017",Illinois,Chicago,"8800 block of S Eggleston",1,0,N/A
"July 21, 2017","District of Columbia",Washington,"5000 block of H St SE",1,0,N/A
"July 21, 2017",Texas,"San Antonio","138 N Ww White Rd",1,0,N/A
"July 21, 2017",Utah,"Spanish Fork","99 N 300 W",1,1,N/A
"July 21, 2017",Texas,"San Angelo","7481 Duckworth Rd",1,0,N/A
"July 20, 2017",Pennsylvania,Philadelphia,"3300 block of N Gratz St",1,1,N/A
"July 20, 2017",Missouri,Neosho,"12009 MO 86",1,0,N/A
"July 20, 2017",Tennessee,Memphis,"4900 block of Judy Lynn Ave",1,1,N/A
"July 20, 2017",Georgia,Ellijay,"River Hill Rd",1,0,N/A
"July 20, 2017",Missouri,"Saint Joseph","1601 N 36th St",1,2,N/A
"July 20, 2017",Tennessee,Madison,"411 E Old Hickory Blvd",1,0,N/A
"July 20, 2017",Nevada,"Las Vegas","211 Mission Laguna Ln",1,0,N/A
"July 20, 2017",Oklahoma,Cordell,"407 S Market",1,1,N/A
"July 20, 2017",Missouri,"Kansas City","E 28th St and Walrond Ave",1,0,N/A
"July 20, 2017","North Carolina","Rocky Mount","Rosewood Ave and N Ferndale Ave",1,0,N/A
"July 20, 2017",Georgia,Snellville,"Medlock Park Drive",1,0,N/A
"July 20, 2017","District of Columbia",Washington,"1000 block of 17th St",1,0,N/A
"July 20, 2017",Illinois,Chicago,"5300 S Calumet Ave",1,0,N/A
"July 20, 2017",California,Castroville,"10300 block of Merritt St",1,0,N/A
"July 20, 2017",Connecticut,Norwalk,"236 Ely Avenue",1,0,N/A
"July 20, 2017",Texas,Houston,"12919 Windfern Rd",2,0,N/A
"July 20, 2017",Florida,Jacksonville,"3500 block of Peach Dr",1,0,N/A
"July 20, 2017",California,"San Diego","3435 Camino del Rio S",1,0,N/A
"July 20, 2017",Illinois,Aurora,"700 block of North Ave",2,0,N/A
"July 20, 2017","North Dakota",Bismarck,"3200 block of E Thayer Ave",1,0,N/A
"July 20, 2017",Florida,Tampa,"E 93rd Ave and N 9th St",1,0,N/A
"July 20, 2017",Idaho,Burley,"1246 Overland Ave",2,0,N/A
"July 20, 2017","South Carolina",Greenville,"1200 block of Hampton Ave",1,0,N/A
"July 20, 2017",Florida,Miami,"SW 200th St and SW 122nd Ave",1,0,N/A
"July 20, 2017",Florida,"Fort Lauderdale","1500 Block of NW 16th St",1,2,N/A
"July 20, 2017","South Carolina","Galivants Ferry","Grainloyd Road",1,0,N/A
"July 20, 2017",Michigan,Kalamazoo,"1901 Tray Ln",2,0,N/A
"July 20, 2017",California,"La Mesa","7938 El Cajon Blvd",1,0,N/A
"July 20, 2017",Illinois,Chicago,"2000 block of S Pulaski",1,0,N/A
"July 20, 2017",Tennessee,Chattanooga,"1200 block of Cypress St Ct",1,0,N/A
"July 20, 2017",Georgia,"Haralson (county)",N/A,1,0,N/A
"July 20, 2017",Texas,Killeen,"1100 block of Willow Springs Rd",1,0,N/A
"July 20, 2017",Missouri,"Saint Louis","6100 block of Laura Ave",1,0,N/A
"July 20, 2017",Missouri,"Saint Louis","6200 block of Derby Ave",1,0,N/A
"July 20, 2017",California,"Los Angeles","1600 block of S Van Ness Ave",1,0,N/A
"July 20, 2017",Texas,"Humble (Atascocita)","19900 block of River Brook Dr",1,0,N/A
"July 20, 2017",Texas,"San Antonio","100 block of Northgate Dr",1,0,N/A
"July 19, 2017",Pennsylvania,Philadelphia,"5600 block of Gibson",1,0,N/A
"July 19, 2017",Texas,Dallas,"E Wheatland Rd and I-35",1,0,N/A
"July 19, 2017",California,"Los Angeles","S San Pedro St and E 62nd St",0,0,N/A
"July 19, 2017",Ohio,Dayton,"1200 block of Catalpa Dr",1,0,N/A
"July 19, 2017",California,Pittsburg,"4493 Century Blvd",1,0,N/A
"July 19, 2017",Texas,"San Angelo","1800 block of Edmund Blvd",1,0,N/A
"July 19, 2017",Michigan,Saginaw,"W Michigan and Leo St",1,1,N/A
"July 19, 2017",California,Kelseyville,"5000 State St",1,0,N/A
"July 19, 2017",Michigan,Detroit,"19100 block of W McNichols Rd",1,0,N/A
"July 19, 2017",Maryland,"Silver Spring","1600 block of Belvedere Blvd",1,0,N/A
"July 19, 2017",Missouri,"Fair Grove","5200 block of E Calberts Ln",1,0,N/A
"July 19, 2017",California,Hayward,"200 block of Willow Ave",1,0,N/A
"July 19, 2017",California,"Fair Oaks","11000 block of Fair Oaks Blvd",1,0,N/A
"July 19, 2017",Colorado,Denver,"N Downing St and E 35th Ave",1,0,N/A
"July 19, 2017",Texas,"San Antonio","200 block of Hub Ave",1,1,N/A
"July 19, 2017",Indiana,Hammond,"7400 block of Chestnut Ave",1,0,N/A
"July 19, 2017","South Carolina",Patrick,"Patrick Firetower Road",1,0,N/A
"July 19, 2017",California,"Los Angeles","Imperial Hwy and Broadway",1,3,N/A
"July 19, 2017",Texas,Amarillo,"800 block of N Tyler",1,0,N/A
"July 19, 2017",Illinois,Monee,"Manhattan Monee Rd and Harlem Ave",1,0,N/A
"July 19, 2017",Kansas,"Overland Park",N/A,1,0,N/A
"July 19, 2017",Maine,"Cherryfield (Beddington)","ME 193",1,0,N/A
"July 19, 2017",Mississippi,Greenville,"1219 Metcalf Rd",1,0,N/A
"July 19, 2017","New York",Rochester,"Reynolds and Adams",1,0,N/A
"July 19, 2017",Georgia,Athens,"Hollow Ridge Drive",1,0,N/A
"July 19, 2017",California,Oxnard,"1300 block of W Guava St",1,0,N/A
"July 19, 2017","New Mexico","Santa Fe","Miguel Chavez Rd",1,0,N/A