"Incident Date",State,"City Or County",Address,"# Killed","# Injured",Operations
"April 30, 2017",Iowa,Milford,"26 Westview Dr",1,0,N/A
"April 30, 2017",California,"San Bernardino","3400 block of E 20th St",1,1,N/A
"April 30, 2017",Michigan,Detroit,"10000 block of Joy Rd",1,1,N/A
"April 30, 2017",California,Sacramento,"7900 block of 48th Ave",1,0,N/A
"April 30, 2017",Virginia,Henrico,"1600 block of Henrico Arms Place",1,0,N/A
"April 30, 2017","South Carolina",Longs,"Freemont Rd",1,0,N/A
"April 30, 2017",Illinois,Rockford,"400 block of 8th St",1,0,N/A
"April 30, 2017",Pennsylvania,Erie,"901 W 4th St",1,0,N/A
"April 30, 2017","North Carolina",Laurinburg,"900 Charlotte St",1,0,N/A
"April 30, 2017",Maine,Lewiston,"516 Pleasant St",1,0,N/A
"April 30, 2017",California,Oakland,"4000 Alameda Avenue",1,0,N/A
"April 30, 2017",Louisiana,"Baton Rouge","4888 Hooper Road",1,0,N/A
"April 30, 2017",Texas,"Balch Springs","12300 block of Baron Dr",1,0,N/A
"April 30, 2017",California,"San Diego","9080 Judicial Dr",2,6,N/A
"April 30, 2017",Georgia,Columbus,"1010 33rd St",1,0,N/A
"April 30, 2017",Georgia,Columbus,"24th Street",1,0,N/A
"April 30, 2017",Louisiana,Lafayette,"400 block of Jefferson St",1,2,N/A
"April 30, 2017",Oklahoma,Haworth,"Jasper Hollow Rd",1,0,N/A
"April 30, 2017",Indiana,"South Bend","125 North Logan Street",1,1,N/A
"April 30, 2017",Kansas,Topeka,"4104 SW 28th",4,1,N/A
"April 30, 2017",Mississippi,Carrollton,"Mississippi 17 North",1,0,N/A
"April 30, 2017",California,"San Jose","1200 block of Locust St",1,0,N/A
"April 30, 2017",Alabama,Leeds,"4100 block of Oak Trail Way",1,0,N/A
"April 30, 2017",Maryland,Baltimore,"1600 block of Aisquith St",1,0,N/A
"April 30, 2017",Texas,Houston,"300 block of N Vista Dr",1,0,N/A
"April 30, 2017",Missouri,"Kansas City","E 36th St and Benton Blvd",1,0,N/A
"April 30, 2017",Maryland,Baltimore,"1200 block of East Federal Street",1,0,N/A
"April 30, 2017",Maryland,Baltimore,"2400 block of East Preston Street",1,0,N/A
"April 30, 2017",Ohio,Columbus,"1280 Summit Street",1,2,N/A
"April 30, 2017",Ohio,Middletown,"1200 block of Short St",1,0,N/A
"April 30, 2017",Florida,Jacksonville,"Willow Branch Avenue",1,0,N/A
"April 30, 2017",Florida,Miami,"NW 24th Ave and NW 56th St",1,0,N/A
"April 30, 2017",Indiana,Indianapolis,"32nd and Clifton",1,0,N/A
"April 30, 2017",California,"Los Angeles (county)","9700 block of Stanford Ave",1,0,N/A
"April 30, 2017",California,"Los Angeles (Watts)","1800 block of E Century Blvd",1,0,N/A
"April 30, 2017",Florida,Tallahassee,"1517 Brook St",1,0,N/A
"April 30, 2017",Florida,Jacksonville,"3100 Block of W 15th St",1,0,N/A
"April 30, 2017",Florida,"Flagler Beach","1002 S Daytona Ave",1,0,N/A
"April 30, 2017",Florida,Molino,"Gibson Rd",1,0,N/A
"April 30, 2017",Alabama,"Phenix City","16th Avenue South",1,0,N/A
"April 30, 2017",Connecticut,Norwalk,"66 Wilton Ave",2,0,N/A
"April 30, 2017",Arizona,Chandler,"Gilbert and Ocotillo roads",1,0,N/A
"April 30, 2017","South Carolina",Loris,"268 N Sea Green Rd",1,5,N/A
"April 30, 2017","New Mexico",Albuquerque,"4301 Pennsylvania NE",1,0,N/A
"April 30, 2017",Missouri,"Kansas City","Swope Pkwy and Cleveland Ave",1,0,N/A
"April 30, 2017",Louisiana,"New Orleans","6700 block of Chef Menteur",1,0,N/A
"April 30, 2017",Pennsylvania,Philadelphia,"3000 block of N 10th St",1,1,N/A
"April 30, 2017","West Virginia",Charleston,"1006 1st Avenue",1,0,N/A
"April 29, 2017",Florida,Leesburg,"3300 W Main St",1,1,N/A
"April 29, 2017",Virginia,"Newport News","5832 Jefferson Ave",1,1,N/A
"April 29, 2017",Tennessee,Nashville,"Wheless St and 16th Ave N",1,0,N/A
"April 29, 2017",Hawaii,Papaaloa,N/A,1,0,N/A
"April 29, 2017",Pennsylvania,Maytown,"State Hwy 743 and Apple St",1,0,N/A
"April 29, 2017",Maryland,Germantown,"12800 block of Kitchen House Way",1,3,N/A
"April 29, 2017",Tennessee,Memphis,"Belz Blvd and Latham St",1,0,N/A
"April 29, 2017","West Virginia",Clarksburg,"1401 West Virginia Ave",1,0,N/A
"April 29, 2017","New Jersey","East Orange","200 Block of S Clinton St",1,1,N/A
"April 29, 2017",Michigan,Detroit,"16000 block of Ardmore",1,0,N/A
"April 29, 2017",Louisiana,"New Orleans","1100 block of Scotsdale Drive",1,0,N/A
"April 29, 2017",Texas,"Fort Worth","4400 block of E Berry St",1,0,N/A
"April 29, 2017",Texas,Abilene,"2100 Block of Jeanette St",1,0,N/A
"April 29, 2017",Indiana,"East Chicago","Carey St and Chicago Av",1,0,N/A
"April 29, 2017",Virginia,"Newport News","13200 block of Sojourner Court",1,0,N/A
"April 29, 2017",Nebraska,Omaha,"56th St and Fowler Ave",1,0,N/A
"April 29, 2017",Florida,"Delray Beach","1541 Ilene Ct",1,0,N/A
"April 29, 2017",California,"Los Angeles (Boyle Heights)","Murchison St and Lancaster Ave",1,3,N/A
"April 29, 2017",Louisiana,Baker,"4483 Yvonne Drive",0,0,N/A
"April 29, 2017","New York",Binghamton,"Fayette Street",1,0,N/A
"April 29, 2017",California,"San Jacinto","2600 block of Esplanade Ave",1,0,N/A
"April 29, 2017",Indiana,Indianapolis,"7626 Portage Ct",1,0,N/A
"April 29, 2017",Louisiana,"New Orleans","9200 block of Airline Hwy",1,0,N/A
"April 29, 2017","New York","Buffalo (West Seneca)","425 Meyer Rd",1,0,N/A
"April 29, 2017",California,Sacramento,"5120 Interstate Ave",1,0,N/A
"April 29, 2017",Maryland,Baltimore,"Baltimore St and Carey St",2,0,N/A
"April 29, 2017",Kentucky,Louisville,"1100 block of South 8th Street",1,0,N/A
"April 29, 2017",Virginia,Chesapeake,"1200 block of Seaboard Ave",1,0,N/A
"April 29, 2017",California,Whittier,"10000 block of Carmentia Rd",1,5,N/A
"April 29, 2017",Oklahoma,"Oklahoma City (Moore)","900 block of N Southminster St",1,0,N/A
"April 29, 2017",California,"Los Angeles","9500 block of South Avalon Boulevard",2,0,N/A
"April 29, 2017",Missouri,"Saint Louis","4700 block of Cote Brilliante Ave",1,0,N/A
"April 29, 2017","New Jersey","Jersey City","Ocean Ave",1,0,N/A
"April 29, 2017",Alaska,Barrow,"6551 Transit St",1,0,N/A
"April 29, 2017","New Jersey","Jersey City","Dwight Street",1,0,N/A
"April 29, 2017",Maryland,Baltimore,"700 block of N. Rose Street",1,0,N/A
"April 29, 2017",Georgia,Savannah,"Montgomery Street and 57th Street",1,0,N/A
"April 29, 2017",California,"West Sacramento","1800 Merkley Ave",1,0,N/A
"April 29, 2017",California,Bakersfield,"Planz Rd and Stine Rd",1,0,N/A
"April 29, 2017",Alabama,Mobile,"Octavia Drive and Vermilion Drive",1,0,N/A
"April 29, 2017","New Mexico","Santa Fe","12 Chaparral Drive",1,0,N/A
"April 29, 2017",Virginia,Alexandria,"5700 block of General Washington Dr",1,0,N/A
"April 29, 2017",Ohio,Cleveland,"E 131st St and Caine Ave",1,0,N/A
"April 29, 2017",Mississippi,"Holly Springs","W College Ave and McKinney St",1,0,N/A
"April 28, 2017",Maryland,Baltimore,"200 block of East Street",1,0,N/A
"April 28, 2017",Georgia,Decatur,"3537 Memorial Dr",1,0,N/A
"April 28, 2017",Kentucky,Louisville,"3100 block of River Park Drive",1,0,N/A
"April 28, 2017",Idaho,Nampa,"4100 block of Bear Valley Drive",1,0,N/A
"April 28, 2017",Colorado,Aurora,"9500 block of E 14th Ave",1,1,N/A
"April 28, 2017",California,Hawthorne,"14100 block of S Prairie Ave",1,0,N/A
"April 28, 2017",Louisiana,"New Orleans","Lake Forest Blvd and Michoud Blvd",1,0,N/A
"April 28, 2017",California,"Diamond Springs","100 block of Argonaut Dr",1,0,N/A
"April 28, 2017",Nevada,"Las Vegas","3301 Civic Center Dr",1,1,N/A
"April 28, 2017",California,Carlsbad,"2500 block of El Camino Real",1,0,N/A
"April 28, 2017",Illinois,Chicago,"4300 block of West Altgeld",1,0,N/A
"April 28, 2017","New Mexico",Albuquerque,"Zuni Rd SE and Pennsylvania St SE",1,0,N/A
"April 28, 2017",Michigan,"Benton Harbor",N/A,1,0,N/A
"April 28, 2017",Indiana,Indianapolis,"E 32nd St and N Tacoma Ave",1,0,N/A
"April 28, 2017",California,"San Mateo","Highway 101  and CA 92",1,0,N/A
"April 28, 2017",California,Merced,"3300 block of San Mateo Ct",1,0,N/A
"April 28, 2017",Oregon,"Corvallis (Adair Village)","Adair Frontage Rd",1,0,N/A
"April 28, 2017",Illinois,"University Park","500 block of Hickok Ave",1,0,N/A
"April 28, 2017","New Jersey",Newark,"200 block of N 9th St",1,0,N/A
"April 28, 2017",Florida,Jacksonville,"1700 Block of Dot St",1,0,N/A
"April 28, 2017",Maryland,Lusby,"Rawhide Rd",1,0,N/A
"April 28, 2017",Illinois,Chicago,"200 block of South Kilpatrick Av",1,0,N/A
"April 28, 2017",Georgia,Augusta,"1014 11th Ave",1,2,N/A
"April 28, 2017","District of Columbia",Washington,"3500 block of Stanton Road SE",1,1,N/A
"April 28, 2017",Maine,Gardiner,"Gary's Drive",1,0,N/A
"April 28, 2017",Missouri,"Saint Louis","3200 block of Oregon Ave",1,0,N/A
"April 28, 2017",Illinois,Chicago,"600 block of North Lorel Av",1,0,N/A
"April 28, 2017",Illinois,Chicago,"200 block of West 98th Pl",1,1,N/A
"April 28, 2017",Florida,"West Palm Beach","1400 block of Tamarind Ave",1,1,N/A
"April 28, 2017","New York",Brooklyn,"Scholes St.",1,1,N/A
"April 28, 2017",Alabama,Birmingham,"100 block of 5th Avenue SW",1,0,N/A
"April 28, 2017","New York",Bronx,"Hollers Ave",1,0,N/A
"April 28, 2017",Georgia,Carrollton,"Andrea Lane",1,0,N/A
"April 28, 2017",Oklahoma,Tulsa,"2106 N Sheridan Rd",1,0,N/A
"April 28, 2017",Texas,Dallas,"1800 block of Kingsley Drive",1,0,N/A
"April 28, 2017",Tennessee,Clinton,"150 Tanner Ln",1,0,N/A
"April 28, 2017",Utah,"Heber City","200 S Main St",1,0,N/A
"April 27, 2017",Florida,Tampa,"2309 E Lake Ave",1,0,N/A
"April 27, 2017",Pennsylvania,Philadelphia,"1300 block of Seltzer St",1,0,N/A
"April 27, 2017",Arkansas,"Pine Bluff","2123 block of S Blake Street",2,0,N/A
"April 27, 2017",California,"Walnut Creek","1900 block of First Avenue",1,0,N/A
"April 27, 2017",California,"Los Angeles","2900 block of Crenshaw Blvd",1,0,N/A
"April 27, 2017",Arkansas,"Little Rock","1805 Park Lane",1,1,N/A
"April 27, 2017",Ohio,Columbus,"E Barthman Ave and S 8th St",1,0,N/A
"April 27, 2017",Wisconsin,Sheboygan,"N3100 block of Leynse Rd",2,0,N/A
"April 27, 2017",Illinois,Chicago,"8400 block of S Paxton",1,0,N/A
"April 27, 2017","New Jersey",Newark,"1100 block of S Orange Ave",1,3,N/A
"April 27, 2017",Minnesota,"Minneapolis (Bloomington)","10660 Hampshire Ave S",1,0,N/A
"April 27, 2017",Missouri,Canton,N/A,1,0,N/A
"April 27, 2017","New York",Mahopac,"Coventry Cir",1,0,N/A
"April 27, 2017",Louisiana,Shreveport,"Babylon Street",1,0,N/A
"April 27, 2017",Illinois,Danville,"1600 block of E Fairchild",1,0,N/A
"April 27, 2017",Tennessee,Memphis,"Tillman St and Coleman Ave",1,0,N/A
"April 27, 2017",Colorado,Denver,"E 16th Ave and Uinta St",1,0,N/A
"April 27, 2017","District of Columbia",Washington,"2300 block of Ainger Place SE",1,0,N/A
"April 27, 2017",Florida,Marianna,"5000 Block of Old U.S. Rd",1,0,N/A
"April 27, 2017",Florida,"Saint Augustine","4300 Block of Carter Rd",2,0,N/A
"April 27, 2017","South Carolina",Anderson,"Level Land Road and Wright School Road",1,0,N/A
"April 27, 2017","North Carolina",Greensboro,N/A,1,0,N/A
"April 27, 2017",Massachusetts,Boston,"55 Cedar St",1,0,N/A
"April 27, 2017","New Mexico",Gallup,"1650 W Maloney Ave",2,0,N/A
"April 27, 2017",California,Riverside,"4th and Lime St",1,0,N/A
"April 27, 2017",Massachusetts,Springfield,"Edgewood St and Bay St",1,0,N/A
"April 27, 2017",Florida,Greenacres,"4750 Bowman Rd",2,0,N/A
"April 27, 2017",Texas,Dallas,"3722 Golden Hills Drive",1,0,N/A
"April 27, 2017",Louisiana,Shreveport,"900 block of Ascalon Street",1,0,N/A
"April 27, 2017",Kentucky,Owensboro,"3100 block of Harness Loop",2,0,N/A
"April 27, 2017",Alabama,Atmore,"1900 block of Martin Luther King Jr. Drive",1,0,N/A
"April 27, 2017",Washington,"Brush Prairie","15308 NE 172nd Ave",1,0,N/A
"April 27, 2017",California,Fairfield,"1712 West Texas Street",1,0,N/A
"April 27, 2017","South Dakota","Rapid City","1751 Harmony Heights Ln",1,0,N/A
"April 27, 2017",California,Tulare,"1600 block of W Santa Barbara St",1,1,N/A
"April 26, 2017","North Carolina",Farmville,"2522 Augustus Street",1,0,N/A
"April 26, 2017",Arkansas,"Little Rock","6115 W. Markham St",1,2,N/A
"April 26, 2017",Wisconsin,Madison,"W Gorham St",1,0,N/A
"April 26, 2017",Texas,"Fort Worth","3204 N Terry St",2,0,N/A
"April 26, 2017",Florida,"Land O Lakes (Land O' Lakes)","Hanson Rd",1,0,N/A
"April 26, 2017","South Carolina",Lancaster,"600 block of W Meeting Street",1,0,N/A
"April 26, 2017",Virginia,Norfolk,"300 block of Olney Road",1,1,N/A
"April 26, 2017",Ohio,"Marion (county)","2407 Pleasant Hill Road",1,0,N/A
"April 26, 2017",California,"Apple Valley","22300 block of Hurons Ave",1,0,N/A
"April 26, 2017",Pennsylvania,Morrisville,"500 Block of Carlisle Dr",1,1,N/A
"April 26, 2017",Florida,Miami,"7020 Northwest Fifth Place",1,0,N/A
"April 26, 2017",Delaware,Wilmington,"900 block of Kirkwood Highway",1,0,N/A
"April 26, 2017",Nevada,Reno,"800 Redfield Pkwy",1,1,N/A
"April 26, 2017",Delaware,Bear,"1693 Pulaski Hwy",2,0,N/A
"April 26, 2017",Georgia,Commerce,"800 Steven B Tanger Blvd",1,3,N/A
"April 26, 2017",Florida,Jacksonville,"300 Block of E 19th St",1,0,N/A
"April 26, 2017",Ohio,Columbus,"1509 Lockbourne Rd",1,0,N/A
"April 26, 2017",Illinois,Maywood,"Oak St and S 14th Av",1,0,N/A
"April 26, 2017",Colorado,"Aurora (Centennial)","5900 block of S Cherrywood Cir",2,0,N/A
"April 26, 2017",Pennsylvania,Lewistown,"2 Oakland Ave",1,0,N/A
"April 26, 2017",Arkansas,"West Memphis","2315 E Service Rd",1,0,N/A
"April 26, 2017",Arizona,Phoenix,"3502 W Greenway Rd",2,0,N/A
"April 26, 2017",Kentucky,Louisville,"4133 W. Broadway",1,0,N/A
"April 26, 2017",Indiana,Salem,"SR 60 and Salem Bypass",1,1,N/A
"April 26, 2017",Georgia,Augusta,"2200 block of Sullivan Rd",1,0,N/A
"April 26, 2017",Georgia,Jefferson,I-85,1,0,N/A
"April 26, 2017",Georgia,Atlanta,"Simpson Terrace NW and Joseph E Boone Blvd NW",1,0,N/A
"April 26, 2017",Missouri,"Saint Louis","4500 block of Rosewood St",3,0,N/A
"April 26, 2017",Washington,"Seattle (Des Moines)",N/A,1,0,N/A
"April 26, 2017","South Carolina",Summerville,"Regency Oaks Drive",1,0,N/A
"April 26, 2017","New Jersey",Paramus,"216 Forest Ave",1,0,N/A
"April 26, 2017",Ohio,Cincinnati,"800 block of Findlay St",1,0,N/A
"April 26, 2017","North Carolina",Charlotte,"4200 block of Welling Avenue",1,0,N/A
"April 26, 2017",Georgia,"Stone Mountain","Hariston Road",1,0,N/A
"April 26, 2017",Texas,"San Antonio","200 block of WW White Rd",1,0,N/A
"April 26, 2017",Texas,Dallas,"6910 South Cockrell Hill Road",1,0,N/A
"April 26, 2017",Nevada,"Las Vegas","5100 O’Bannon Drive",1,1,N/A
"April 25, 2017",Indiana,"South Bend","5200 block of Windfall Court",1,0,N/A
"April 25, 2017",Texas,"Fort Worth","4900 block of E Lancaster Ave",1,0,N/A
"April 25, 2017",Illinois,Charleston,"1061 7th St",1,1,N/A
"April 25, 2017",Indiana,Newburgh,"6611 CR 475 W",1,0,N/A
"April 25, 2017",Arizona,Tucson,"2200 block of W Oregon",1,0,N/A
"April 25, 2017",Virginia,Suffolk,"1161 Nansemond Pkwy",1,0,N/A
"April 25, 2017",Pennsylvania,Harrisburg,"3rd St and Muench St",1,0,N/A
"April 25, 2017",Texas,Lufkin,"2600 block of Lightfoot Rd",1,0,N/A
"April 25, 2017","North Carolina",Wilmington,"5200 block of Woods Edge Rd",1,1,N/A
"April 25, 2017",Indiana,"Fort Wayne","4033 Robinwood Dr",1,0,N/A
"April 25, 2017",Ohio,Warren,"1006 Harvard Dr SE",1,0,N/A
"April 25, 2017",Illinois,Springfield,"Enos Ave and Hill St",1,0,N/A
"April 25, 2017",Arizona,Phoenix,"E Bell Rd and N 26th St",1,0,N/A
"April 25, 2017",Louisiana,Lafayette,"400 block of E Pinhook Rd",1,0,N/A
"April 25, 2017",Pennsylvania,Johnstown,"1005 Aspen Woods Ln",2,0,N/A
"April 25, 2017","New Jersey",Newark,"S Orange Ave and S 20th St",1,0,N/A
"April 25, 2017",Georgia,"Houston (county)",N/A,0,0,N/A
"April 25, 2017","North Carolina","Davidson (county)","170 Antelope Drive",1,0,N/A
"April 25, 2017",California,Bellflower,"10326 Foster Rd",1,0,N/A
"April 25, 2017",California,"Los Angeles","99th St and Budlong Ave",1,1,N/A
"April 25, 2017",California,Norwalk,"14400 block of Dinard Ave",1,0,N/A
"April 25, 2017",California,Visalia,"1800 block of S Encina St",1,1,N/A
"April 25, 2017",Colorado,Greeley,"3000 block of W 29th St",1,0,N/A
"April 25, 2017",Florida,Orlando,"1430 Mercy Dr",1,0,N/A
"April 25, 2017",Georgia,Atlanta,"Noland Street and Grant Street",2,0,N/A
"April 25, 2017",Mississippi,Jackson,"Marion Dunbar Street",1,1,N/A
"April 25, 2017",Pennsylvania,Mckeesport,"1300 Block of Ridge St",1,0,N/A
"April 25, 2017",Washington,Lakewood,N/A,1,0,N/A
"April 25, 2017",Delaware,Wilmington,"900 block of Maryland Avenue",1,0,N/A
"April 25, 2017",Alabama,Robertsdale,"25000 Block of Ponderosa Farm Dr",1,0,N/A
"April 25, 2017",Illinois,Chicago,"1400 block of West Jonquil",1,0,N/A
"April 25, 2017",Georgia,Lizella,"2700 block of Moncrief Road",1,0,N/A
"April 25, 2017",Florida,"Homestead (Florida City)","421 NW 167th St",1,0,N/A
"April 25, 2017",Ohio,Cincinnati,"1197 W Galbraith Rd",1,0,N/A
"April 25, 2017","North Carolina",Jacksonville,"Delaney Drive",1,0,N/A
"April 25, 2017",Ohio,Mesopotamia,"Kinsman Rd",1,1,N/A
"April 24, 2017",Florida,Miami,"19745 SW 244th St",2,0,N/A
"April 24, 2017",Virginia,Woodbridge,"3500 block of Sherbrooke Circle",1,0,N/A
"April 24, 2017",Maryland,Baltimore,"2000 block of E. Federal Street",1,0,N/A
"April 24, 2017",Virginia,Norfolk,"1500 block of Wilson Rd",1,0,N/A
"April 24, 2017",Ohio,"Canal Winchester","Lowridge Dr",1,0,N/A
"April 24, 2017",California,"San Francisco","Missouri St and Watchman Way",1,0,N/A
"April 24, 2017",Tennessee,Memphis,"1360 Springbrook Ave",1,0,N/A
"April 24, 2017",Maryland,Baltimore,"Calvert and Lombard streets",1,0,N/A
"April 24, 2017",Tennessee,Dayton,"Walkertown Road",1,0,N/A
"April 24, 2017",Washington,Yakima,"Cornell Avenue and West King Street",1,0,N/A
"April 24, 2017",Missouri,"Saint Louis","509 Bates St",1,1,N/A
"April 24, 2017",Pennsylvania,Philadelphia,"4600 block of Westminster Ave",1,0,N/A
"April 24, 2017",Pennsylvania,Philadelphia,"E Penn St",1,0,N/A
"April 24, 2017",Indiana,"Fort Wayne","4939 Mount Vernon Park Dr",1,1,N/A
"April 24, 2017",Texas,Houston,"6902 N State Highway 6",1,2,N/A
"April 24, 2017",Texas,"San Antonio","3600 block of Nogalitos St",2,0,N/A
"April 24, 2017",Texas,Porter,"17000 block of Porter Lane",1,0,N/A
"April 24, 2017",Illinois,"Chicago (Calumet Park)","12600 block of S Laflin St",1,0,N/A
"April 24, 2017",Pennsylvania,Stewartstown,"254 Hollow Rd",1,0,N/A
"April 24, 2017",Florida,"Palm Beach Gardens (Riviera Beach)","1000 block of W 9th St",1,1,N/A
"April 24, 2017","North Carolina","Cumberland (county)","Farmers Road",1,0,N/A
"April 24, 2017","North Carolina",Fayetteville,"4800 block of Alamance Road",1,0,N/A
"April 24, 2017",Texas,Dallas,"8330 Lyndon B. Johnson Freeway",2,0,N/A
"April 24, 2017",California,Lakewood,"20600 block of Arline Ave",1,1,N/A
"April 24, 2017",Illinois,"Chicago (Englewood)","6900 block of South Honore St",1,1,N/A
"April 24, 2017",Illinois,Chicago,"2900 block of W Washington Blvd",1,0,N/A
"April 24, 2017",Illinois,Chicago,"6900 block of S Dorchester Av",1,0,N/A
"April 24, 2017",Missouri,"Saint Louis","3600 block of Cote Brilliante Ave",1,0,N/A
"April 24, 2017",Missouri,"Saint Louis","400 block of Kirkwall Dr",1,0,N/A
"April 24, 2017",Louisiana,"New Orleans","6700 block of Bundy Rd",1,0,N/A
"April 24, 2017",Georgia,Savannah,"1100 block of East 31st Street",3,0,N/A
"April 24, 2017",Texas,Killeen,"US 190 and Illinois Avenue",1,0,N/A
"April 24, 2017",Texas,Dallas,"4500 block of W Kiest Blvd",1,2,N/A
"April 24, 2017",Ohio,Columbus,"100 block of Belvidere Av",1,0,N/A
"April 24, 2017",Oregon,"Wolf Creek","397 Old Hwy 99",1,0,N/A
"April 24, 2017","New Mexico",Tijeras,"Juan Tomas Rd and Atkins Ave",1,0,N/A
"April 24, 2017",California,"Rio Dell","1400 block of Eeloa Ave",2,0,N/A
"April 24, 2017",Michigan,Warren,"Paige Ave",1,0,N/A
"April 24, 2017",Oklahoma,Drumright,"219 S Tucker Ave",1,0,N/A
"April 23, 2017","South Dakota","Pennington (county)","W Hwy 44 and Hwy 385",1,0,N/A
"April 23, 2017",Florida,Miami,"2500 Block of NW 97th St",1,2,N/A
"April 23, 2017",Arizona,Prescott,"900 block of Hope St",1,0,N/A
"April 23, 2017",Oregon,"Rogue River","9800 block of West Evans Creek Road",1,0,N/A
"April 23, 2017",Missouri,"Kansas City","3900 block of Denver",1,0,N/A
"April 23, 2017",Colorado,Monument,"19800 block of Alexandria Drive",1,0,N/A
"April 23, 2017",Pennsylvania,Philadelphia,"5700 block of McMahon Ave",1,0,N/A
"April 23, 2017",Pennsylvania,Philadelphia,"Hegerman St",1,0,N/A
"April 23, 2017",Kentucky,Louisville,"1700 block of Patton Court",1,0,N/A
"April 23, 2017","New Jersey",Camden,"1200 block of North 18th Street",1,0,N/A
"April 23, 2017",California,Stockton,"West Acacia Street and Buena Vista Avenue",1,0,N/A
"April 23, 2017",California,"Los Angeles","400 block of E. 116th Street",2,0,N/A
"April 23, 2017",Nevada,"North Las Vegas","Tropical Parkway and Lossee Rd",1,0,N/A
"April 23, 2017",Illinois,Chicago,"800 block of N Sacramento Ave",1,0,N/A
"April 23, 2017",California,Sacramento,"5900 block of 68th Street",2,0,N/A
"April 23, 2017","North Carolina",Fayetteville,N/A,1,0,N/A
"April 23, 2017","District of Columbia",Washington,"2900 block of M St SE",1,0,N/A
"April 23, 2017",California,Monrovia,"100 block of W Cypress Ave",1,1,N/A
"April 23, 2017",Missouri,Ballwin,"900 block of Parma Dr",2,0,N/A
"April 23, 2017",Kansas,Topeka,"1515 SW 15th St",1,1,N/A
"April 23, 2017",Louisiana,"Ville Platte",N/A,1,0,N/A
"April 23, 2017",Pennsylvania,York,"700 block of Greenbriar Rd",3,0,N/A
"April 23, 2017",Arizona,Tucson,"5180 E 22nd St",1,2,N/A
"April 23, 2017",Iowa,"Iowa City","518 S Capitol St",1,0,N/A
"April 23, 2017",Indiana,Bedford,"3302 W 16th St",1,0,N/A
"April 23, 2017",Missouri,"Saint Louis","5900 block of Ferris Ave",1,0,N/A
"April 23, 2017","South Carolina",Pageland,"Airport Road",1,0,N/A
"April 23, 2017",Illinois,"Chicago (Englewood)","200 block of West 61st Pl",1,0,N/A
"April 23, 2017",Florida,"Hollywood (Miramar)","7500 block of Venetian St",1,0,N/A
"April 23, 2017",Illinois,Chicago,"400 block of East Garfield",1,0,N/A
"April 23, 2017",Maryland,Baltimore,"300 block of South Calhoun Street",1,1,N/A
"April 23, 2017",Florida,"Orange Park","400 Block of Heron Nest Pt",1,2,N/A
"April 23, 2017","North Carolina",Dudley,"109 Arrowhead Rd",1,0,N/A
"April 23, 2017",Florida,Miami,"16000 NW 7th Ave",1,2,N/A
"April 23, 2017",Georgia,Jonesboro,"Lundy Lane and Kendrick Road",2,0,N/A
"April 23, 2017","Rhode Island","Central Falls","4 King St",1,0,N/A
"April 23, 2017",Mississippi,Vicksburg,"2004 Ford St",1,0,N/A
"April 23, 2017",Illinois,"Chicago (Roseland)","97th and Yale",1,1,N/A
"April 23, 2017",Texas,"San Antonio","27 NE Interstate 410 Loop",1,0,N/A
"April 23, 2017",Oklahoma,Norman,"1852 E Lindsey St",1,0,N/A
"April 23, 2017",Tennessee,Clarksville,"2500 block of Whitfield Blvd",1,1,N/A
"April 23, 2017",Massachusetts,Boston,"22 Thane St",1,1,N/A
"April 22, 2017",California,"Yuba City","730 Palora Ave.",1,1,N/A
"April 22, 2017",Washington,Renton,"11300 block of SE 179th St",1,1,N/A
"April 22, 2017",California,"San Jose","1041 The Alameda",1,2,N/A
"April 22, 2017","North Carolina",Wilson,"920 Carolina St",1,0,N/A
"April 22, 2017",Texas,Burleson,"205 SW Thomas St",1,1,N/A
"April 22, 2017",Virginia,"Newport News","600 block of Ridley Circle",1,0,N/A
"April 22, 2017",Virginia,"Virginia Beach","1100 block of Level Green Blvd",1,0,N/A
"April 22, 2017","New Mexico","Las Cruces","2250 W Picacho Ave",1,0,N/A
"April 22, 2017",Arizona,Phoenix,"15th Avenue and Van Buren Street",1,0,N/A
"April 22, 2017",Louisiana,"Baton Rouge","Wayne Dr and Winbourne Ave",1,0,N/A
"April 22, 2017","New York",Binghamton,"56 Orton Ave",1,0,N/A
"April 22, 2017",Louisiana,"New Iberia","600 block of S Hopkins St",1,0,N/A
"April 22, 2017",Kansas,"Kansas City","9th and Troup",2,0,N/A
"April 22, 2017","North Carolina",Waynesville,"Prevost Street",1,0,N/A
"April 22, 2017",Indiana,Portage,"5300 block of Royal Ave",1,0,N/A
"April 22, 2017","New York","Far Rockaway","701 Bay 32nd St",1,0,N/A
"April 22, 2017","West Virginia","Bluefield (Brush Fork)","1119 Packing Plant Rd",1,0,N/A
"April 22, 2017","New Jersey",Paterson,"Straight St and Montgomery St",1,1,N/A
"April 22, 2017",Michigan,Detroit,"15700 block of John C Lodge service Dr",1,0,N/A
"April 22, 2017",Alabama,Montgomery,"Westview Drive and Goodwyn Drive",2,0,N/A
"April 22, 2017",Georgia,Albany,"1600 block of Beverly Avenue",2,0,N/A
"April 22, 2017",Wyoming,Casper,"1233 E 2nd St",1,0,N/A
"April 22, 2017","New Jersey",Bridgeton,"Stewart Avenue and Buckshutem Road",1,0,N/A
"April 22, 2017",Arizona,Phoenix,"23rd Ave and Glendale Ave",1,1,N/A
"April 22, 2017",Arkansas,Jonesboro,"700 block of Marshall St",1,0,N/A
"April 22, 2017",Ohio,Hamilton,"5 Fall Wood Drive",1,0,N/A
"April 22, 2017",Illinois,Chicago,"2800 block of East 76th St",1,0,N/A
"April 22, 2017",Wisconsin,Milwaukee,"28th and Meinecke",1,0,N/A
"April 22, 2017",Ohio,Reynoldsburg,"596 Lancaster Av",1,0,N/A
"April 22, 2017",Georgia,Swainsboro,"502 Marion Street",1,1,N/A
"April 22, 2017",Alabama,"Birmingham (Midfield)","321 Woodward Road",2,0,N/A
"April 22, 2017",Oklahoma,"Oklahoma City (Midwest City)","NE 15th St and N Douglas Blvd",1,0,N/A
"April 22, 2017",Florida,"Saint Petersburg","14th Ave S and 12th St S",1,0,N/A
"April 22, 2017",Texas,"Fort Worth (Edgecliff Village)","Cliffside Dr",1,0,N/A
"April 22, 2017",California,Hayward,"27020 Fielding Dr",1,0,N/A
"April 21, 2017",Iowa,"Des Moines","3523 University Avenue",1,0,N/A
"April 21, 2017",Texas,Arlington,"6000 block of Flyers Ln",1,0,N/A
"April 21, 2017",Oklahoma,Wagoner,"914 NW 3rd St",1,0,N/A
"April 21, 2017",Florida,"Panama City","1722 W 17th St",1,0,N/A
"April 21, 2017",Georgia,Atlanta,"1974 Sylvan Rd",1,0,N/A
"April 21, 2017",Ohio,"East Canton","7487 Hill Church St SE",2,0,N/A
"April 21, 2017",Massachusetts,Boston,"180 Ruggles St",1,0,N/A
"April 21, 2017",Florida,Miami,"NW 27th Ave and NW 93rd St",1,0,N/A
"April 21, 2017",Tennessee,Nashville,"200 block of Shelby Ave",1,0,N/A
"April 21, 2017",California,Ivanhoe,"Road 159 and Ave 330",1,0,N/A
"April 21, 2017",Colorado,Denver,"5300 block of W Evans Ave",1,0,N/A
"April 21, 2017",Ohio,Akron,"600 block of Fulmer Ave",1,0,N/A
"April 21, 2017",Virginia,Hampton,"400 block of Catalpa Ave",1,0,N/A
"April 21, 2017",Texas,"Fort Worth (River Oaks)","5100 block of Penrod Ct",1,0,N/A
"April 21, 2017",Maryland,Salisbury,"900 block of Booth St",1,0,N/A
"April 21, 2017",Texas,Houston,"Piava Dr",1,0,N/A
"April 21, 2017",California,"Long Beach","5950 Long Beach Blvd",1,0,N/A
"April 21, 2017",Tennessee,Memphis,"South Parkway and Florida St",1,1,N/A
"April 21, 2017",Texas,"Corpus Christi","2402 S Padre Island Dr",1,0,N/A
"April 21, 2017",Illinois,"Oak Brook",I-88,1,0,N/A
"April 21, 2017",Florida,"Palm Bay","2500 block of Vernon Dr",2,2,N/A
"April 21, 2017",Florida,Hawthorne,"7815 US 301",1,0,N/A
"April 21, 2017",Indiana,Gary,"200 block of Ellsworth St",1,0,N/A
"April 21, 2017",Oregon,"West Linn","2100 block of Long",1,0,N/A
"April 21, 2017",Florida,"West Palm Beach","704 S. Military Trail",1,0,N/A
"April 21, 2017",Illinois,Chicago,"6500 block of S Martin Luther King Dr",1,1,N/A
"April 21, 2017",Louisiana,"New Orleans","Dryades St",1,5,N/A
"April 21, 2017",Illinois,"Chicago (Englewood)","5900 block of South Paulina",1,0,N/A
"April 21, 2017",Georgia,Dalton,"1502 E Morris St",1,0,N/A
"April 21, 2017","New Jersey",Newark,"335 Mulberry St",1,0,N/A
"April 21, 2017","South Carolina",Orangeburg,"Jamison Ave",1,0,N/A
"April 20, 2017","North Carolina",Greensboro,"3100 block of Utah Pl",1,0,N/A
"April 20, 2017",Connecticut,Bridgeport,"Bank St",1,0,N/A
"April 20, 2017",Texas,"Texas City","1200 block of Appomattox Dr",1,0,N/A
"April 20, 2017","North Carolina",Greensboro,"410 S Benbow St",1,0,N/A
"April 20, 2017",Michigan,"West Branch",N/A,1,0,N/A
"April 20, 2017",Texas,"El Paso","5400 block of Suncrest Dr",1,0,N/A
"April 20, 2017",Texas,Dallas,"4800 Leston Ave",1,0,N/A
"April 20, 2017",Maryland,"Pocomoke City","100-block of Fourth Street",1,0,N/A
"April 20, 2017",Texas,"San Antonio","200 block of W High Ave",1,0,N/A
"April 20, 2017",Minnesota,"Minneapolis (Columbia Heights)","1000 block of 41st Ave NE",1,0,N/A
"April 20, 2017",Mississippi,Saucier,"17000 block of Pine Bark Ln",1,0,N/A
"April 20, 2017",Washington,Longview,N/A,2,0,N/A
"April 20, 2017","North Carolina",Greensboro,N/A,1,0,N/A
"April 20, 2017",Kentucky,"Oak Grove","212 Auburn St",1,1,N/A
"April 20, 2017","New Jersey",Newark,"Mulberry St",1,0,N/A
"April 20, 2017",Virginia,Hampton,"1100 block of Quash St",1,0,N/A
"April 20, 2017",Missouri,"Saint Louis","4600 block of Cottage Ave",1,0,N/A
"April 20, 2017",Missouri,"Saint Louis","5900 block of Minerva Ave",3,0,N/A
"April 20, 2017",Kentucky,Lawrenceburg,"Enterprise Road",1,0,N/A
"April 20, 2017","South Carolina",Hardeeville,"Sanders Road",1,2,N/A
"April 20, 2017",Tennessee,Memphis,"Vaal Ave and Kansas St",1,0,N/A
"April 20, 2017",Virginia,Norfolk,"800 block of Bagnall Rd",1,0,N/A
"April 20, 2017",Florida,"Lehigh Acres","2715 4th St SW",3,0,N/A
"April 20, 2017",Tennessee,Nashville,"3101 Clarksville Pike",1,2,N/A
"April 20, 2017",Tennessee,Knoxville,"1211 Trigg St SE",1,0,N/A
"April 20, 2017","North Carolina","Spring Lake","Gordon Ln",1,0,N/A
"April 20, 2017",Florida,Jacksonville,"5500 block of Amazon Ave",1,0,N/A
"April 20, 2017",Maryland,Baltimore,"5000 block of Palmer Avenue",1,0,N/A
"April 20, 2017",Georgia,"Port Wentworth","Oak Grove Court",1,0,N/A
"April 20, 2017",Indiana,Indianapolis,"1600 block of Villa Av",2,0,N/A
"April 20, 2017",Oklahoma,Edmond,"S Douglas Blvd",1,0,N/A
"April 20, 2017",Texas,"San Antonio","200 block of N Zarzamora St",1,0,N/A
"April 20, 2017",Louisiana,"New Iberia","5100 block of Jeanerette Rd",1,0,N/A
"April 20, 2017",Pennsylvania,Mckeesport,"Grandview Ave",2,0,N/A
"April 20, 2017",Nebraska,"Omaha (Benson)","4314 N 65th St",1,0,N/A
"April 20, 2017",Arizona,Glendale,"5200 block of W Northern Ave",2,0,N/A
"April 20, 2017",Washington,Seattle,"909 1st Ave",1,3,N/A
"April 19, 2017",Pennsylvania,Philadelphia,"400 block of W Clearfield St",1,0,N/A
"April 19, 2017",Kansas,"Kansas City","911 Kansas Ave",1,0,N/A
"April 19, 2017",Texas,"Fort Worth","6600 block of Will Rogers Blvd",1,0,N/A
"April 19, 2017",Virginia,Norfolk,"9500 block of 19th Bay St",1,0,N/A
"April 19, 2017",Louisiana,"Baton Rouge","7174 Airline Highway",1,0,N/A
"April 19, 2017",Florida,Miami,"SW 27th Ln and SW 37th Ave",1,0,N/A
"April 19, 2017",Louisiana,"Baton Rouge","3225 Plank Rd",1,0,N/A
"April 19, 2017",Texas,Freeport,"1200 W 8th St",1,0,N/A
"April 19, 2017",Ohio,Akron,"700 block of Pine Knolls Dr",1,0,N/A
"April 19, 2017",Alaska,Anchorage,"5600 block of Lake Otis Pkwy",1,1,N/A
"April 19, 2017",Missouri,"Saint Louis","10500 block of Druid Dr",2,0,N/A
"April 19, 2017",California,"Los Angeles","7600 block of S San Pedro St",1,0,N/A
"April 19, 2017",California,"Los Angeles","2900 block of Stocker Plaza",1,0,N/A
"April 19, 2017",Michigan,Saginaw,"200 block of S Mason",1,0,N/A
"April 19, 2017",California,"Long Beach","5th Street and Cherry Avenue",1,0,N/A
"April 19, 2017",Georgia,Columbus,"2400 block Cusseta Road",1,0,N/A
"April 19, 2017",Oregon,"Wolf Creek","Placer Rd",1,0,N/A
"April 19, 2017","South Carolina",Varnville,"1105 Stanley Loop Road",1,1,N/A
"April 19, 2017",California,"Long Beach","500 block of Cherry Ave",1,0,N/A
"April 19, 2017",Mississippi,Lucedale,"TLC Lane",1,0,N/A
"April 19, 2017",Georgia,Atlanta,"Connell Avenue",1,0,N/A
"April 19, 2017",Illinois,Chicago,"W I-90/94 and Exit 53A",1,1,N/A
"April 19, 2017",Texas,Euless,"700 block of Henslee Dr",1,0,N/A
"April 19, 2017",Texas,"El Paso","Carlyle Place",1,0,N/A
"April 19, 2017",Delaware,Wilmington,"602 Philadelphia Pk",1,0,N/A
"April 18, 2017",Oklahoma,Lawton,"SW 5th and I Ave",1,0,N/A
"April 18, 2017","West Virginia",Franklin,N/A,1,0,N/A
"April 18, 2017",Mississippi,Jackson,"1600 block of Jones Ave",1,1,N/A
"April 18, 2017",Florida,"Orlando (Edgewood)","4600 block of Martinez Dr",1,0,N/A
"April 18, 2017",Tennessee,Martin,"Lester Lane",1,0,N/A
"April 18, 2017",California,Fresno,"149 N Fulton St",3,0,N/A
"April 18, 2017","North Carolina",Wilmington,"100 block of Gores Row",1,0,N/A
"April 18, 2017",Illinois,"Chicago (Roseland)","10700 block of South Indiana",1,0,N/A
"April 18, 2017",Illinois,Chicago,"5100 block of South Halsted",2,0,N/A
"April 18, 2017",Oklahoma,Mulhall,"I-35 and Mulhall Rd",1,0,N/A
"April 18, 2017",Minnesota,"Red Wing","400 block of Sanderson St",1,0,N/A
"April 18, 2017",Ohio,Cincinnati,"5300 block of East Knoll Court",1,1,N/A
"April 18, 2017",Washington,Kent,"1513 W Meeker St",1,1,N/A
"April 18, 2017",California,"Los Angeles (Hollywood)","8700 block of Rosewood Ave",2,0,N/A
"April 18, 2017",Michigan,Romulus,"36431 Goddard",1,0,N/A
"April 18, 2017",California,"El Monte","11400 block of Montecito Dr",1,0,N/A
"April 18, 2017",California,"Hacienda Heights","800 block of Jarrow Ave",1,0,N/A
"April 18, 2017",Louisiana,Gonzales,"Country Dr",1,0,N/A
"April 18, 2017",Ohio,Cincinnati,"Vine and Elder street",1,1,N/A
"April 18, 2017",Louisiana,Houma,"Larry St",1,1,N/A
"April 18, 2017",Maryland,Baltimore,"3000 block of Presstman Street",1,0,N/A
"April 18, 2017",Missouri,"Saint Louis","2100 block of Adelaide Ave",1,0,N/A
"April 18, 2017",Kentucky,"California (Mentor)","11600 block of Mary Ingles Hwy",1,0,N/A
"April 18, 2017",Mississippi,Jackson,"Ventura St and Catalina Dr",1,0,N/A
"April 18, 2017",Louisiana,"New Orleans","2240 Athis St",1,2,N/A
"April 18, 2017",Ohio,Columbus,"1300 block of E Kossuth St",1,0,N/A
"April 18, 2017",Florida,"Miami Gardens","15740 NW 17th Pl",1,1,N/A
"April 17, 2017",Pennsylvania,Norristown,"Oak St and Swede St",1,0,N/A
"April 17, 2017","District of Columbia",Washington,"2200 block of Mount View Pl",1,0,N/A
"April 17, 2017",Minnesota,"Saint Paul","Fuller Ave and St Albans St",1,0,N/A
"April 17, 2017",Oregon,Alsea,N/A,1,0,N/A
"April 17, 2017",Virginia,Manassas,"9007 Centreville Rd",1,0,N/A
"April 17, 2017",Oklahoma,"Seminole (county)",N/A,1,0,N/A
"April 17, 2017",Arizona,Tucson,"3500 block of W Amber Terrace",1,1,N/A
"April 17, 2017",Tennessee,Chattanooga,"3100 block of 7th Ave",1,0,N/A
"April 17, 2017",Florida,Jacksonville,"11808 Fayal Dr",1,0,N/A
"April 17, 2017",Florida,Pensacola,"700 block of Old Corry Field Rd",1,0,N/A
"April 17, 2017",Illinois,Chicago,"7000 block of South Chappel Av",1,1,N/A
"April 17, 2017",Texas,Houston,"12210 Kindred Street",2,1,N/A
"April 17, 2017",Pennsylvania,Philadelphia,"E Clementine St",1,0,N/A
"April 17, 2017",Pennsylvania,Philadelphia,"6204 Woodland Ave",1,0,N/A
"April 17, 2017",Texas,Lampasas,"700 block of W Ave C",1,0,N/A
"April 17, 2017",Mississippi,Indianola,"Galaxie Rd",1,1,N/A
"April 17, 2017",Ohio,Cincinnati,"Wade and Linn",1,0,N/A
"April 17, 2017","South Carolina",Westminster,"Welcome Church Road",1,0,N/A
"April 17, 2017",Ohio,Columbus,"800 block of Wedgewood Dr",2,1,N/A
"April 17, 2017",Alabama,Tuscaloosa,"3500 block of Hargrove Road",1,1,N/A
"April 17, 2017",Alabama,"Rainbow City","3030 Rainbow Dr",1,0,N/A
"April 17, 2017","North Carolina",Lexington,"51 Jamaica Drive",1,0,N/A
"April 17, 2017","North Carolina",Claremont,"Hamlett Drive",1,0,N/A
"April 17, 2017",Maryland,Eden,"Flower Hill Church Rd",1,0,N/A
"April 17, 2017",Illinois,Chicago,"200 block of West Garfield Boulevard",1,0,N/A
"April 17, 2017","New York",Rochester,"269 Central Ave",1,0,N/A
"April 17, 2017",Mississippi,Corinth,"Glover Drive",1,0,N/A