"Incident Date",State,"City Or County",Address,"# Killed","# Injured",Operations
"January 31, 2017",Texas,Dallas,N/A,1,0,N/A
"January 31, 2017",Kentucky,Louisville,"500 block of Southwestern Pkwy",1,0,N/A
"January 31, 2017",Alabama,Birmingham,"7500 block of 64th Court South",1,0,N/A
"January 31, 2017","North Carolina",Dallas,"E Carpenter Street and S Davis Street",1,0,N/A
"January 31, 2017",Texas,"San Antonio","6800 block of Pecan Valley Dr",1,0,N/A
"January 31, 2017",Virginia,"Madison Heights","100 block of Old Wright Shop Road",1,0,N/A
"January 31, 2017","New Jersey",Newark,"Verona Ave",1,0,N/A
"January 31, 2017",Colorado,Denver,"16th and Wynkoop",1,0,N/A
"January 31, 2017",Tennessee,Memphis,"Cimmaron Drive",1,0,N/A
"January 31, 2017",Wisconsin,Milwaukee,"700 block of S 12th St",1,0,N/A
"January 31, 2017",Ohio,Dayton,"200 block of Basswood Dr",1,0,N/A
"January 31, 2017",Arizona,Mammoth,"400 block of S Main St",2,0,N/A
"January 31, 2017",Florida,Milton,"6436 US 90",2,0,N/A
"January 31, 2017",Michigan,Saginaw,"600 block of S Mason St",1,0,N/A
"January 31, 2017",California,"Los Angeles (Hollywood)","6407 W Sunset Blvd",1,0,N/A
"January 31, 2017",Texas,"El Paso","1404 Wyoming Ave",1,1,N/A
"January 31, 2017",California,"San Jose","1900 block of Tully Rd",1,0,N/A
"January 31, 2017",Nebraska,Omaha,"14122 Manderson Plaza",1,0,N/A
"January 31, 2017","New Jersey","East Orange","200 block of North Arlington Avenue",1,0,N/A
"January 31, 2017",Illinois,Chicago,"4500 block of South Prairie",1,0,N/A
"January 31, 2017",Illinois,"Chicago (Burnham)","14100 block of Saginaw Av",1,0,N/A
"January 31, 2017",California,"Los Angeles","900 block of W 74th St",2,0,N/A
"January 31, 2017","New Mexico","Las Cruces","1404 Wyoming Ave",1,2,N/A
"January 31, 2017",Maryland,Baltimore,"Parkside Gardens",1,0,N/A
"January 31, 2017",Missouri,"Saint Louis","6200 block of Laura Ave",1,0,N/A
"January 31, 2017",Indiana,"Greene (county)",N/A,1,0,N/A
"January 31, 2017",Florida,Tampa,"N 18th St and E 24th Ave",1,0,N/A
"January 31, 2017",Alabama,Birmingham,"3200 block of Cedar Ave",1,0,N/A
"January 31, 2017",Florida,Miami,"10633 NW 6th Ave",1,0,N/A
"January 31, 2017",Alaska,Bethel,"1000 block of Ridgecrest Dr",1,0,N/A
"January 31, 2017",Louisiana,"New Orleans","3300 block of Huntlee Dr",2,0,N/A
"January 31, 2017",Texas,Houston,"4655 Wild Indigo Street",1,1,N/A
"January 31, 2017",Ohio,Columbus,"2600 block of Wicklow Rd",1,0,N/A
"January 31, 2017",Pennsylvania,Philadelphia,"4800 block of Tackawanna St",1,0,N/A
"January 31, 2017",California,Irvine,"14972 Crystal Circle",2,0,N/A
"January 31, 2017",Louisiana,"New Orleans","7100 block of W Laverne St",1,1,N/A
"January 31, 2017",Arizona,Phoenix,"16001 N 25th St",1,0,N/A
"January 31, 2017",Georgia,"Warner Robins","603 Watson Boulevard",1,0,N/A
"January 31, 2017",Tennessee,Humboldt,"900 block of N 13th Ave",1,0,N/A
"January 30, 2017",Tennessee,Memphis,"Danville Rd",1,0,N/A
"January 30, 2017",Alabama,"Mount Vernon","Marion Dr",1,1,N/A
"January 30, 2017",Florida,"Lehigh Acres","1107 Adeline Ave",1,0,N/A
"January 30, 2017","New York",Brooklyn,"1625 Fulton St",1,0,N/A
"January 30, 2017",Indiana,Indianapolis,"30th and Mitthoefer Rd",1,0,N/A
"January 30, 2017","New York","Central Islip","133 Caleb's Path",1,1,N/A
"January 30, 2017","North Carolina","Black Mountain","Cement Road",2,0,N/A
"January 30, 2017",Florida,Greenacres,"6200 block of Adriatic Way",1,0,N/A
"January 30, 2017",Florida,"Lake Worth","1 Ricks Dr",1,0,N/A
"January 30, 2017",Texas,"Fort Worth","4200 block of Wilhelm St",1,0,N/A
"January 30, 2017",Indiana,Indianapolis,"3021 West 16th Street",1,0,N/A
"January 30, 2017",Illinois,Decatur,"Center and Huron",1,0,N/A
"January 30, 2017","North Carolina",Kinston,"400 block of South Tiffany Street",1,0,N/A
"January 30, 2017",Alabama,Montgomery,"1800 block of Cairnbrook Drive",1,0,N/A
"January 30, 2017",Texas,Dallas,"8565 Park Ln",2,0,N/A
"January 30, 2017",California,Fresno,"N 1st St and E Clinton Ave",1,0,N/A
"January 30, 2017",Connecticut,Hartford,"114 Ashley Street",1,0,N/A
"January 30, 2017",Kentucky,Louisville,"1500 block of Wilson Avenue",1,0,N/A
"January 30, 2017",Alabama,"Birmingham (Tarrant)","Prosch Ave and Cambron St",1,0,N/A
"January 30, 2017","New York","Staten Island","57 Tanglewood Drive",1,0,N/A
"January 30, 2017",Maryland,Baltimore,"1500 block of Pennsylvania Ave",1,0,N/A
"January 30, 2017","New Jersey",Trenton,"549 Brunswick Ave",1,0,N/A
"January 30, 2017",Oklahoma,Kiowa,"798 Garfield Ave",1,0,N/A
"January 30, 2017",Arkansas,Marianna,N/A,1,0,N/A
"January 30, 2017",Texas,Houston,"Imperial Valley Dr and E Airtex Dr",1,0,N/A
"January 30, 2017","North Carolina",Bolton,"22000 block of US 74",1,0,N/A
"January 30, 2017",Kentucky,"Mc Kee",Cr-1510,1,0,N/A
"January 30, 2017",Indiana,Gary,"2600 block of Madison St",1,0,N/A
"January 30, 2017",Maryland,Baltimore,"1500 block of Spruce St.",2,0,N/A
"January 30, 2017",Texas,Texarkana,"436 Terrace Plaza",1,0,N/A
"January 30, 2017",Illinois,Chicago,"4600 block of South Woodlawn",1,0,N/A
"January 30, 2017",Georgia,"Atlanta (Hapeville)","King Arnold Street",1,0,N/A
"January 30, 2017",Colorado,"Littleton (Highlands Ranch)","Crestmore Way",1,0,N/A
"January 30, 2017",Arkansas,Earle,"Lincoln Ave",1,0,N/A
"January 30, 2017",Texas,"Fort Worth (Forest Hill)","4014 Mansfield Hwy",1,0,N/A
"January 30, 2017",Ohio,Columbus,"200 block of S Ogden Av",1,0,N/A
"January 30, 2017",Missouri,Independence,"600 block of N Peck Ct",1,0,N/A
"January 30, 2017",California,Corning,"Rancho Tehama Rd and Amador Ct",2,0,N/A
"January 30, 2017",California,Modesto,"3700 block of Maserati Dr",1,0,N/A
"January 30, 2017",Massachusetts,Boston,"31 Regina Rd",1,0,N/A
"January 30, 2017",Maryland,"District Heights","3232 Walters Ln",1,0,N/A
"January 30, 2017","North Carolina","Hope Mills","Camden Road",1,0,N/A
"January 30, 2017",Washington,Lynnwood,"19200 block of Hwy 99",1,0,N/A
"January 30, 2017",Tennessee,"Chattanooga (East Ridge)","3552 Shelby Circle",2,0,N/A
"January 29, 2017",Louisiana,Shreveport,"Union Ave and Earl St",1,0,N/A
"January 29, 2017",Washington,Seattle,"600 block of 3rd Ave",1,0,N/A
"January 29, 2017",Missouri,Joplin,"2334 E Zora Street",1,1,N/A
"January 29, 2017",California,Huron,"16000 block of 14th St",1,0,N/A
"January 29, 2017",Ohio,Rogers,"Dyke Road",2,1,N/A
"January 29, 2017",Tennessee,Memphis,"3233 Ridgeway Rd",1,0,N/A
"January 29, 2017",Utah,Layton,"152 E 900 South",1,0,N/A
"January 29, 2017",Oregon,Salem,"1300 Block of Lancaster Dr NE",1,1,N/A
"January 29, 2017",Florida,Naples,"4630 Gulfstream Dr",1,1,N/A
"January 29, 2017","New Jersey",Maplewood,"Van Ness Ct",3,0,N/A
"January 29, 2017",Maryland,Baltimore,"1900 block of North Monroe St",1,0,N/A
"January 29, 2017",Maryland,Baltimore,"3400 block of S. Hanover St",1,0,N/A
"January 29, 2017",Illinois,Chicago,"6200 block of West Grand",1,0,N/A
"January 29, 2017",Florida,Kissimmee,"1018 S Hoagland Blvd",1,0,N/A
"January 29, 2017",Texas,Houston,"7700 block of Almeda Genoa Rd",1,0,N/A
"January 29, 2017",California,"Santa Ana","400 block of S Birch St",1,0,N/A
"January 29, 2017",Arizona,Tucson,N/A,1,0,N/A
"January 29, 2017",Connecticut,Montville,"1596 Hartford-New London Turnpike",1,0,N/A
"January 29, 2017",Kansas,"Baxter Springs","234 E 6th St",1,0,N/A
"January 29, 2017",Michigan,Belleville,"4800 Block of Denton Ave",1,0,N/A
"January 29, 2017","North Carolina","Haywood (county)","Hawk Mountain Road",1,0,N/A
"January 29, 2017",Delaware,Laurel,"56 Sunset Dr",1,0,N/A
"January 29, 2017",Michigan,Roseville,"26000 block of Chippendale",1,0,N/A
"January 29, 2017",Maryland,Bowie,"6868 Race Track Rd",3,1,N/A
"January 29, 2017",Illinois,Chicago,"3500 block of West 38th Place",1,0,N/A
"January 29, 2017",Florida,Weirsdale,"14241 SE 151st Pl Rd",2,0,N/A
"January 29, 2017","District of Columbia",Washington,"200 block of 51st street NE",1,0,N/A
"January 29, 2017",Michigan,"Colfax Township",N/A,2,0,N/A
"January 29, 2017",Louisiana,Shreveport,"6363 Hearne Ave",1,4,N/A
"January 29, 2017",Indiana,Indianapolis,"148 E Market St",1,0,N/A
"January 29, 2017",California,"San Francisco","3rd St and Armstrong Ave",1,0,N/A
"January 29, 2017",Alabama,Birmingham,"400 block of 20th Street",1,0,N/A
"January 29, 2017",Virginia,Richmond,"3100 block of Griffin Ave",1,0,N/A
"January 29, 2017",Virginia,Richmond,"5000 block of Snead Road",1,0,N/A
"January 29, 2017",Texas,"El Paso","11335 Montwood Dr",1,1,N/A
"January 29, 2017",Florida,Quincy,"427 S Stewart St",1,0,N/A
"January 29, 2017",Mississippi,Hazlehurst,"Wesley Chapel Road",1,0,N/A
"January 29, 2017",Virginia,Richmond,"1000 block of Forestview School Dr",1,0,N/A
"January 29, 2017",Texas,Converse,N/A,1,0,N/A
"January 29, 2017",Minnesota,"Saint Paul","1045 Hudson Rd",1,1,N/A
"January 29, 2017",Missouri,"Kansas City","6600 block of The Paseo",1,0,N/A
"January 29, 2017","North Carolina",Stoneville,"3013 Anglin Mill Road",1,0,N/A
"January 29, 2017",Ohio,Cleveland,"3500 block of E 142nd St",1,1,N/A
"January 29, 2017",Louisiana,"New Orleans","Dryades St and Seventh St",1,0,N/A
"January 29, 2017",Connecticut,Waterbury,N/A,1,0,N/A
"January 29, 2017",Virginia,Lebanon,"1019 Glade Hill Drive",1,1,N/A
"January 29, 2017",Arizona,Phoenix,"3116 W Vogel",1,3,N/A
"January 28, 2017",California,Brea,"855 W Birch St",1,0,N/A
"January 28, 2017","New Jersey","Toms River (Berkeley Township)","Locker Street",1,0,N/A
"January 28, 2017",Arizona,"Apache Junction","Superstition Blvd and Ironwood Dr",1,0,N/A
"January 28, 2017",California,Modesto,"1600 block of Midway Ave",1,0,N/A
"January 28, 2017",Texas,Houston,"Almeda Genoa Rd and Telephone Rd",1,0,N/A
"January 28, 2017",Missouri,"Kansas City","2600 block of E 29th St",1,1,N/A
"January 28, 2017",California,"Long Beach","900 block of Maine Ave",1,0,N/A
"January 28, 2017",Missouri,"Kansas City (Raytown)","6600 Blue Ridge Blvd",1,0,N/A
"January 28, 2017",Florida,"Deerfield Beach","3800 block of NW 3rd St",1,0,N/A
"January 28, 2017",Oklahoma,"Oklahoma City (Midwest City)","524 E. Babb Dr",3,0,N/A
"January 28, 2017",Washington,"Seattle (Des Moines)","21600 block of 29th Ave S",1,0,N/A
"January 28, 2017",Texas,"Fort Stockton","Highway 385",1,0,N/A
"January 28, 2017",Florida,"Pompano Beach (North Lauderdale)","6812 Doral",2,0,N/A
"January 28, 2017","North Carolina",Durham,"2000 Chapel Hill Road",1,2,N/A
"January 28, 2017","North Carolina",Bennett,"Fall Creek Rd",1,0,N/A
"January 28, 2017",Florida,Clearwater,"124 N Jefferson Ave",1,0,N/A
"January 28, 2017",Wisconsin,"Eau Claire","1135 W MacArthur Ave",1,0,N/A
"January 28, 2017",Texas,Elmendorf,"13800 block of I-37",1,0,N/A
"January 28, 2017",Illinois,Chicago,"1200 block of North Halsted",1,0,N/A
"January 28, 2017",California,Chino,"5900 block of Riverside Dr",2,0,N/A
"January 28, 2017",California,Corcoran,"1500 block of Apperson Ct",1,0,N/A
"January 28, 2017",Indiana,Indianapolis,"300 S Walcott St",1,0,N/A
"January 28, 2017",Texas,Tyler,"3319 N NE 323 Loop",1,0,N/A
"January 28, 2017",Georgia,Duluth,"1500 Ridge Brook Tr.",1,1,N/A
"January 28, 2017",Ohio,Columbus,"220 block of Highland Ave",1,0,N/A
"January 28, 2017",Georgia,Lawrenceville,"West Pike Street",2,0,N/A
"January 28, 2017",Maryland,Baltimore,"1900 N Monroe Street",1,0,N/A
"January 28, 2017",Maryland,Baltimore,"3400 S Hanover Street",1,0,N/A
"January 28, 2017",Louisiana,"New Orleans","2200 block of Port Street",2,0,N/A
"January 28, 2017",Texas,"San Antonio","Hazy Hollow Dr",1,1,N/A
"January 28, 2017",Ohio,Akron,"627 S Arlington St",1,0,N/A
"January 28, 2017",Missouri,"Saint Louis","I-44 and Jefferson Ave",1,0,N/A
"January 28, 2017","South Carolina",Elloree,"Sorin Circle",1,2,N/A
"January 28, 2017",Virginia,Norfolk,"800 block of E Charlotte St",1,0,N/A
"January 28, 2017","South Carolina","North Charleston","3615 Dorchester Road",1,0,N/A
"January 28, 2017",Minnesota,Madelia,"32501 850th Ave",1,0,N/A
"January 28, 2017",Tennessee,Madison,"1040 N Dupont Ave",1,1,N/A
"January 28, 2017",Florida,"Fort Lauderdale (Lauderhill)","5401 NW 27th St",1,0,N/A
"January 28, 2017",Nevada,"Las Vegas","W Desert Inn Road and Torrey Pines Drive",1,0,N/A
"January 28, 2017",Ohio,Cincinnati,"Weron Ln",1,0,N/A
"January 28, 2017",Oklahoma,"Oklahoma City","7000 S Walker Ave",1,0,N/A
"January 28, 2017",Pennsylvania,Philadelphia,"3600 block of North Marvine St",1,0,N/A
"January 27, 2017",Missouri,"Kansas City","East 55th Street and The Paseo",1,0,N/A
"January 27, 2017",Ohio,Cleveland,"E 175th St",1,0,N/A
"January 27, 2017",Washington,Bremerton,"Tenino Dr W",4,0,N/A
"January 27, 2017",Tennessee,"Church Hill","914 Holliston Mills Road",1,0,N/A
"January 27, 2017",Ohio,Youngstown,"Catherine St and Parkwood Ave",1,0,N/A
"January 27, 2017",Michigan,Owosso,"1621 E M21",2,0,N/A
"January 27, 2017",Texas,"Fort Worth (White Settlement)","898 S Cherry Lane",1,0,N/A
"January 27, 2017",Georgia,Atlanta,"Bakers Ferry Road",1,1,N/A
"January 27, 2017",Florida,Pensacola,"600 block of Warner Ave",1,0,N/A
"January 27, 2017",Texas,Mcallen,"900 Block of N 3rd St",3,1,N/A
"January 27, 2017",Texas,Houston,"8822 Sultan Dr",1,0,N/A
"January 27, 2017",Arizona,Yuma,N/A,1,0,N/A
"January 27, 2017",California,"Los Angeles","Maycrest Ave and Almont St",1,0,N/A
"January 27, 2017","South Carolina","North Charleston","2100 block of Commander Street",1,0,N/A
"January 27, 2017",Illinois,Chicago,"400 block of West 129th Place",1,0,N/A
"January 27, 2017",Ohio,Cleveland,"3100 block of W 38th St",1,0,N/A
"January 27, 2017",Pennsylvania,"Pittsburgh (Ben Avon)","300 block of Spruce Run Rd",1,0,N/A
"January 27, 2017",Virginia,"Mc Lean (Mclean)","1339 Windy Hill Road",3,0,N/A
"January 27, 2017",California,Modesto,"1600 block of Ortega Dr",1,0,N/A
"January 27, 2017",Texas,"Fort Worth (Saginaw)",N/A,1,0,N/A
"January 27, 2017",Maryland,Baltimore,"1801 Washington Blvd",1,0,N/A
"January 27, 2017",Kansas,Leavenworth,"400 block of S Esplanade",1,0,N/A
"January 27, 2017",Virginia,"Glen Allen","4600 block of Francistown Road",1,0,N/A
"January 27, 2017",Illinois,Naperville,"2815 Mistflower Lane",1,0,N/A
"January 27, 2017","New York","Middle Village","80-01 Metropolitan Ave",1,0,N/A
"January 27, 2017",Louisiana,"New Orleans","Claiborne and Pauger St",1,2,N/A
"January 27, 2017",Indiana,Hammond,"900 block of Becker St",1,0,N/A
"January 27, 2017",Oklahoma,"Oklahoma City","NW 18th St and N Youngs Blvd",1,1,N/A
"January 27, 2017",Alabama,Mobile,"509 S Wilson Ave",1,0,N/A
"January 27, 2017",Missouri,"Saint Louis","100 N 7th St",1,2,N/A
"January 27, 2017",Kansas,Wichita,"1600 block of N Jeanette St",1,0,N/A
"January 27, 2017",Illinois,Joliet,"Ruby and Center street",1,1,N/A
"January 27, 2017",Arizona,Phoenix,"16220 N 7th St",1,0,N/A
"January 27, 2017",Texas,"San Antonio","4243 W Commerce St",1,0,N/A
"January 27, 2017",Pennsylvania,Philadelphia,"5100 block of Wyalusing Ave",1,0,N/A
"January 27, 2017",Mississippi,Jackson,"1805 Highway 80 W",1,0,N/A
"January 27, 2017",California,Alhambra,"2900 block of W Main St",1,0,N/A
"January 26, 2017",Texas,Graham,"1300 block of Cherry Ave",2,0,N/A
"January 26, 2017",Colorado,"Colorado Springs","Salano Drive and S. 8th Street",1,0,N/A
"January 26, 2017",Missouri,Springfield,"1437 W Hamilton",1,1,N/A
"January 26, 2017",Virginia,Richmond,"Milton Street",1,0,N/A
"January 26, 2017",Virginia,Richmond,"4200 block of Chamberlayne Avenue",1,0,N/A
"January 26, 2017",Virginia,Chesapeake,"River Walk Pkwy",1,0,N/A
"January 26, 2017",Indiana,"Fort Wayne","5100 block of Engle Road",1,0,N/A
"January 26, 2017",Oregon,Portland,"7510 Southwest Aloma Way",1,0,N/A
"January 26, 2017",Florida,Tampa,"E Mohawk Ave",1,0,N/A
"January 26, 2017",Georgia,Albany,"1510 Maryland Drive",2,3,N/A
"January 26, 2017","North Carolina",Charlotte,"W W.T. Harris Boulevard and Mallard Creek Road",1,0,N/A
"January 26, 2017",Indiana,"South Bend","3300 block of S High St",1,0,N/A
"January 26, 2017",Illinois,Maywood,N/A,1,0,N/A
"January 26, 2017",Michigan,Flint,"4090 Clio Rd",1,0,N/A
"January 26, 2017",California,Artesia,"11900 block of 167th St",1,1,N/A
"January 26, 2017",Tennessee,Nashville,"2000 block of Jones Circle",1,0,N/A
"January 26, 2017",Florida,Jacksonville,"10300 block of Agave Rd",1,1,N/A
"January 26, 2017","North Carolina",Halifax,"Hedgepeth Road",1,0,N/A
"January 26, 2017",Oregon,Pendleton,"325 SE Nye Rd",1,0,N/A
"January 26, 2017",Maryland,Baltimore,"5000 Queensberry Ave",1,0,N/A
"January 26, 2017",Nebraska,Omaha,"28th and Ruggles St",1,1,N/A
"January 26, 2017",Indiana,Columbus,"1518 Lafayette Avenue",2,0,N/A
"January 26, 2017",Oklahoma,Tulsa,"2015 W Matthew Brady St",1,0,N/A
"January 26, 2017",Pennsylvania,Pittsburgh,"1000 Block of Vinial St",1,0,N/A
"January 26, 2017",Missouri,Ava,"MO 76",1,1,N/A
"January 26, 2017",Illinois,"Chicago (Englewood)","7000 block of South Princeton",1,0,N/A
"January 26, 2017",Alabama,Summerdale,"County Road 34",1,0,N/A
"January 26, 2017",Louisiana,Westwego,"970 Beechgrove Blvd",1,0,N/A
"January 26, 2017",Alabama,Moundville,"154 Market St",3,0,N/A
"January 26, 2017",Ohio,"Cincinnati (Springdale)","340 Glensprings Dr",1,0,N/A
"January 26, 2017",Missouri,"Saint Louis","4500 block of Margaretta Ave",1,0,N/A
"January 26, 2017",Georgia,Fitzgerald,"400 block of West Orange Street",2,0,N/A
"January 26, 2017",Alabama,Birmingham,"4900 block of Court I",1,0,N/A
"January 26, 2017",Alabama,Auburn,"200 block of Lunsford Drive",1,0,N/A
"January 26, 2017",Arkansas,Crossett,N/A,1,0,N/A
"January 26, 2017",Georgia,Atlanta,"3493 Donald Lee Hollowell Parkway",1,0,N/A
"January 26, 2017","North Carolina",Charlotte,"6200 block of Albemarle Road",1,0,N/A
"January 26, 2017","South Carolina",Sumter,"Somerset Drive",1,0,N/A
"January 26, 2017",Wisconsin,Milwaukee,"5900 block of W. Helena St",1,0,N/A
"January 26, 2017",Missouri,Fairdealing,N/A,3,0,N/A
"January 26, 2017",Ohio,Groveport,"3600 block of Toy Rd",1,0,N/A
"January 26, 2017",Maryland,Baltimore,"Greenwood Ave",1,0,N/A
"January 25, 2017",Wisconsin,Millston,N/A,1,0,N/A
"January 25, 2017",Maryland,Baltimore,"1100 block of N Luzerne Ave",1,0,N/A
"January 25, 2017",Mississippi,Southaven,"465 Stateline Rd W",1,2,N/A
"January 25, 2017",Ohio,Cleveland,"13600 block of Glendale Ave",1,0,N/A
"January 25, 2017",California,"Long Beach","1300 block of Wesley Dr",1,0,N/A
"January 25, 2017",Missouri,Springfield,"1200 block of N Forest Ave",1,0,N/A
"January 25, 2017",Tennessee,Madison,"333 Rio Vista Drive",1,0,N/A
"January 25, 2017",Ohio,Cleveland,"East 142nd St and Harvard Ave",2,0,N/A
"January 25, 2017",Maryland,Baltimore,"100 block of S. Conkling St",1,0,N/A
"January 25, 2017",Texas,Garland,"500 Block of Ridgedale Dr",1,0,N/A
"January 25, 2017",Ohio,Youngstown,"1128 Republic Avenue",1,0,N/A
"January 25, 2017",Oklahoma,"Oklahoma City","6600 block of S Kelley Ave",1,0,N/A
"January 25, 2017","New York","New York (Manhattan)","218 St Nicholas Ave",1,0,N/A
"January 25, 2017",Indiana,Indianapolis,"3000 block of West Morris St",2,0,N/A
"January 25, 2017",Pennsylvania,Pittsburgh,"Kiski Way and Bartow St",1,0,N/A
"January 25, 2017",Alabama,Sylacauga,"Coosa County Road 5",1,0,N/A
"January 25, 2017",Texas,"La Marque","212 Prune St",1,0,N/A
"January 25, 2017","North Carolina","High Point","1100 block of Montlieu Ave",1,0,N/A
"January 25, 2017","New York",Buffalo,"French Street",1,0,N/A
"January 25, 2017",Michigan,Detroit,"12800 Visger Street",1,0,N/A
"January 25, 2017",Mississippi,Courtland,"350 Greenbriar",1,0,N/A
"January 25, 2017",Arizona,Phoenix,"34th Ave and Surrey Ave",1,0,N/A
"January 25, 2017",Missouri,"Saint Louis","Shepley Dr",2,0,N/A
"January 25, 2017",Alabama,Oxford,"1011 AL-21",1,0,N/A
"January 25, 2017",Texas,"San Antonio","Keasler Ave and Ravina Dr",1,0,N/A
"January 25, 2017",Alabama,Leesburg,"US- 411 S",1,0,N/A
"January 25, 2017",Montana,Helena,"800 N Oregon St",1,0,N/A
"January 25, 2017",Georgia,Mcdonough,"102 Sable Chase Blvd",1,1,N/A
"January 25, 2017",Nevada,"Las Vegas","N Pecos Rd and E Alexander Rd",1,0,N/A
"January 25, 2017",Wisconsin,Milwaukee,"8000 block of W. Beechwood Ave",1,0,N/A
"January 25, 2017",Colorado,Denver,"3900 block of Morrison Rd",1,0,N/A
"January 24, 2017",Idaho,Kuna,"400 block of Black Hawk Dr",1,0,N/A
"January 24, 2017",Alaska,Anchorage,"171 Muldoon Rd",1,1,N/A
"January 24, 2017","New Mexico","Las Cruces","1410 Missouri Ave",1,0,N/A
"January 24, 2017",Washington,Spokane,"500 Block of E Crown Ave",1,0,N/A
"January 24, 2017",California,Atascadero,"Hwy 101",1,0,N/A
"January 24, 2017",Utah,"Salt Lake City (West Valley City)","3995 S. 1500 West",2,0,N/A
"January 24, 2017",Texas,Houston,"9560 Deering Dr",1,0,N/A
"January 24, 2017","West Virginia",Huntington,"2700 block of 9th Avenue",1,1,N/A
"January 24, 2017","New York","Staten Island","124 Buel Ave",2,0,N/A
"January 24, 2017",Texas,"San Antonio","2024 N Loop 1604 E",1,0,N/A
"January 24, 2017",Pennsylvania,Philadelphia,"500 block of West Luray St",1,0,N/A
"January 24, 2017",Florida,"West Palm Beach","1617 N Flagler Dr",1,0,N/A
"January 24, 2017",Washington,Shelton,"Johns Prairie Rd",2,0,N/A
"January 24, 2017",Pennsylvania,Lancaster,"South Duke Street and Howard Avenue",1,0,N/A
"January 24, 2017",Kansas,Topeka,"8732 SW 10th Ave",1,0,N/A
"January 24, 2017",Illinois,Bartlett,"700 block of Gardenia Ln",1,1,N/A
"January 24, 2017",Louisiana,"Baton Rouge","11888 Old Hammond Hwy",1,0,N/A
"January 24, 2017","West Virginia","Welch (Havaco)",N/A,1,0,N/A
"January 24, 2017","North Carolina",Magnolia,"Isham-Frederick Road",1,0,N/A
"January 24, 2017",Maryland,Baltimore,"3900 block of Kenyon Avenue",1,1,N/A
"January 24, 2017",Maryland,Baltimore,"1900 block of East Federal Street",1,0,N/A
"January 24, 2017",Illinois,Chicago,"9700 block of South Woodlawn",1,0,N/A
"January 24, 2017",Tennessee,Nashville,"2920 Ironwood Dr",2,0,N/A
"January 24, 2017",Michigan,Rockford,"4011 Summit Court NE",1,0,N/A
"January 24, 2017",Michigan,Detroit,"1900 block of E 6 Mile",1,0,N/A
"January 24, 2017",Louisiana,"New Orleans","10000 block of Curran Blvd",1,0,N/A
"January 24, 2017",Michigan,Detroit,"16700 block of Asbury Park",1,0,N/A
"January 24, 2017",Oklahoma,Norman,"1544 OK 9",1,0,N/A
"January 24, 2017",Arkansas,"Little Rock","13415 Otter Creek Parkway",1,0,N/A
"January 24, 2017",Missouri,"Independence (Sugar Creek)","McBride St and Barreto Ln",1,1,N/A
"January 24, 2017",Ohio,"Cincinnati (North College Hill)","7100 block of Salmar Court",1,0,N/A
"January 24, 2017",Texas,Spring,"Mourning Dove Dr",1,0,N/A
"January 24, 2017","New Jersey",Hoboken,"300 Block of Marshall Drive",1,0,N/A
"January 24, 2017","District of Columbia",Washington,"1600 block of Benning Road NE",1,0,N/A
"January 24, 2017",California,Bakersfield,"Alta Vista and Niles",1,0,N/A
"January 24, 2017","New Jersey",Sicklerville,"Victoria Manor Ct",1,0,N/A
"January 24, 2017",California,Hemet,"800 block of Felipe Place",1,0,N/A
"January 24, 2017","North Carolina",Troutman,"200 block of Brookcreek Drive",1,0,N/A
"January 23, 2017",Illinois,Springfield,"Carpenter and Walnut Street",1,0,N/A
"January 23, 2017",California,Vallejo,"1700 block of Sacramento St",1,0,N/A
"January 23, 2017",Colorado,Denver,"3000 block of West Colorado Ave",1,0,N/A
"January 23, 2017",Missouri,"Saint Louis","2600 block of N 20th St",1,0,N/A
"January 23, 2017",Ohio,Columbus,"3700 block of Eakin Road",2,0,N/A
"January 23, 2017",Maryland,Annapolis,"1100 block of Madison Street",1,0,N/A
"January 23, 2017",Florida,Orlando,"729 S Westmoreland Dr",1,0,N/A
"January 23, 2017",Florida,Thonotosassa,"9862 Timmons Rd",1,0,N/A
"January 23, 2017",Oklahoma,"Oklahoma City (Del City)","4000 SE 15th St",2,0,N/A
"January 23, 2017",California,"Los Angeles","Cumpston St",1,0,N/A
"January 23, 2017",Louisiana,Kenner,"300 block of Webster St",1,0,N/A
"January 23, 2017",Wisconsin,Milwaukee,"S. 12th and W. Montana streets",1,1,N/A
"January 23, 2017","New Jersey",Paterson,"81 First Avenue",1,0,N/A
"January 23, 2017",Illinois,Aurora,"600 block of S Gladstone",1,0,N/A
"January 23, 2017","North Carolina",Stokesdale,"1009 Gideon Grove Church Road",1,0,N/A
"January 23, 2017",Florida,Clermont,"3600 S US Hwy 27",1,0,N/A
"January 23, 2017",Indiana,Hammond,"1300 block of Truman Street",1,2,N/A
"January 23, 2017",Florida,"Saint Petersburg (St Petersburg)","2327 Dr Martin Luther King Jr St S",1,0,N/A
"January 23, 2017",Mississippi,Jackson,"Churchill Drive",1,0,N/A
"January 23, 2017",Georgia,Brooklet,"4066 Highway 119 N",1,0,N/A
"January 23, 2017",Florida,"Port Orange","6509 Shahab Lane",1,0,N/A
"January 23, 2017",Pennsylvania,Philadelphia,"46th and Walnut",1,0,N/A
"January 23, 2017",Alabama,Killen,"Westfork Dr",2,0,N/A
"January 23, 2017",Illinois,Chicago,"5000 block of W Maypole Avenue",1,0,N/A
"January 23, 2017",Indiana,"Evansville (Darmstadt)","425 Shillington Drive",1,2,N/A
"January 23, 2017",Illinois,Chicago,"51st St and Ridgeway Ave",1,0,N/A
"January 23, 2017",Pennsylvania,Erie,"500 block of East 22nd Street",1,0,N/A
"January 23, 2017",Illinois,Chicago,"1600 block of West Monroe",1,0,N/A
"January 23, 2017",Maryland,Baltimore,"3700 block of Oakford Ave",1,1,N/A
"January 23, 2017",Michigan,Saginaw,"2200 Norman St",1,0,N/A
"January 23, 2017",Washington,"Tacoma (Fife)","6926 Fifth St E",2,0,N/A
"January 23, 2017",Georgia,Waynesboro,"5000 block of River Road",2,1,N/A
"January 23, 2017",Kentucky,"East Bernstadt","86 Huff Rd",1,2,N/A
"January 23, 2017",Texas,Spring,"200 block of Cypresswood Drive",1,1,N/A
"January 23, 2017",Louisiana,"New Orleans","5900 Block of Stratford Place",1,0,N/A
"January 23, 2017",Maryland,Baltimore,"1400 block of W Northern Parkway",1,0,N/A
"January 23, 2017",California,"La Mesa","Olive Ave",1,0,N/A
"January 23, 2017",Maryland,Parkton,"1000 block of Dairy Rd",2,0,N/A
"January 23, 2017",Delaware,Wilmington,"1700 block of W 13th St",1,0,N/A
"January 23, 2017",California,Hayward,"Princeton St and Smalley Ave",1,0,N/A
"January 23, 2017",Virginia,Richmond,"2400 block of Barton Ave",1,0,N/A
"January 23, 2017",Nevada,"Las Vegas","3800 Block of S Nellis Blvd",1,0,N/A
"January 22, 2017",Missouri,"Saint Louis","5000 block of N Kingshighway Blvd",1,0,N/A
"January 22, 2017",California,Azusa,"600 block of N Alameda Ave",1,1,N/A
"January 22, 2017",Arizona,Glendale,"6705 W Bethany Home Rd",1,1,N/A
"January 22, 2017",Georgia,Macon,"180 Hidden Lakes Ct",1,0,N/A
"January 22, 2017",Michigan,Detroit,"2300 Block of Prince Hall Dr",1,0,N/A
"January 22, 2017",Utah,Ogden,"100 Patterson St",1,0,N/A
"January 22, 2017",Texas,Manvel,"200 block of Oak Shore Dr",3,2,N/A
"January 22, 2017",Alaska,Soldotna,N/A,1,0,N/A
"January 22, 2017",Alaska,Bethel,"300 block of 1st Ave",1,0,N/A
"January 22, 2017",Vermont,Montpelier,"191 Barre St",1,0,N/A
"January 22, 2017",Delaware,Wilmington,"2300 block of N. Pine St",1,0,N/A
"January 22, 2017",Missouri,"Kansas City","Troost Ave and E 82nd Terrace",1,0,N/A
"January 22, 2017",Pennsylvania,Chester,"E 6th St & Magnolia St",1,0,N/A
"January 22, 2017","North Carolina",Lumberton,"8517 N.C. East",1,0,N/A
"January 22, 2017",Virginia,"Stafford (county)","300 block of Madison Court",1,0,N/A
"January 22, 2017",Pennsylvania,Larimer,"129 Finley St",1,0,N/A
"January 22, 2017",Kansas,Topeka,"300 block of SE Pinecrest Street",1,0,N/A
"January 22, 2017","North Dakota",Rolla,N/A,1,0,N/A
"January 22, 2017",Iowa,Waterloo,"700 Block of Logan Ave",1,0,N/A
"January 22, 2017",Texas,"Corpus Christi","11300 block of I-37",1,0,N/A
"January 22, 2017",Ohio,Trenton,"Oak Ave and 1st St",1,0,N/A
"January 22, 2017",Michigan,Detroit,"Livernois and Warren",1,1,N/A
"January 22, 2017",Kentucky,"Bowling Green","2800 Scottsville Road",1,0,N/A
"January 22, 2017",Louisiana,"New Orleans","Lasalle St and Amelia St",1,0,N/A
"January 22, 2017",Texas,Pearland,"2100 block of Windy Shores Dr",1,0,N/A
"January 22, 2017",Georgia,Atlanta,"2841 Greenbriar Pkwy SW",3,1,N/A
"January 22, 2017",Georgia,Duluth,"2100 block of Hopkins Mill Lane",2,0,N/A
"January 22, 2017",Texas,Conroe,"11800 block of Megan Dr",1,0,N/A
"January 22, 2017",Maryland,Baltimore,"3000 block of E Biddle St",1,0,N/A
"January 22, 2017",Louisiana,Metairie,"1400 block of S Laurel St",3,0,N/A
"January 22, 2017",Michigan,Flint,"421 E Pulaski Ave",1,0,N/A
"January 22, 2017",Arkansas,Harrison,"200 block of West Prospect Avenue",1,0,N/A
"January 22, 2017",Tennessee,Memphis,"5300 block of Gloucester Avenue",1,0,N/A
"January 22, 2017",Texas,Dallas,"2207 Eugene St",1,2,N/A
"January 22, 2017",California,Carson,"2700 block of 220th St",1,0,N/A
"January 22, 2017",Oklahoma,Sapulpa,"1601 S Main St",2,0,N/A
"January 22, 2017",Texas,"San Antonio","6909 N Loop 1604 E",1,3,N/A
"January 22, 2017",Texas,Dallas,"534 Sunset Ave",1,0,N/A
"January 22, 2017",Washington,Vancouver,"14900 block of NE 5th St",1,0,N/A
"January 22, 2017",Maine,Waldoboro,"81 River Bend Rd",1,1,N/A
"January 22, 2017","South Carolina",Elgin,"200 block of Cherrywood Dr",1,0,N/A
"January 21, 2017","New Mexico",Albuquerque,"9500 block of Sunburst Rd SW",1,0,N/A
"January 21, 2017",Georgia,"Gilmer (county)",N/A,1,0,N/A
"January 21, 2017",Illinois,Chicago,"300 block of South California",1,1,N/A
"January 21, 2017",Pennsylvania,Philadelphia,"200 block of Bellmore St",1,0,N/A
"January 21, 2017",Illinois,Chicago,"3800 block of South St. Louis",1,2,N/A
"January 21, 2017",Texas,"Fort Worth","4505 Miller Ave",1,1,N/A
"January 21, 2017",Oklahoma,"Oklahoma City","12000 block of Clarence Ct",1,0,N/A
"January 21, 2017","New Jersey",Burlington,"E Broad and Library",1,0,N/A
"January 21, 2017",Ohio,"Cincinnati (North College Hill)","2000 block of Sundale Avenue",1,0,N/A
"January 21, 2017",Pennsylvania,Philadelphia,"4300 block of Boone St",1,0,N/A
"January 21, 2017",Tennessee,Clarksville,"Kellogg Street",1,0,N/A
"January 21, 2017",Nevada,Sparks,"2600 block of W Cygnet Cir",1,0,N/A
"January 21, 2017",Nevada,Reno,"1770 Sutro St",1,0,N/A
"January 21, 2017",Tennessee,"Lewis (county)","Slippery Creek Road",1,0,N/A
"January 21, 2017",Florida,Marianna,"3070 Carters Mill Rd",1,0,N/A
"January 21, 2017",Illinois,Collinsville,"805 block of S Morrison Ave",1,0,N/A
"January 21, 2017",Illinois,"East Saint Louis","1235 McCasland Av",1,0,N/A
"January 21, 2017","New Jersey",Roselle,"Rivington St",1,0,N/A
"January 21, 2017","North Carolina",Sparta,"60 Cherry St",1,0,N/A
"January 21, 2017",Tennessee,Memphis,"4900 block of Blue Wing Street",1,1,N/A
"January 21, 2017",Ohio,Cleveland,"2300 Block of E 100th",1,1,N/A
"January 21, 2017","South Carolina",Easley,"800 block of Hamlin Road",1,0,N/A
"January 21, 2017",Nevada,Henderson,"1071 W Sunset Rd",1,0,N/A
"January 21, 2017",Illinois,Chicago,"2600 block of W Monroe",1,0,N/A
"January 21, 2017",Illinois,Chicago,"3900 block of West Thomas",1,2,N/A
"January 21, 2017","South Carolina",Cheraw,"Hillian Edwards Rd",1,0,N/A
"January 21, 2017",Illinois,Chicago,"0 block of West 104th Place",1,0,N/A
"January 21, 2017",Mississippi,Greenville,"309 Neff St",1,0,N/A
"January 21, 2017","New Jersey",Newark,"Avon Avenue",1,0,N/A
"January 21, 2017",Texas,Houston,"5400 block of Minden St",1,0,N/A
"January 21, 2017",Illinois,Chicago,"0 block of North Sacramento",1,0,N/A
"January 21, 2017",Tennessee,Memphis,"500 block of Delta Road",2,2,N/A
"January 21, 2017",Mississippi,Grenada,"Holcomb Sweethome Road",1,0,N/A
"January 21, 2017",Missouri,"Saint Louis","5900 block of Lotus Ave",1,0,N/A
"January 21, 2017",Louisiana,"New Orleans","2100 block of Desire Street",1,1,N/A
"January 21, 2017",California,"Salinas (Prunedale)","9634 Knollwood Ct",1,0,N/A
"January 21, 2017",Alabama,Semmes,"9892 Oakmont Ct",1,0,N/A
"January 21, 2017",Texas,"San Antonio","3855 N Panam Expy",1,0,N/A
"January 21, 2017",Massachusetts,Boston,"56 Nightingale St",1,0,N/A
"January 21, 2017",Connecticut,"New Haven","Lamberton Street",1,0,N/A
"January 21, 2017",Massachusetts,Brockton,"58 Sawtell Ave",1,0,N/A
"January 21, 2017",Georgia,"Holly Springs",N/A,1,0,N/A
"January 21, 2017",Alaska,Anchorage,"Vine Ave and Birch St",1,0,N/A
"January 21, 2017",Nevada,Jean,"1 Main St",1,0,N/A
"January 21, 2017",Nevada,"Las Vegas","1602 N Nellis Blvd",1,1,N/A
"January 20, 2017",Wisconsin,Milwaukee,"N 21st St and W Hopkins St",1,0,N/A
"January 20, 2017",Arkansas,"North Little Rock","1404 Frank Street",2,0,N/A
"January 20, 2017","South Carolina",Columbia,"6500 block of Camelot St",1,0,N/A
"January 20, 2017",Illinois,Chicago,"12300 block of Wallace St",1,0,N/A
"January 20, 2017",Mississippi,Como,"Smart Road",1,4,N/A
"January 20, 2017",Georgia,Rockmart,"1600 block of Holly Springs Rd",1,0,N/A
"January 20, 2017",Florida,Gainesville,"4341 SW 13th St",1,0,N/A
"January 20, 2017",Missouri,Florissant,"1400 block of Bay Meadows Dr",1,0,N/A
"January 20, 2017",Florida,Jacksonville,"1100 block of Division St",1,0,N/A
"January 20, 2017",California,Salinas,"700 block of Mae Ave",1,0,N/A
"January 20, 2017",Georgia,Lithonia,"6900 block of Browns Mill Lake Rd",1,0,N/A
"January 20, 2017","North Carolina",Charlotte,"1900 block of Musket Lane",1,0,N/A
"January 20, 2017",Illinois,"Mount Vernon","S 19th and Conger",1,0,N/A
"January 20, 2017",Oklahoma,"Oklahoma City","NW 47th St and N Western Ave",1,1,N/A
"January 20, 2017",California,Manteca,"367 Sun Haven Place",1,0,N/A
"January 20, 2017",Washington,Yakima,"111 S 18th St",1,0,N/A
"January 20, 2017",Florida,Auburndale,"100 block of Lakeside Hills Loop",1,0,N/A
"January 20, 2017",Florida,"Palm Beach (county)","Avenue F and W 15th St",1,0,N/A
"January 20, 2017",Louisiana,"Baton Rouge","1700 N. 23rd St.",1,0,N/A
"January 20, 2017",Illinois,Rockford,"2218 N Mulford Rd",1,0,N/A
"January 20, 2017",Pennsylvania,Philadelphia,"2100 block of Sigel St",1,0,N/A
"January 20, 2017",Florida,Palmetto,"2310 1st Ave E",1,0,N/A
"January 20, 2017",Virginia,Beaverdam,"16000 block of Trainham Rd",1,0,N/A
"January 20, 2017",Oregon,Portland,"100 block of SE 176th Place",1,0,N/A
"January 20, 2017",Illinois,Chicago,"600 block of South Sacramento",1,0,N/A
"January 20, 2017",Delaware,Wilmington,"200 block of S Harrison St",1,1,N/A
"January 20, 2017",Maryland,Baltimore,"600 Dumbarton Avenue",1,0,N/A
"January 20, 2017",Maryland,Baltimore,"100 N Howard Street",1,0,N/A
"January 20, 2017",Mississippi,"Duck Hill","South State Street",1,0,N/A
"January 20, 2017",Kentucky,Morganfield,"West O'Bannon Street",2,0,N/A
"January 20, 2017",Connecticut,Hartford,"Albany Ave and Garden St",1,0,N/A
"January 20, 2017",Louisiana,Marrero,"Ames Blvd and Barataria Blvd",3,0,N/A
"January 20, 2017",Georgia,Newnan,"98 West Washington St",1,0,N/A
"January 20, 2017",Tennessee,Chattanooga,"2100 block of E 12th Street",2,0,N/A
"January 20, 2017","North Carolina",Goldsboro,"108 Dee Dee Pl",1,0,N/A
"January 20, 2017",Tennessee,Memphis,"Cherry Rd and Willow Rd",1,2,N/A
"January 20, 2017",California,"San Francisco","Broad St and Plymouth Ave",1,0,N/A
"January 19, 2017",Missouri,"Saint Louis","1300 block of Sheridan Dr",1,0,N/A
"January 19, 2017",Nevada,"Las Vegas","3900 block of Spring Rd",1,0,N/A
"January 19, 2017",Colorado,"Colorado Springs","219 N Wahsatch Ave",1,0,N/A
"January 19, 2017",Maryland,Baltimore,"1600 Chilton St",1,0,N/A
"January 19, 2017",Louisiana,"West Monroe","N 8th St",1,0,N/A
"January 19, 2017",Tennessee,Covington,"1200 block of Douglas Street",1,1,N/A
"January 19, 2017","North Carolina",Pembroke,"142 Tucker Road",1,0,N/A
"January 19, 2017",Pennsylvania,"Harrisburg (Penbrook)","2500 block of Walnut St",1,0,N/A
"January 19, 2017",Washington,Tacoma,"5800 block of Marine View Dr",1,0,N/A
"January 19, 2017",Mississippi,Jackson,"Rosslyn Avenue",1,0,N/A
"January 19, 2017",Illinois,"Chicago (Englewood)","6900 block of South Stewart",1,0,N/A
"January 19, 2017","West Virginia",Maysel,"Blue Knob Rd",1,0,N/A
"January 19, 2017",Texas,Houston,"5900 block of Bihia Forest Dr",1,0,N/A
"January 19, 2017",Arkansas,Sheridan,"Highway 35 North",1,0,N/A
"January 19, 2017",Illinois,Chicago,"8000 block of South Bishop",1,0,N/A