"Incident Date",State,"City Or County",Address,"# Killed","# Injured",Operations
"December 31, 2013",California,Oakland,"104th Ave and Walnut St",1,0,N/A
"December 31, 2013",Ohio,Barberton,"300 block of Seventh Street Northeast",3,1,N/A
"December 29, 2013","New Jersey",Lodi,N/A,1,0,N/A
"December 28, 2013",Alabama,Montgomery,"954 Highland Ave",3,5,N/A
"December 26, 2013",Louisiana,Slidell,"2144 First St",2,6,N/A
"December 26, 2013",Louisiana,Lockport,"313 Tenth St",3,3,N/A
"December 25, 2013","New Jersey",Irvington,"Nye Avenue and 21st Street",3,2,N/A
"December 25, 2013","New York",Medford,"33A Cedarhurst Ave",1,3,N/A
"December 25, 2013","New Jersey",Plainfield,"Park Ave and E 9th St",1,0,N/A
"December 22, 2013",Michigan,Muskegon,"2300 block of W McMillan Rd",1,3,N/A
"December 21, 2013","New Jersey",Trenton,"Jersey Street and Home Avenue",1,4,N/A
"December 15, 2013",Florida,"Homestead (Florida City)","7th Avenue and 13th Terrace",1,3,N/A
"December 7, 2013",Pennsylvania,York,"N George St and North St",1,0,N/A
"December 1, 2013",Kansas,Topeka,"1629 SW Central Park",4,0,N/A
"December 1, 2013",Pennsylvania,Derry,NA,1,0,N/A
"December 1, 2013",Florida,Miami,"NW 64th Street and 12th Avenue",2,2,N/A