"Incident Date",State,"City Or County",Address,"# Killed","# Injured",Operations
"August 31, 2017",Texas,Borger,"Birdie St",1,0,N/A
"August 31, 2017",Connecticut,Waterbury,"170 Willow St",1,1,N/A
"August 31, 2017","North Carolina",Hickory,"841 South Center St",2,0,N/A
"August 31, 2017",Florida,"Glen Saint Mary","11050 Bluff Creek Rd",2,0,N/A
"August 31, 2017",California,"Los Angeles","1200 block W Magnolia St",1,0,N/A
"August 31, 2017",California,"Los Angeles","300 block of D St",1,1,N/A
"August 31, 2017",Minnesota,Minneapolis,"1429 S Washington Ave",1,0,N/A
"August 31, 2017",Nevada,Reno,"West 1st St and Roff Way",1,0,N/A
"August 31, 2017",Virginia,Lynchburg,"400 block of Rivermont Ave",1,0,N/A
"August 31, 2017",Ohio,Columbus,"2300 block of Republic Ave",2,0,N/A
"August 31, 2017",Maryland,Edgewood,"600 block of Harr Park Ct",1,0,N/A
"August 31, 2017",Arkansas,"Cleburne (county)",N/A,1,0,N/A
"August 31, 2017",Ohio,Cincinnati,"5800 block of Shadymist Ln",1,1,N/A
"August 31, 2017",California,Wilmington,"300 block of W D St",1,1,N/A
"August 31, 2017",California,Selma,"1400 block of Mill Street",1,0,N/A
"August 31, 2017",Florida,"Fort Myers Beach","431 Lazy Way",1,0,N/A
"August 31, 2017",Louisiana,"Baton Rouge","9000 block of Scotland Ave",1,0,N/A
"August 31, 2017","South Carolina","North Charleston","2799 Ranger Dr",1,0,N/A
"August 31, 2017",Mississippi,Picayune,I-95,1,0,N/A
"August 31, 2017",Virginia,Goochland,"3100 block of Sandy Hook Rd",1,0,N/A
"August 31, 2017",Tennessee,Antioch,"300 Hickory Hollow Pl",1,0,N/A
"August 31, 2017",Missouri,"Saint Louis","Emma Ave and Mimika Ave",1,0,N/A
"August 31, 2017",Alabama,Madison,"Analicia Drive",2,0,N/A
"August 31, 2017",Missouri,"Saint Louis","W Florissant Ave and Adelaide Ave",1,0,N/A
"August 31, 2017",Illinois,Chicago,"11100 block of S Ashland",1,0,N/A
"August 31, 2017",Illinois,Chicago,"1400 block of S Springfield",2,0,N/A
"August 31, 2017",Florida,Jacksonville,"2100 block ofW 12th St",1,1,N/A
"August 31, 2017",Arizona,Phoenix,"1500 S 15th Ave",1,0,N/A
"August 31, 2017",Mississippi,Jackson,"Greenwood Avenue",1,0,N/A
"August 31, 2017",Indiana,"Fort Wayne","4100 block of Lillie St",1,0,N/A
"August 31, 2017",Florida,"North Fort Myers","Tucker Ln",1,0,N/A
"August 31, 2017",Florida,Leesburg,"125 Sleepy Hollow Rd",1,0,N/A
"August 31, 2017",Illinois,"Chicago (Englewood)","6500 block of S Bell",2,10,N/A
"August 31, 2017",Georgia,Columbus,"548 Henson Avenue",1,0,N/A
"August 31, 2017",Nevada,"Las Vegas","6800 block of Fallona Ave",1,0,N/A
"August 31, 2017",Indiana,Muncie,"300 block of W Main St",1,0,N/A
"August 31, 2017",Tennessee,Memphis,"1600 block of Cherry Rd",1,0,N/A
"August 31, 2017",Louisiana,"Baton Rouge","2000 block of Plank Rd",1,0,N/A
"August 31, 2017",California,Milpitas,"200 block of Spring Valley Ln",1,0,N/A
"August 30, 2017",Louisiana,Greensburg,"200 block of Pistol Womack Ln",1,1,N/A
"August 30, 2017",Pennsylvania,Philadelphia,"3100 block of Diamond St",1,0,N/A
"August 30, 2017",Pennsylvania,Philadelphia,"5100 Pennway St",1,0,N/A
"August 30, 2017",Michigan,Detroit,"18900 block of Vaughan",1,0,N/A
"August 30, 2017",Louisiana,"Baton Rouge","5500 block of Greenwell Springs Road",1,0,N/A
"August 30, 2017",Maryland,Baltimore,"4700 York Rd",2,0,N/A
"August 30, 2017",Maryland,Baltimore,"800 block of North Woodington Road",1,0,N/A
"August 30, 2017",Texas,Katy,"Peek Rd and Westheimer Pkwy",1,0,N/A
"August 30, 2017",Indiana,Indianapolis,"1000 block of W 29th St",1,0,N/A
"August 30, 2017",Mississippi,Cleveland,"1700 block of South Chrisman Avenue",1,0,N/A
"August 30, 2017",Mississippi,Cleveland,"400 block of South Street",1,0,N/A
"August 30, 2017",Missouri,"Saint Louis (Berkeley)","8360 Airport Road",1,0,N/A
"August 30, 2017",California,Bakersfield,"601 Pacheco Rd",1,2,N/A
"August 30, 2017",California,Visalia,"31800 block of Rd 138",3,0,N/A
"August 30, 2017",California,Sacramento,"2600 Auburn Blvd",2,2,N/A
"August 30, 2017",Michigan,"Madison Heights","1331 W 14 Mile Rd",1,0,N/A
"August 30, 2017",Florida,Miami,"15th Ave and NW 66th St",1,0,N/A
"August 30, 2017",Pennsylvania,Lancaster,"600 block of Hempfield Hill Rd",2,0,N/A
"August 30, 2017",Pennsylvania,Mountville,"300 block of E Main St",1,1,N/A
"August 30, 2017",Kansas,"Kansas City","1400 block of N 75th Dr",1,0,N/A
"August 30, 2017",California,Murrieta,"27900 block of Busman Rd",1,0,N/A
"August 30, 2017","District of Columbia",Washington,"1400 block of Harvard Street NW",1,0,N/A
"August 30, 2017",Illinois,Maywood,N/A,1,0,N/A
"August 30, 2017",Texas,Houston,"800 Fidelity",1,2,N/A
"August 30, 2017",Ohio,Goshen,"1300 block of Norma Ln",1,0,N/A
"August 30, 2017","North Carolina",Charlotte,"4400 block of Uppergate Lane",1,0,N/A
"August 29, 2017",Pennsylvania,Sharon,"700 block of Meek St",1,0,N/A
"August 29, 2017","New York",Bronx,"E 161st St",1,0,N/A
"August 29, 2017",Alabama,"Grand Bay","Mt. Pisgah Church Road",1,0,N/A
"August 29, 2017",Idaho,Nampa,"1900 block of West Flamingo Avenue",2,0,N/A
"August 29, 2017",California,Sacramento,"5100 block of Karm Way",1,0,N/A
"August 29, 2017",Pennsylvania,Pittsburgh,"1700 block of Belleau Dr",1,0,N/A
"August 29, 2017",Louisiana,"Baton Rouge","800 block of Scenic Hwy",1,0,N/A
"August 29, 2017",Pennsylvania,Latrobe,"333 Main Street",1,0,N/A
"August 29, 2017",Texas,"Fort Worth (Watauga)","6325 Rufe Snow Dr",1,0,N/A
"August 29, 2017",Alabama,Jacksonville,"Cross Street",2,0,N/A
"August 29, 2017",Minnesota,Minneapolis,"N Penn Ave and 36th Ave",1,0,N/A
"August 29, 2017",Missouri,"Saint Louis","5457 Page Blvd",2,0,N/A
"August 29, 2017",Massachusetts,Somerville,"14 Farragut Ave",1,0,N/A
"August 29, 2017",Washington,"Walla Walla","500 block of E Cherry St",1,0,N/A
"August 29, 2017",Indiana,Evansville,"101 NW Martin Luther King Blvd",1,0,N/A
"August 29, 2017",Indiana,Indianapolis,"3900 block of S Ewing",1,0,N/A
"August 29, 2017",Louisiana,Simsboro,"1 Tiger Dr",1,1,N/A
"August 29, 2017",Tennessee,Memphis,"5885 Shelby Oaks Dr",2,0,N/A
"August 29, 2017",California,Oceanside,"5306 N River Rd",1,0,N/A
"August 29, 2017",Illinois,"University Park","900 block of Morningside Dr",1,0,N/A
"August 29, 2017",Louisiana,Shreveport,"400 block of Merrick Street",1,1,N/A
"August 29, 2017",Georgia,Lithonia,"5800 block of Par Four Court",3,0,N/A
"August 29, 2017",Ohio,Youngstown,"Chicago Ave",1,0,N/A
"August 29, 2017",Georgia,Appling,"4213 Old Lincolnton Rd",1,0,N/A
"August 29, 2017",Mississippi,Collins,"Highway 84",1,0,N/A
"August 29, 2017","New Mexico",Tucumcari,"400 block of N College St",1,0,N/A
"August 29, 2017",Illinois,"Hazel Crest","Birchwood Dr",1,0,N/A
"August 29, 2017",Ohio,Toledo,"900 block of Continental Blvd",1,0,N/A
"August 29, 2017",Indiana,Gary,"500 block of Mount St",1,0,N/A
"August 29, 2017",Ohio,Cleveland,"E 28th St and Cedar Ave",1,0,N/A
"August 29, 2017",Florida,Bradenton,"3126 53rd Ave E",1,0,N/A
"August 29, 2017",Tennessee,Knoxville,"418 Agnes Rd",1,0,N/A
"August 28, 2017","South Dakota","Sioux Falls","6201 W 61st St",1,0,N/A
"August 28, 2017",Arizona,Pinetop,"777 Highway 260",1,0,N/A
"August 28, 2017",Minnesota,"Blooming Prairie",N/A,1,0,N/A
"August 28, 2017",California,"Los Angeles","800 block of E Compton Blvd",1,0,N/A
"August 28, 2017",Georgia,Doerun,"Highway 133 North",1,0,N/A
"August 28, 2017",Ohio,Columbus,"700 block of E Mithoff St",1,0,N/A
"August 28, 2017",Georgia,Decatur,"4103 Wesley Club Dr",1,0,N/A
"August 28, 2017",Ohio,Cleveland,"17800 block of Olympia Rd",1,1,N/A
"August 28, 2017",Colorado,Aurora,"E Mississippi Ave and S Havana St",1,0,N/A
"August 28, 2017",Tennessee,Chattanooga,"7013 Shallowford Rd",1,0,N/A
"August 28, 2017","New Jersey",Howell,"W 6th St",1,0,N/A
"August 28, 2017","South Carolina",Timmonsville,"Kershaw St and Byrd St",1,0,N/A
"August 28, 2017",Kansas,Moundridge,"I 135 and Arrowhead Road",1,0,N/A
"August 28, 2017",Florida,"Lake City","NW Lake Jeffrey Rd",1,0,N/A
"August 28, 2017",Virginia,Norfolk,"700 block of Lincoln St",1,0,N/A
"August 28, 2017",Maine,Westbrook,"40 Falmouth St",1,0,N/A
"August 28, 2017",California,"Los Angeles","7550 Melrose Ave",1,0,N/A
"August 28, 2017",California,"Los Angeles","8300 block of S Central Ave",1,1,N/A
"August 28, 2017",Connecticut,"New Milford","47 Outlook Road",1,0,N/A
"August 28, 2017",Maine,Scarborough,"17 Milliken St",1,0,N/A
"August 28, 2017",Florida,"Pinellas Park","6500 87th Ave N",1,0,N/A
"August 28, 2017",Pennsylvania,Bethlehem,"900 block of Seneca St",1,0,N/A
"August 28, 2017",Alabama,"Muscle Shoals","400 block of Roosevelt Ave",1,0,N/A
"August 28, 2017",Maryland,Baltimore,"3400 block of Mount Pleasant Ave",1,0,N/A
"August 28, 2017",Illinois,Chicago,"5700 block of S Artesian",1,0,N/A
"August 28, 2017",Texas,Scurry,"9500 block of Timber Trail",1,0,N/A
"August 28, 2017",Alabama,Birmingham,"1200 block of Gulfport Street",1,0,N/A
"August 28, 2017",Illinois,"Chicago Heights (Ford Heights)","1400 block of Regent Ln",1,0,N/A
"August 28, 2017",Georgia,Dallas,N/A,1,0,N/A
"August 28, 2017",Kentucky,Frankfort,"120 block of Marlowe Court",1,0,N/A
"August 28, 2017",Illinois,Joliet,"407 N Reed Street",3,0,N/A
"August 28, 2017",Illinois,Bellwood,"400 block of 24th Avenue",1,1,N/A
"August 28, 2017",Ohio,Findlay,"1701 Blanchard Ave",1,0,N/A
"August 28, 2017",Texas,"Harker Heights","100 block of Central Texas Expwy",1,0,N/A
"August 28, 2017",Virginia,Richmond,"VA-33 and N 30th St",1,0,N/A
"August 28, 2017","New Mexico",Clovis,"701 N Main St",2,4,N/A
"August 27, 2017",California,"Cathedral City","68171 Ramon Rd",1,0,N/A
"August 27, 2017",California,"Van Nuys","14900 block of Raymer St",1,0,N/A
"August 27, 2017","New Jersey",Newark,"Adams and Walnut street",2,0,N/A
"August 27, 2017",Georgia,Decatur,"Snapfinger Woods Drive",1,0,N/A
"August 27, 2017",California,"San Francisco","Tenderloin and Ellis",1,0,N/A
"August 27, 2017",California,"San Francisco","Lisbon St and France Ave",1,0,N/A
"August 27, 2017",Louisiana,Opelousas,"Lombard St and Congress St",1,0,N/A
"August 27, 2017",Alaska,Aniak,N/A,1,1,N/A
"August 27, 2017","New Jersey",Paterson,"North Main Street and Jefferson Street",1,0,N/A
"August 27, 2017",Ohio,Columbus,"0 block of S Richardson Ave",1,0,N/A
"August 27, 2017",Texas,"Fort Worth","3500 S Riverside",1,0,N/A
"August 27, 2017",Oklahoma,Norman,"1800 block of Twisted Oaks Dr",1,0,N/A
"August 27, 2017",Michigan,Detroit,"Mack Ave and Seneca St",1,0,N/A
"August 27, 2017",California,Sacramento,"7760 24th St",1,4,N/A
"August 27, 2017","New Mexico",Farmington,"4220 Hudson St",1,1,N/A
"August 27, 2017",Ohio,Cincinnati,"1700 block of Race St",1,0,N/A
"August 27, 2017",Ohio,Columbus,"I 70",1,0,N/A
"August 27, 2017","New Jersey","Atlantic City","South Virginia Avenue",1,0,N/A
"August 27, 2017",California,Mojave,"2350 State Highway 58",1,1,N/A
"August 27, 2017","North Carolina","New Bern","Trent Ct",1,0,N/A
"August 27, 2017",Indiana,Evansville,"1127 Chestnut St",1,3,N/A
"August 27, 2017",Indiana,Elkhart,"300 block of State St",1,1,N/A
"August 27, 2017",Michigan,Waterford,"1049 N Oakland Blvd",1,0,N/A
"August 27, 2017",Massachusetts,Springfield,"Bay St and Aster St",1,0,N/A
"August 27, 2017","North Carolina",Salisbury,"700 block of Williams Road",1,0,N/A
"August 27, 2017",Indiana,Indianapolis,"1400 block of Brunswick Ave",2,0,N/A
"August 27, 2017",Ohio,Springfield,"383 East Leffel Lane",1,1,N/A
"August 27, 2017",Indiana,Indianapolis,"3400 block of W Vermont St",1,0,N/A
"August 27, 2017",Kentucky,Sharpsburg,"Bethel Ridge Road",1,0,N/A
"August 27, 2017",Ohio,"Dayton (Kettering)","E Bataan Dr and Craig Dr",1,0,N/A
"August 27, 2017",Tennessee,Memphis,"Alcy and Hillview",1,0,N/A
"August 27, 2017",Iowa,"Iowa City","College St and Dubuque St",1,2,N/A
"August 27, 2017",Florida,"Palm Beach Gardens","Sunset Dr",1,0,N/A
"August 27, 2017",Georgia,Athens,"100 block of North Milledge Avenue",1,0,N/A
"August 27, 2017",Virginia,"Henrico (Highland Springs)","1900 block of Cosby St",2,1,N/A
"August 27, 2017",Missouri,"Saint Louis","Riverview Blvd and Hall St",1,0,N/A
"August 27, 2017",Georgia,Mcdonough,"Jonesboro Road",1,0,N/A
"August 27, 2017",Ohio,Painesville,"130 block of W Jackson St",1,0,N/A
"August 27, 2017",Missouri,"Saint Louis","3700 Block of Pennsylvania Ave",1,0,N/A
"August 27, 2017",Georgia,Macon,"Eisenhower Parkway",1,0,N/A
"August 27, 2017",Illinois,Chicago,"6400 block of S Champlain",1,0,N/A
"August 27, 2017",Illinois,"Oak Forest","6600 block of 157th St",1,0,N/A
"August 27, 2017","New York",Brooklyn,"Ralph Ave and Tilden Ave",1,0,N/A
"August 27, 2017",Georgia,Marietta,"790 Wilson Circle",1,0,N/A
"August 27, 2017",Illinois,Chicago,"2000 block of S Leavitt",1,0,N/A
"August 27, 2017",Illinois,Decatur,"1200 block of E Condit St",1,0,N/A
"August 27, 2017",Kentucky,Liberty,"Cannon Road",1,0,N/A
"August 27, 2017","North Carolina",Raleigh,"5903 Wolf Glen Ct",1,0,N/A
"August 27, 2017",Texas,Houston,"8849 Braesmont Dr",1,0,N/A
"August 27, 2017",Texas,"Wichita Falls","Seymour Hwy and Beverly Dr",1,0,N/A
"August 26, 2017",Oklahoma,"Texas (county)",N/A,1,0,N/A
"August 26, 2017",Texas,Amarillo,"2300 block of Fritch Hwy",1,0,N/A
"August 26, 2017",Wisconsin,Milwaukee,"626 S 5th St",1,2,N/A
"August 26, 2017","North Carolina",Fayetteville,"690 S Reilly Rd",1,1,N/A
"August 26, 2017",Ohio,Toledo,"4500 block of Dorr St",1,0,N/A
"August 26, 2017",Georgia,Adel,"W 6th St and S Oak St",1,2,N/A
"August 26, 2017",Missouri,"Saint Louis","6000 block of N Broadway",1,2,N/A
"August 26, 2017",Illinois,"Chicago (Englewood)","6200 block of S Laflin",1,0,N/A
"August 26, 2017",Missouri,"Cape Girardeau","546 S Sprigg St",1,0,N/A
"August 26, 2017",Alabama,Huntsville,"3006 Clopton St SW",1,0,N/A
"August 26, 2017",Missouri,"Kansas City","4029 N Oak Trafficway",1,0,N/A
"August 26, 2017",Arizona,Kingman,N/A,1,1,N/A
"August 26, 2017",Utah,Midvale,"142 W Columbia Dr",1,0,N/A
"August 26, 2017",Wyoming,Powell,"956 Lane 11",1,0,N/A
"August 26, 2017",California,Lancaster,"42000 block of Sierra Hwy",1,0,N/A
"August 26, 2017",Missouri,"Saint Louis","Labadie Ave and N Newstead Ave",1,0,N/A
"August 26, 2017","South Carolina",Greenwood,"Tanyard Ave",1,0,N/A
"August 26, 2017",California,"Los Angeles","2016 E 105th St",1,0,N/A
"August 26, 2017",Pennsylvania,Philadelphia,"1700 block of N Newkirk St",1,1,N/A
"August 26, 2017",Arizona,Mesa,"S Alma School Rd and W Baseline Rd",1,1,N/A
"August 26, 2017",Arizona,Chandler,"286 W Palomino Dr",1,0,N/A
"August 26, 2017",California,Turlock,"140 block of West Simmons Road",1,0,N/A
"August 26, 2017",California,Sacramento,"7500 block of Cottontree Way",1,0,N/A
"August 26, 2017",Arkansas,"Pine Bluff","1 Harbor Oaks Dr",1,2,N/A
"August 26, 2017",Indiana,"Nineveh (Princes Lakes)","600 block of W Lakeview Dr",2,0,N/A
"August 26, 2017",Virginia,Abingdon,"18601 Ironwood Loop",1,0,N/A
"August 26, 2017",Illinois,Rockford,"300 block of Royal Avenue",1,1,N/A
"August 26, 2017",Florida,Weirsdale,"13842 SE Hwy 42",3,0,N/A
"August 26, 2017",Illinois,Chicago,"3300 block of W Potomac",1,0,N/A
"August 26, 2017",Illinois,Chicago,"6200 block of S King Dr",1,0,N/A
"August 26, 2017",Illinois,Chicago,"3600 block of W Ohio",1,0,N/A
"August 26, 2017",Minnesota,"Minneapolis (Crystal)","5359 W Broadway Ave",1,0,N/A
"August 26, 2017",Illinois,Rockford,"300 block of Underwood Street",1,0,N/A
"August 26, 2017",Washington,Seattle,N/A,1,0,N/A
"August 26, 2017",Texas,Houston,"6910 Avenue T",1,0,N/A
"August 26, 2017",Pennsylvania,Allentown,"1100 block of West Allen Street",1,0,N/A
"August 26, 2017",California,Seaside,"1300 block of Sonoma Avenue",1,0,N/A
"August 26, 2017",Texas,"San Antonio","1700 S Hamilton St",1,0,N/A
"August 25, 2017",Iowa,Marshalltown,"Lincoln Hwy and Marshalltown Blvd",1,0,N/A
"August 25, 2017","North Carolina",Lincolnton,"1300 Block of Wildale Ln",1,0,N/A
"August 25, 2017",California,"Los Angeles","4419 S Western Ave",1,1,N/A
"August 25, 2017",Tennessee,Clarksville,"3100 block of Ft Campbell Blvd",1,1,N/A
"August 25, 2017",Maryland,Baltimore,"200 block of N Bond St",1,0,N/A
"August 25, 2017",Ohio,Vandalia,"800 block of Heather Ct",1,0,N/A
"August 25, 2017",Maryland,Baltimore,"Collins Avenue and Frederick Avenue",1,1,N/A
"August 25, 2017",California,"Riverside (Jurupa Valley)","6900 block of Adele Ln",1,0,N/A
"August 25, 2017",Alabama,"Alexander City","Pineview Dr",1,0,N/A
"August 25, 2017",Missouri,Independence,"8700 Block of E St John Ave",1,0,N/A
"August 25, 2017",Missouri,"Kansas City","300 block of 39th Ter",1,0,N/A
"August 25, 2017","North Carolina",Wilmington,"1300 block of Dawson St",1,0,N/A
"August 25, 2017",California,Oakland,"9200 block of Olive St",1,1,N/A
"August 25, 2017",Georgia,"Union Point (Woodville)","Hwy 77 and Penfield Rd",1,0,N/A
"August 25, 2017","New York","Pound Ridge","23 Fox Hill Road",3,0,N/A
"August 25, 2017",Missouri,"Kansas City","5700 block of Cambridge Avenue",1,0,N/A
"August 25, 2017",Virginia,Petersburg,"200 block of Spring St",1,0,N/A
"August 25, 2017",California,Eureka,"1300 block of 7th St",1,0,N/A
"August 25, 2017","New Jersey",Camden,"700 block of Ware Street",1,0,N/A
"August 25, 2017",Georgia,Savannah,"515 Pennsylvania Avenue",1,0,N/A
"August 25, 2017",Massachusetts,Springfield,"82 Albemarle St",1,0,N/A
"August 25, 2017",Maryland,Boonsboro,"Fahrney Church Rd",1,0,N/A
"August 25, 2017",Louisiana,"New Orleans (Gentilly)","2400 block of Athis St",1,1,N/A
"August 25, 2017",Florida,"Fort Lauderdale (Sunrise)","11025 NW 40th St",1,0,N/A
"August 25, 2017",Texas,Killeen,"5300 block of Allegany Dr",1,0,N/A
"August 25, 2017",Mississippi,Jackson,"6024 Lake Trace Circle",1,0,N/A
"August 25, 2017","New York",Brockport,"300 Owens Rd",1,0,N/A
"August 25, 2017",Florida,Jacksonville,"1355 N Edgewood Ave",1,0,N/A
"August 25, 2017",Illinois,"Chicago (Englewood)","5900 block of S Morgan",1,0,N/A
"August 25, 2017",Tennessee,Memphis,"4205 Hacks Cross Rd",1,0,N/A
"August 25, 2017",Pennsylvania,"York (West York)","1200 Block of W King St",1,0,N/A
"August 25, 2017",Ohio,Akron,"2200 block of 7th St",1,0,N/A
"August 25, 2017",Tennessee,Nashville,"2700 block of Batavia Street",1,0,N/A
"August 25, 2017",Kentucky,Louisville,"4800 block of Bluebird Ave",3,0,N/A
"August 24, 2017",Michigan,Ypsilanti,"800 block of Monroe Ave",1,0,N/A
"August 24, 2017","North Carolina",Lumberton,"NC-72 W",1,0,N/A
"August 24, 2017",Ohio,Cincinnati,"3305 Reading Rd",1,0,N/A
"August 24, 2017",Connecticut,Bridgeport,"6th St and Stratford Ave",1,0,N/A
"August 24, 2017","New Jersey",Orange,"Main Ave and Lincoln Ave",1,0,N/A
"August 24, 2017",Missouri,"Kansas City","9700 block of Noland Road",1,0,N/A
"August 24, 2017",Florida,"Fort Lauderdale","400 block of N Andrews Ave",1,0,N/A
"August 24, 2017",Ohio,Columbus,"796 Canonby Place",1,0,N/A
"August 24, 2017","District of Columbia",Washington,"1100 block of Oates Street NE",1,0,N/A
"August 24, 2017",California,"Lemon Grove","2100 Block of Rebecca Way",1,0,N/A
"August 24, 2017",Colorado,Aurora,"1460 Boston St",1,0,N/A
"August 24, 2017","New Jersey",Orange,"467 Central Ave",1,0,N/A
"August 24, 2017",California,"Los Angeles","6200 block of San Pedro Street",1,0,N/A
"August 24, 2017",California,"Santa Ana","500 block of S Shelley St",1,0,N/A
"August 24, 2017",California,Oakland,"1700 block of 7th St",1,0,N/A
"August 24, 2017",Louisiana,Tallulah,"North Madison Street",1,0,N/A
"August 24, 2017",Pennsylvania,"East Stroudsburg","126 E Barnum St",1,0,N/A
"August 24, 2017","South Carolina",Charleston,"412 King Street",2,0,N/A
"August 24, 2017",Kentucky,Louisville,"4000 block of Greenwood Ave",1,0,N/A
"August 24, 2017",Mississippi,Starkville,"305 Everglade Ave",1,0,N/A
"August 24, 2017",Oregon,"John Day","Dog Creek Road",1,0,N/A
"August 24, 2017",Delaware,Bridgeville,"Appletree Road",1,1,N/A
"August 24, 2017",Michigan,Waterford,"2000 block of Sunhill Dr",1,0,N/A
"August 24, 2017",Missouri,"Saint Louis","10400 block of Balmoral Dr",4,0,N/A
"August 24, 2017",Illinois,"Harvey (Dixmoor)","50 block of W 141st St",1,0,N/A
"August 24, 2017","North Carolina",Charlotte,"5400 block of Windy Valley Drive",1,0,N/A
"August 24, 2017",Texas,"San Antonio","400 block of Tulipan Walk",1,0,N/A
"August 24, 2017",Missouri,"Saint Louis (Berkeley)","6300 block of Garfield Ave",1,0,N/A
"August 24, 2017",Alabama,Birmingham,"Imperial Drive and 18th Street SW",1,0,N/A
"August 24, 2017",Georgia,Griffin,"815 W Slaton Ave",1,1,N/A
"August 24, 2017",Virginia,Richmond,"200 block of Green Cove Dr",1,1,N/A
"August 24, 2017",Kansas,Topeka,"2800 block of SE Highland Court",1,0,N/A
"August 24, 2017",Kansas,"Shawnee (Merriam)","W 68th St and Mastin Dr",1,0,N/A
"August 24, 2017",Pennsylvania,Philadelphia,"100 block of W Lippincott St",1,0,N/A
"August 24, 2017","North Carolina",Whitakers,"1400 Block of Shearin Rd",2,0,N/A
"August 24, 2017","North Carolina",Sanford,N/A,1,0,N/A
"August 23, 2017","North Carolina",Charlotte,"Albemarle Rd",1,0,N/A
"August 23, 2017",Nevada,Reno,"7th St and Lake St",1,0,N/A
"August 23, 2017",Maryland,Annapolis,"1800 block of Bowman Drive",1,0,N/A
"August 23, 2017",California,"Los Angeles","12000 block of Burbank Blvd",1,0,N/A
"August 23, 2017","West Virginia","Clendenin (Quick)","Laurel Fork Rd",1,1,N/A
"August 23, 2017","South Carolina",Hamer,"3027 US-301",1,0,N/A
"August 23, 2017","North Carolina",Edenton,"215 E Church St",1,0,N/A
"August 23, 2017",Georgia,Macon,"3497 Pio Nono Ave",1,0,N/A
"August 23, 2017",Colorado,Denver,"W 9th Ave and Sheridan Blvd",1,0,N/A
"August 23, 2017",Kentucky,Monticello,"Mercer Drive",1,0,N/A
"August 23, 2017",Utah,"Fort Duchesne",N/A,1,0,N/A
"August 23, 2017",Kansas,Olathe,"Park St and Keeler St",1,0,N/A
"August 23, 2017",Missouri,"Saint Louis","300 block of Christian",1,0,N/A
"August 23, 2017","North Carolina",Greensboro,"2406 Flora Vista Road",2,0,N/A
"August 23, 2017",California,Bloomington,"17000 block of Santa Ana Avenue",4,0,N/A
"August 23, 2017",Georgia,Cordele,"900 block of 15th Avenue",2,0,N/A
"August 23, 2017",Louisiana,Shreveport,"Grove Ave and Frederick St",1,0,N/A
"August 23, 2017",Colorado,"Colorado Springs (Fort Carson)","6001 Wetzel Ave",1,0,N/A
"August 23, 2017",Illinois,Chicago,"Spaulding and Cortland",1,0,N/A
"August 23, 2017",Florida,Pensacola,"W Mallory St and N Pace Blvd",1,1,N/A
"August 23, 2017",Arizona,Phoenix,"6428 S 19th Ave",2,0,N/A
"August 23, 2017",Alabama,Dothan,"800 block of Mc Kay St",1,0,N/A
"August 23, 2017",California,"Los Angeles","12244 Burbank Blvd",1,0,N/A
"August 23, 2017",Texas,Austin,"1809 W Rundberg Ln",1,0,N/A
"August 23, 2017","District of Columbia",Washington,"1100 block of Oates St NE",1,0,N/A
"August 23, 2017",Kentucky,Somerset,"400 Denham St",1,0,N/A
"August 23, 2017",Ohio,Cleveland,"E 123rd St and Phillips Ave",1,0,N/A
"August 23, 2017",Wisconsin,Milwaukee,"3000 block of N 40th St",1,0,N/A
"August 23, 2017",Virginia,Richmond,"2100 block of Creighton Rd",1,1,N/A
"August 23, 2017",Texas,Katy,"873 S Mason Rd",1,1,N/A
"August 23, 2017",Ohio,Cleveland,"10700 block of Hampden Ave",1,0,N/A
"August 22, 2017",Tennessee,Memphis,"7th St and Bickford Ave",1,0,N/A
"August 22, 2017","North Carolina",Albemarle,"N. Seventh Street",1,0,N/A
"August 22, 2017",Washington,Seattle,"1st Ave S and S Spokane St",1,1,N/A
"August 22, 2017",Louisiana,Ruston,"Cotton Ave",1,2,N/A
"August 22, 2017",Iowa,"Des Moines","3733 Easton Blvd",1,0,N/A
"August 22, 2017",Maryland,Baltimore,"3700 Fleetwood Ave",1,0,N/A
"August 22, 2017",Georgia,Macon,"917 Hillcrest Blvd",1,0,N/A
"August 22, 2017",California,Stockton,"8800 block of El Toro Way",1,0,N/A
"August 22, 2017",California,"North Highlands","4100 block of Painter Way",1,0,N/A
"August 22, 2017",California,Tarzana,"5500 block of Lindley Avenue",2,0,N/A
"August 22, 2017","South Carolina","Green Sea","Church Rd and Carolina Rd",1,0,N/A
"August 22, 2017",Illinois,Grayslake,"300 block of Normandy Ln",1,0,N/A
"August 22, 2017",California,Durham,"1900 block of Durham-Dayton Hwy",1,0,N/A
"August 22, 2017",Florida,Tampa,"100 block of W Adalee",1,0,N/A
"August 22, 2017",Texas,Mission,"Trey Leal Avenue and Moorefield Road",1,0,N/A
"August 22, 2017",Illinois,Cicero,"W 16th St and S 56th Ct",1,0,N/A
"August 22, 2017",California,"Santa Maria (Orcutt)","5300 block of Bradley Road",1,0,N/A
"August 22, 2017","New York",Bronx,"E 166th St and Franklin Ave",1,0,N/A
"August 22, 2017",Louisiana,"Baton Rouge","9000 block of Great Smokey Avenue",1,0,N/A
"August 22, 2017",Maryland,Catonsville,"700 block of Fern Valley Road",1,0,N/A
"August 22, 2017",Maryland,Baltimore,"900 block of Bennett Place",1,0,N/A
"August 22, 2017",Florida,"Daytona Beach","556 Bellevue Ave",1,0,N/A
"August 22, 2017","New York",Hudson,"29 North 3rd Street",1,0,N/A
"August 22, 2017",Georgia,Columbus,"4th Avenue",1,0,N/A
"August 22, 2017",Illinois,Chicago,"5200 block of Bishop",1,0,N/A
"August 22, 2017",Illinois,Harvey,"15900 block of Woodbridge Ave",1,0,N/A
"August 22, 2017","North Carolina","Winston Salem (Winston-salem)","2001 Glendale St",1,0,N/A
"August 22, 2017",Louisiana,"Baton Rouge","10900 block of Florida Blvd",1,0,N/A
"August 22, 2017",Missouri,"Saint Louis","5200 block of Ridge Ave",1,0,N/A
"August 22, 2017","South Carolina",Yemassee,"Leaping Frog Ln",1,0,N/A
"August 22, 2017",Alabama,Perdido,"Hoyle Bryars Rd and Dallas Hadley Rd",1,0,N/A
"August 22, 2017",Georgia,Fayetteville,"200 block of Tyrone Road",1,1,N/A
"August 22, 2017",Arkansas,"Hot Springs National Park (Hot Springs)","500 block of Lakeland Drive",1,0,N/A
"August 22, 2017","New Mexico",Albuquerque,"Irving and Unser NW",1,0,N/A
"August 22, 2017","West Virginia","Charleston (Sissonville)","433 Wolf Pen Drive",1,0,N/A
"August 21, 2017","New York",Syracuse,"107 Hartson St",1,0,N/A
"August 21, 2017","South Carolina",Conway,"1230 16th Avenue",2,0,N/A
"August 21, 2017","South Carolina","Myrtle Beach","Pinegrove Drive",1,0,N/A
"August 21, 2017","North Carolina",Fayetteville,"North Street",1,0,N/A
"August 21, 2017","North Carolina",Charlotte,"6500 block of Outer Bridge Lane",1,1,N/A
"August 21, 2017",Oregon,Beavercreek,"17380 S Buckner Creek Rd",1,0,N/A
"August 21, 2017",Wisconsin,Franklin,"Co Rd AB",1,0,N/A
"August 21, 2017","New Jersey",Newark,"700 block of S 19th St",1,3,N/A
"August 21, 2017",Ohio,Cincinnati,"100 block of E Clifton Ave",1,0,N/A
"August 21, 2017",Maryland,Baltimore,"Cottage Avenue and Park Heights Avenue",1,3,N/A
"August 21, 2017","New York","Buffalo (Cheektowaga)","33 Sierra Dr",1,0,N/A
"August 21, 2017",Florida,Jacksonville,"7400 block of Fernandina",1,0,N/A
"August 21, 2017",Illinois,Chicago,"1400 block of N Lockwood",1,0,N/A
"August 21, 2017",Indiana,Indianapolis,"E 42nd St and Mitthoeffer",1,0,N/A
"August 21, 2017",Ohio,Steubenville,"301 Market Street",1,1,N/A
"August 21, 2017","North Carolina",Morganton,"2353 U.S. Highway 70",1,0,N/A
"August 21, 2017",Oklahoma,Marietta,"Hwy 77 and Hwy 32",1,0,N/A
"August 21, 2017",Pennsylvania,Wallingford,"935 S Providence Rd",2,0,N/A
"August 21, 2017",Indiana,"Johnson (county)","2300 block of S Old US 31",1,0,N/A
"August 21, 2017",Utah,"Salt Lake City (Millcreek)","3368 Crestwood Drive",1,0,N/A
"August 21, 2017",Colorado,Pueblo,"2900 block of Applewood Dr",1,0,N/A
"August 21, 2017",California,"San Jacinto","2500 block of S Santa Fe",2,0,N/A
"August 21, 2017",Indiana,Indianapolis,"3800 block of North Emerson Avenue",1,0,N/A
"August 21, 2017",Louisiana,"Breaux Bridge",I-10,1,0,N/A
"August 21, 2017",Wisconsin,Milwaukee,"158 E Juneau Ave",1,2,N/A
"August 21, 2017",Pennsylvania,York,"200 block of E Gas St",1,0,N/A
"August 21, 2017",California,"Santa Maria","230 N. College Drive",1,0,N/A
"August 21, 2017",Oklahoma,Claremore,"9800 block of E Oak St",1,0,N/A
"August 21, 2017",Arizona,Phoenix,"8300 block of W Watkins St",1,0,N/A
"August 21, 2017",California,Orange,"800 block of Culver Avenue",1,0,N/A
"August 21, 2017",Georgia,Monroe,"Wheel House Road",1,0,N/A
"August 21, 2017","South Carolina","Mc Coll (Mccoll)","200 N Main St",1,0,N/A
"August 21, 2017",Mississippi,Jackson,"Branch Street",1,0,N/A
"August 21, 2017",Wisconsin,Pardeeville,"416 Vince St",1,0,N/A
"August 21, 2017",California,"San Rafael","200 block of Canal Street",1,0,N/A
"August 21, 2017",Mississippi,Jackson,"I-220 South and Watkins Dr.",1,0,N/A
"August 21, 2017","North Carolina",Whitakers,"980 Fishing Creek Rd",4,0,N/A
"August 20, 2017","North Carolina",Goldsboro,"2006 N. William St.",1,0,N/A
"August 20, 2017",Illinois,Chicago,"11901 S Loomis St",2,5,N/A
"August 20, 2017",Wisconsin,Milwaukee,"800 block of W. Becher St.",1,1,N/A
"August 20, 2017","New Jersey",Brick,"Meridian Drive",1,0,N/A
"August 20, 2017",Texas,"Mount Pleasant (Mt Pleasant)","1100 block of Booker Ave",1,0,N/A
"August 20, 2017",Texas,Austin,"8930 Galewood Dr",1,0,N/A
"August 20, 2017","North Carolina",Cameron,"500 Block of Melody Ln",1,0,N/A
"August 20, 2017",Oklahoma,Altus,"408 N Julian St",1,0,N/A
"August 20, 2017",Missouri,"Kansas City","33rd and Wabash",1,0,N/A
"August 20, 2017",Louisiana,"New Orleans","1800 block of Old Roman St",1,0,N/A
"August 20, 2017","North Carolina",Charlotte,"3100 Block of Grierton Ct",1,1,N/A
"August 20, 2017",Florida,"Panama City Beach","US 98",1,0,N/A
"August 20, 2017",Ohio,"Cincinnati (Westwood)","2751 McKinley Ave",1,0,N/A
"August 20, 2017",Florida,Englewood,"Eleventh St",1,0,N/A
"August 20, 2017",Ohio,Langsville,"Salem School Lot Road",1,0,N/A
"August 20, 2017",Ohio,Columbus,"1800 block of Belcher Dr",1,0,N/A
"August 20, 2017",Iowa,Davenport,"100 block of E 35th",1,1,N/A
"August 20, 2017",Georgia,"Social Circle","160 Ronthor Dr",1,1,N/A
"August 20, 2017",Illinois,Chicago,"7700 block of N Ashland Ave",1,2,N/A
"August 20, 2017",California,Fairfield,"Madison  St and Broadway St",1,0,N/A
"August 20, 2017",Alabama,Montgomery,"1200 block of Bragg St",1,0,N/A
"August 20, 2017",Illinois,Champaign,"300 block of N Walnut",1,0,N/A
"August 20, 2017",California,Stockton,"Keyser Dr",1,0,N/A
"August 20, 2017",Alabama,Theodore,"5750 Alice Ln",1,0,N/A
"August 20, 2017",Missouri,"Kansas City","4124 Pennsylvania Ave",1,1,N/A
"August 20, 2017",California,Ridgecrest,"1200 block of S Garth St",1,0,N/A
"August 20, 2017",Tennessee,Memphis,"1400 block of Decatur Street",1,0,N/A
"August 20, 2017",Florida,"Lake City","742 NW Alma Ave",1,0,N/A
"August 20, 2017",Georgia,Morrow,"6042 N Lee St",1,0,N/A
"August 20, 2017",Utah,"Salt Lake City (West Valley City)","3171 S Ivy Park Dr",2,0,N/A
"August 20, 2017",Indiana,Laotto,"11000 block of CR 500 S",1,0,N/A
"August 20, 2017",Indiana,Indianapolis,"2300 block of S Hoyt",1,1,N/A
"August 20, 2017",Missouri,"Saint Joseph","2600 Mary St",1,0,N/A
"August 20, 2017","South Carolina","North Charleston","1931 Quitman St",1,0,N/A
"August 20, 2017",Florida,"Miami Beach","1200 Block of Collins Ave",1,0,N/A
"August 20, 2017","South Carolina",Gaffney,"800 block of West Buford St",1,0,N/A
"August 20, 2017",Tennessee,Memphis,"1000 block of Parkland Road",1,0,N/A
"August 20, 2017",Illinois,Chicago,"7000 block of S Paulina St",1,1,N/A
"August 20, 2017",Georgia,Columbus,"51st Street and 15th Avenue",1,0,N/A
"August 20, 2017",Illinois,Chicago,"3800 block of S Archer",1,0,N/A
"August 20, 2017",Texas,Dallas,"2400 W Ledbetter Dr",1,0,N/A
"August 20, 2017",Illinois,Chicago,"3000 block of W Polk",1,2,N/A
"August 20, 2017",Illinois,Chicago,"1000 block of W Maxwell",1,0,N/A
"August 20, 2017",Missouri,"Kansas City","Blue Ridge Blvd and Longview Rd",1,0,N/A
"August 20, 2017",California,Bloomington,"1500 block of S Spruce Ave",1,0,N/A
"August 20, 2017",Louisiana,"Baton Rouge","2100 block of N Lobdell Blvd",1,0,N/A
"August 20, 2017",Tennessee,Memphis,"2800 block of Terricrest Road",1,1,N/A
"August 20, 2017",Washington,Seattle,N/A,1,0,N/A
"August 20, 2017",Massachusetts,Boston,"61 Walnut Ave",1,0,N/A
"August 20, 2017",Massachusetts,Boston,"274 Tremont St",1,1,N/A
"August 20, 2017",Georgia,Columbus,"2229 8th Street",1,0,N/A
"August 20, 2017",Texas,Houston,"17125 Tomball Pkwy",1,1,N/A
"August 20, 2017",Texas,Houston,"1000 block of Webster St",1,0,N/A
"August 20, 2017",California,Visalia,"East Roosevelt",1,0,N/A
"August 20, 2017","North Carolina",Erwin,"5151 NC 217",1,0,N/A
"August 20, 2017",Colorado,"Colorado Springs","3958 N Academy Blvd",1,0,N/A
"August 20, 2017",Colorado,Denver,"5000 block of Titan Ct",1,0,N/A
"August 19, 2017","North Carolina",Salisbury,"1126 N Main St",1,0,N/A
"August 19, 2017",Tennessee,Memphis,"1400 block of Hickory Way",1,0,N/A
"August 19, 2017",Tennessee,Clarksville,"1219 Shorehaven Dr",2,0,N/A
"August 19, 2017",Texas,Pearland,"3300 block of Orchard Mill",1,0,N/A
"August 19, 2017",Ohio,Warren,"Duke Ave",1,0,N/A
"August 19, 2017",Arkansas,"Searcy (county)",N/A,1,0,N/A
"August 19, 2017",Louisiana,Many,"1300 block of Matthews Lodge Rd",1,0,N/A
"August 19, 2017",Ohio,Toledo,"3900 block of Vermaas Ave",1,0,N/A
"August 19, 2017",Maryland,Baltimore,"2700 block of The Alameda",1,0,N/A
"August 19, 2017",Ohio,Lorain,"4600 block of Oberlin Avenue",2,0,N/A
"August 19, 2017",Ohio,Cleveland,"11143 Superior Ave",1,4,N/A
"August 19, 2017",Texas,Houston,"12100 block of Teaneck Dr",1,0,N/A
"August 19, 2017",Indiana,"Fort Wayne","905 block of E Washington Blvd",1,0,N/A
"August 19, 2017",Alabama,Montgomery,"1000 block of Perry Hill Rd",1,0,N/A
"August 19, 2017",Florida,"West Palm Beach","1750 N Congress Ave",1,0,N/A
"August 19, 2017",Arizona,Phoenix,"19th and Northern",1,0,N/A
"August 19, 2017","South Carolina","Dillon (county)","Germantown Pl",1,1,N/A
"August 19, 2017",California,Bakersfield,"5000 block of College Avenue",1,0,N/A
"August 19, 2017",California,Bakersfield,"700 Williams St",1,0,N/A
"August 19, 2017",Illinois,Chicago,"2700 block of N Monticello",1,1,N/A
"August 19, 2017",Georgia,"Savannah (Garden City)","1518 Old Dean Forest Road",1,0,N/A
"August 19, 2017",Illinois,Chicago,"12200 block of S Green",1,1,N/A
"August 19, 2017",California,Stockton,"11 E Willow Street",1,0,N/A
"August 19, 2017",Illinois,"Chicago (Englewood)","63rd and Carpenter",1,0,N/A
"August 19, 2017",Alabama,Birmingham,"40 State Farm Pkwy",1,0,N/A
"August 19, 2017",Virginia,Richmond,"1400 block of Coalter Street",1,0,N/A
"August 19, 2017",Virginia,Richmond,"2400 block of Carmine Street",1,0,N/A
"August 19, 2017",Florida,Edgewater,"2001 S Ridgewood Ave",1,0,N/A
"August 19, 2017","South Carolina",Chester,"Baton Rouge Road",1,0,N/A
"August 19, 2017",Missouri,"Saint Louis","N Market St and Vandeventer Ave",1,0,N/A
"August 19, 2017",Missouri,"Saint Louis","700 block of Ponce Ave",1,0,N/A
"August 19, 2017",Kansas,Topeka,"1400 block of SW Harrison St",1,0,N/A
"August 19, 2017","New Mexico",Carlsbad,"Refinery Rd",1,0,N/A
"August 19, 2017",Texas,Killeen,"1100 block of Bacon Ranch Road",1,0,N/A
"August 19, 2017",California,"Los Angeles","1400 block of E 77th St",1,2,N/A
"August 19, 2017",Florida,Miami,"1321 103rd St",1,2,N/A
"August 19, 2017","New York",Rome,"417 W Dominick St",1,0,N/A
"August 19, 2017",Utah,Magna,"8037 W 3380 S",1,1,N/A
"August 19, 2017",Mississippi,Bassfield,"Green Keys Lane",1,0,N/A
"August 19, 2017",Texas,"San Antonio","2200 block of Pipestone Dr",2,0,N/A
"August 19, 2017","North Carolina",Hickory,"1700 block of 16th St. NE",1,0,N/A
"August 18, 2017",Georgia,"Savannah (Garden City)","4309 Augusta Rd",1,0,N/A
"August 18, 2017","North Carolina",Fayetteville,"2800 Block of Eldorado Rd",1,0,N/A
"August 18, 2017",Washington,Seattle,"11819 Renton Ave S",2,0,N/A
"August 18, 2017",Maryland,Baltimore,"1700 Block of Durham St",1,0,N/A
"August 18, 2017",Pennsylvania,Fairchance,"58 W Church St",1,2,N/A
"August 18, 2017","New Jersey","New Brunswick","100 block of Fulton St",1,0,N/A
"August 18, 2017",Texas,Irving,"2100 block of County Line Road",1,0,N/A
"August 18, 2017",Florida,Miami,"20260 NE Third Ct",1,0,N/A