"Incident Date",State,"City Or County",Address,"# Killed","# Injured",Operations
"February 28, 2018",Tennessee,Clarksville,"Paradise Road",1,0,N/A
"February 28, 2018",Pennsylvania,Philadelphia,"4400 block of Holden St",1,0,N/A
"February 28, 2018",Mississippi,Oxford,"County Road 104",1,0,N/A
"February 28, 2018",Virginia,Portsmouth,"1915 Victory Blvd",1,0,N/A
"February 28, 2018",Pennsylvania,Pittsburgh,"7300 block of Hamilton Ave",1,0,N/A
"February 28, 2018",Missouri,"Jefferson City","Sue Dr and Hwy 179",1,0,N/A
"February 28, 2018",Florida,Eustis,"Kensington St and McDonald Ave",1,0,N/A
"February 28, 2018",Ohio,Hillsboro,"Davidson Rd",1,0,N/A
"February 28, 2018",Alabama,Decatur,"900 block of Clearview Street Southwest",2,0,N/A
"February 28, 2018",Alabama,Bessemer,"1900 block of Arlington Avenue",1,0,N/A
"February 28, 2018",Arizona,Flagstaff,"1900 block of E Arrowhead Ave",1,0,N/A
"February 28, 2018",Pennsylvania,Allentown,"1227 Airport Rd",2,1,N/A
"February 28, 2018","New York",Bronx,"Undercliff Ave and 175th St",1,0,N/A
"February 28, 2018",Florida,Orlando,"200 S Orange Ave",1,0,N/A
"February 28, 2018","New Jersey",Edgewater,"200 block of Roosevelt Ave",1,1,N/A
"February 28, 2018","North Carolina",Wagram,"Main St",1,1,N/A
"February 28, 2018",Mississippi,Richland,"400 block of Ebenezer Road",2,1,N/A
"February 28, 2018",Texas,Houston,"4708 McEwen St",1,0,N/A
"February 28, 2018","South Carolina",Greenwood,"1205 SC 72",1,0,N/A
"February 28, 2018",Texas,Killeen,"900 block of Culp Ave",1,0,N/A
"February 27, 2018","New York",Tarrytown,"177 White Plains Rd",1,0,N/A
"February 27, 2018",California,Montebello,"200 block of Whittier Blvd",1,0,N/A
"February 27, 2018","North Carolina",Cameron,"Mallie Dr",1,0,N/A
"February 27, 2018","North Carolina",Albemarle,"1300 block of Reid St",1,0,N/A
"February 27, 2018",Arizona,Tucson,"E Monte Vista Dr",1,0,N/A
"February 27, 2018",Missouri,Springfield,"4000 block of E Whitehall Dr",1,0,N/A
"February 27, 2018",Mississippi,Picayune,"Jarrell Street",1,0,N/A
"February 27, 2018","South Carolina",Chester,N/A,1,0,N/A
"February 27, 2018",Texas,"San Antonio","1530 Austin Hwy",1,0,N/A
"February 27, 2018",Minnesota,Minneapolis,"700 block of E 18th St",1,0,N/A
"February 27, 2018",Tennessee,Clarksville,"1232 Paradise Hill Rd",1,0,N/A
"February 27, 2018",Ohio,Columbus,"1800 block of Little Ave",2,0,N/A
"February 27, 2018",Maryland,Baltimore,"5600 block of Lothian Rd",1,0,N/A
"February 27, 2018",Missouri,"Kansas City","Denver Ave and E 23rd St",1,0,N/A
"February 27, 2018",Colorado,Denver,"1000 block of South Grove Street",2,0,N/A
"February 27, 2018",Arkansas,Marshall,"Integrity Dr",1,0,N/A
"February 27, 2018",Florida,Deltona,"2525 Howland Blvd",1,0,N/A
"February 27, 2018",Alabama,Birmingham,"2900 block of SJ Bennett Dr",1,0,N/A
"February 27, 2018",Arkansas,Monticello,"Davis St",1,0,N/A
"February 27, 2018","District of Columbia",Washington,"Forrester St SE and S Capitol St SE",1,0,N/A
"February 27, 2018",Missouri,"Saint Louis","4300 block of Dr Martin Luther King Dr",1,0,N/A
"February 27, 2018",Idaho,"Coeur D Alene (Coeur D'alene)","N Government Way and E Hattie Ave",1,1,N/A
"February 27, 2018",Michigan,Southfield,"Evergreen Meadows Rd",2,0,N/A
"February 27, 2018",Wisconsin,Milwaukee,"6600 block of N Bourbon St",1,1,N/A
"February 27, 2018",Texas,Dallas,"2323 N Field St",2,0,N/A
"February 27, 2018",Arkansas,"North Little Rock","7400 block of Baucum Pike",1,0,N/A
"February 27, 2018","North Carolina",Asheville,"Rock Hill Rd",1,1,N/A
"February 26, 2018",Connecticut,Watertown,"39 Phillips Dr",2,0,N/A
"February 26, 2018",Kansas,Wamego,"8th Street",1,0,N/A
"February 26, 2018",Kentucky,Henderson,"800 block of Honeylark Ln",0,0,N/A
"February 26, 2018",Nevada,Reno,"2100 Garson Rd",1,0,N/A
"February 26, 2018",Missouri,"Saint Louis","10331 Durness Dr",1,1,N/A
"February 26, 2018",California,"San Diego",N/A,1,0,N/A
"February 26, 2018",Arizona,Gilbert,N/A,1,0,N/A
"February 26, 2018",California,Sacramento,"Truax Ct and Edison Ave",1,0,N/A
"February 26, 2018",Pennsylvania,Shamokin,"N Rock St and Spurzheim St",1,1,N/A
"February 26, 2018",Pennsylvania,Philadelphia,"600 block of  W Clearfield St",1,2,N/A
"February 26, 2018",Pennsylvania,Norristown,"700 block of Chain St",2,0,N/A
"February 26, 2018","New York",Brooklyn,"35 Troutman St",1,0,N/A
"February 26, 2018",Florida,"Fort Lauderdale (Lauderhill)","4235 NW 12th St",1,0,N/A
"February 26, 2018",Maryland,Baltimore,"3000 block of Mayfield Ave",1,0,N/A
"February 26, 2018",Maryland,Baltimore,"4100 block of 6th St",1,1,N/A
"February 26, 2018",Ohio,Tiro,"7025 Lydell Rd",1,0,N/A
"February 26, 2018",California,"Los Angeles","9100 block of Kester Ave",1,0,N/A
"February 26, 2018",Texas,Houston,"6121 Pinemont Dr",1,0,N/A
"February 26, 2018",Colorado,Parker,"18600 Lincoln Meadows Pkwy",1,0,N/A
"February 26, 2018",Missouri,"Saint Louis","4700 block of Kossuth Ave",2,0,N/A
"February 26, 2018",Nevada,Henderson,"Pabco Rd",1,0,N/A
"February 26, 2018","North Carolina",Wingate,"College Street and Jerome Street",1,0,N/A
"February 26, 2018",Wisconsin,Milwaukee,"8803 W Fond du Lac Ave",1,0,N/A
"February 26, 2018",Louisiana,"Port Allen","Avenue D",2,0,N/A
"February 26, 2018",Louisiana,Ringgold,"Cook Drive",1,0,N/A
"February 26, 2018",Mississippi,Jackson,"Revere Street",1,0,N/A
"February 26, 2018",Alabama,Athens,"16000 block of Wellhouse Dr",0,0,N/A
"February 26, 2018",Louisiana,"Baton Rouge","Peach Street",1,0,N/A
"February 26, 2018",Alabama,Montgomery,"3100 block of Crawford Street",1,0,N/A
"February 26, 2018",Connecticut,Bridgeport,"174 Lake St",1,0,N/A
"February 26, 2018","North Carolina",Burgaw,"Satchwell St and Bodenheimer St",1,0,N/A
"February 26, 2018","South Carolina",Greenville,"300 block of Inez Ln",1,0,N/A
"February 26, 2018",California,Sacramento,"5800 Hamilton St",1,0,N/A
"February 26, 2018",Maine,"Norridgewock (Mercer)","Rome Rd",1,0,N/A
"February 26, 2018",Michigan,Detroit,"22000 block of Fenkell Ave",5,0,N/A
"February 26, 2018",Mississippi,Jackson,"100 block of Alabama Street",1,0,N/A
"February 25, 2018",Texas,Houston,"5608 N Shepherd Dr",1,0,N/A
"February 25, 2018",Texas,"Port Arthur","US 69 and 39th St",1,0,N/A
"February 25, 2018",Oklahoma,"Oklahoma City","13511 Highland Park Blvd",1,0,N/A
"February 25, 2018",Louisiana,Baker,"2400 block of McHugh Road",1,0,N/A
"February 25, 2018",Arizona,Phoenix,"3420 S Central Ave",1,2,N/A
"February 25, 2018",Pennsylvania,"New Castle","844 Franklin Ave",2,0,N/A
"February 25, 2018",California,"Daly City","1165 Hillside Blvd",2,1,N/A
"February 25, 2018",Nebraska,Omaha,"25th St and Crown Point Ave",1,1,N/A
"February 25, 2018",Missouri,"Saint Louis (Berkeley)","8300 block of Hatina Dr",1,0,N/A
"February 25, 2018",Kansas,Wichita,"1400 N Market St",1,0,N/A
"February 25, 2018",California,"Palmdale (Lake Los Angeles)","15600 block of Newmont Ave",1,0,N/A
"February 25, 2018",California,"Los Angeles","2105 W Century Blvd",1,0,N/A
"February 25, 2018",Wyoming,Casper,"3800 block of E 15th St",1,0,N/A
"February 25, 2018",Maryland,Baltimore,"5100 block of Park Heights Ave",1,1,N/A
"February 25, 2018",California,"San Diego","3675 Midway Dr",1,0,N/A
"February 25, 2018",Ohio,Warren,"1210 Roberts Ln NE",1,0,N/A
"February 25, 2018",Texas,Dallas,"2200 block of Hollybush Dr",1,0,N/A
"February 25, 2018",Indiana,Gary,"2000 Carolina St",2,0,N/A
"February 25, 2018",Texas,Seguin,"700 block of Timber Elm",2,0,N/A
"February 25, 2018",Delaware,Wilmington,"2300 block of N Market St",1,0,N/A
"February 25, 2018",Texas,Houston,"4800 block of Martin Luther King Jr Blvd",1,0,N/A
"February 25, 2018","South Carolina",Lancaster,"100 block of Terrace Rd",1,0,N/A
"February 25, 2018",California,Fresno,"Cedar Ave and Huntington Ave",1,1,N/A
"February 25, 2018",Texas,Arlington,"600 block of W Inwood Ave",1,1,N/A
"February 25, 2018",Illinois,Chicago,"8000 S Michigan Ave",1,0,N/A
"February 25, 2018",Pennsylvania,Scranton,"1418 Lafayette St",1,1,N/A
"February 25, 2018",Maryland,Odenton,"2021 Brigadier Blvd",2,0,N/A
"February 25, 2018",Louisiana,"Baton Rouge","3400 block of Canyonland Drive",1,0,N/A
"February 25, 2018",Illinois,Chicago,"1 N Mayfield Ave",1,0,N/A
"February 25, 2018",Arkansas,"El Dorado","Forest Ln and Mount Holly Rd",1,0,N/A
"February 25, 2018",Louisiana,"New Orleans","1000 block of North Dorgenois Street",1,0,N/A
"February 25, 2018",Texas,Converse,"10100 block of Macarthur Way",1,0,N/A
"February 25, 2018",Mississippi,"Hickory Flat","Elm St",1,0,N/A
"February 25, 2018","New York",Syracuse,"1914 E Fayette St",1,0,N/A
"February 25, 2018",Texas,Spring,"2400 block of Louetta Rd",1,0,N/A
"February 25, 2018","South Carolina",Columbia,"1400 block of  Andrews Rd",1,1,N/A
"February 24, 2018",Connecticut,Hartford,"39 Henry St",1,0,N/A
"February 24, 2018",Georgia,"Fort Valley","1103 E Church St",1,0,N/A
"February 24, 2018","North Carolina","Kings Mountain","Canterbury Rd",1,0,N/A
"February 24, 2018",California,Whittier,"13902 Imperial Hwy",1,2,N/A
"February 24, 2018",Illinois,"Belleville (Swansea)","3921 Whitfield Dr",2,0,N/A
"February 24, 2018",Tennessee,Nashville,"26th Ave N and Alameda St",1,0,N/A
"February 24, 2018","South Carolina",Walterboro,"33 Campground Rd",0,0,N/A
"February 24, 2018","North Dakota",Williston,N/A,1,0,N/A
"February 24, 2018",Virginia,Portsmouth,"20 block of Pollux Cir W",1,1,N/A
"February 24, 2018",Texas,"San Antonio","4400 block of Loop 410",1,1,N/A
"February 24, 2018",Alabama,Montgomery,"2700 block of Zelda Rd",0,0,N/A
"February 24, 2018",Kansas,Wichita,"1600 block of S Faulders Ln",1,0,N/A
"February 24, 2018",California,Stockton,"Antoine Ct and Don Ave",1,0,N/A
"February 24, 2018",Ohio,Lancaster,"2479 E Main St",1,0,N/A
"February 24, 2018",Mississippi,Jackson,"3900 block of Bishop Avenue",1,1,N/A
"February 24, 2018",Tennessee,Knoxville,"10000 block of Missoula Way",1,0,N/A
"February 24, 2018",Texas,"Sulphur Springs","500 block of Pampa St",1,0,N/A
"February 24, 2018",Ohio,Perry,"Maple St and S Ridge Rd",3,0,N/A
"February 24, 2018",Kentucky,Lexington,"Third Street and Holbrook Court",1,0,N/A
"February 24, 2018",Wisconsin,Milwaukee,"N 41st St and W Center St",1,0,N/A
"February 24, 2018",Alabama,Mulga,"Mulga Loop Road",1,0,N/A
"February 24, 2018",California,"San Bernardino","Highland Ave and California St",1,0,N/A
"February 24, 2018",Texas,Dallas,"5700 block of Highland Hills Dr",1,1,N/A
"February 24, 2018",Maryland,Baltimore,"1800 block of N Smallwood St",1,0,N/A
"February 24, 2018",Texas,Houston,"16000 block of Coralbend Dr",1,1,N/A
"February 24, 2018",Indiana,Evansville,"Hicks Dr and Covert Ave",1,0,N/A
"February 24, 2018",Illinois,Chicago,"1100 W 65th St",1,0,N/A
"February 24, 2018",Illinois,Chicago,"8600 S Michigan Ave",1,0,N/A
"February 24, 2018","New York",Syracuse,"1914 E Fayette St",0,0,N/A
"February 24, 2018",Mississippi,Jackson,"1038 Woodrow Wilson Avenue",1,1,N/A
"February 24, 2018",Georgia,Savannah,"3219 College St",1,0,N/A
"February 23, 2018",California,Riverside,"2000 block of Stratford Way",0,0,N/A
"February 23, 2018",California,"Long Beach","W Anaheim St and I-710",1,0,N/A
"February 23, 2018",Florida,"Palm Beach Gardens (Riviera Beach)","W 23rd St",1,3,N/A
"February 23, 2018","North Carolina",Fayetteville,"200 block of Tiffany Court",1,0,N/A
"February 23, 2018",Ohio,Lakewood,"1400 block of Olivewood Ave",2,0,N/A
"February 23, 2018",Virginia,Dumfries,"16925 Old Stage Rd",1,0,N/A
"February 23, 2018",Virginia,Staunton,"106 S Sheets St",1,0,N/A
"February 23, 2018","West Virginia",Morgantown,"Williams Rd",1,0,N/A
"February 23, 2018",Illinois,Rockford,"7200 Harrison Ave",1,0,N/A
"February 23, 2018","South Carolina","North Charleston","3030 Matipan Ave",1,1,N/A
"February 23, 2018",Michigan,Detroit,"17300 block of Braile St",1,0,N/A
"February 23, 2018",California,Delano,"900 block of Belmont St",1,0,N/A
"February 23, 2018",Illinois,Rockford,"400 block of S Henrietta Ave",1,0,N/A
"February 23, 2018",Florida,Miami,"NW 83rd St and 19th Ave",1,0,N/A
"February 23, 2018",Oklahoma,Commerce,"410 S River St",1,0,N/A
"February 23, 2018",Mississippi,Mccomb,"112 W Alley",1,0,N/A
"February 23, 2018",Ohio,"Canal Fulton","Portage Rd and Akron Ave",2,0,N/A
"February 23, 2018",Illinois,Alton,"2090 Oakwood Ave",1,0,N/A
"February 23, 2018",Ohio,Cleveland,"10225 Berea Rd",1,0,N/A
"February 23, 2018",Ohio,Cleveland,"W 112th St and Detroit Ave",1,0,N/A
"February 23, 2018",Michigan,Dearborn,"Whittington St and Canterbury St",1,0,N/A
"February 23, 2018",Ohio,Elyria,"39000 block of Chestnut Ridge Rd",2,0,N/A
"February 23, 2018",Missouri,"Saint Louis","5200 block of S 38th St",1,0,N/A
"February 23, 2018",Florida,"Fort Meade","10 SW Martin Luther King Jr Blvd",1,0,N/A
"February 23, 2018",Texas,Lakehills,"1200 block of Mountain Dr",2,0,N/A
"February 23, 2018",Indiana,Indianapolis,"6380 W 34th",1,0,N/A
"February 23, 2018",Florida,Orlando,"Boston St and Carter St",1,0,N/A
"February 23, 2018",Texas,"El Paso","10500 block of Shannon Pl",1,0,N/A
"February 23, 2018",Ohio,"Grove City","2110 Stringtown Rd",1,0,N/A
"February 23, 2018",Texas,Hillsboro,"309 NW I-35",1,0,N/A
"February 23, 2018",Texas,Houston,"Federal Rd and East Fwy",1,1,N/A
"February 23, 2018",Georgia,"Stone Mountain","4893 Memorial Dr",1,0,N/A
"February 23, 2018",Missouri,Joplin,"330 S Patterson Ave",1,0,N/A
"February 23, 2018",Louisiana,Monroe,"Curtis Rd and Swartz Fairbanks Rd",1,0,N/A
"February 22, 2018",Massachusetts,Boston,"Patterson Way and Rev Burke St",1,0,N/A
"February 22, 2018",California,Covina,"1045 N Asuza Ave",1,0,N/A
"February 22, 2018",California,Lomita,"258th Pl and Cayga Ave",1,0,N/A
"February 22, 2018",Texas,Houston,"12101 Fondren Rd",1,0,N/A
"February 22, 2018",Virginia,Petersburg,"3400 North St",1,0,N/A
"February 22, 2018","North Carolina",Hendersonville,"Holbert Road",1,0,N/A
"February 22, 2018",Illinois,Rockford,"2500 block of 11th St",0,0,N/A
"February 22, 2018",Colorado,Westminster,"6980 Stuart St",1,0,N/A
"February 22, 2018",Ohio,Sandusky,"1100 block of Perry St",1,0,N/A
"February 22, 2018",Tennessee,Memphis,"3516 Tall Oaks Cir",2,0,N/A
"February 22, 2018",Virginia,Midlothian,"12000 Timber Trail Dr",1,0,N/A
"February 22, 2018",Florida,Orlando,"1500 block of Echo Lake Ct",1,0,N/A
"February 22, 2018",Indiana,Merrillville,"6201 Opportunity Ln",1,0,N/A
"February 22, 2018",Illinois,Chicago,"11200 S King Dr",1,0,N/A
"February 22, 2018",Indiana,Trafalgar,"3800 Peoga Rd",1,0,N/A
"February 22, 2018","North Carolina","Winston Salem (Winston-salem)","500 block of NE 25th St",0,0,N/A
"February 22, 2018","New Mexico",Albuquerque,"1500 block of 2nd St",1,0,N/A
"February 22, 2018",Arkansas,Rector,"LaSalle Street",1,0,N/A
"February 22, 2018",Arizona,Tolleson,"S 99th Ave and W Broadway Rd",1,0,N/A
"February 22, 2018",Missouri,"Saint Louis","1200 block of Hoyt Dr",3,0,N/A
"February 22, 2018",Alabama,Birmingham,"800 block of 4th Avenue West",1,0,N/A
"February 22, 2018",Texas,Schertz,"4000 block of Brook Hollow Dr",1,0,N/A
"February 22, 2018",Illinois,Chicago,"7000 S Morgan St",1,0,N/A
"February 22, 2018",Arizona,Tucson,"I-10 and Kolb Rd",1,0,N/A
"February 22, 2018",Missouri,"Saint Louis (Berkeley)","Fay Dr and Canyon Dr",2,0,N/A
"February 22, 2018",Missouri,"Saint Louis","Ellenwood Ave and Morganford Rd",1,0,N/A
"February 22, 2018",Washington,Toppenish,"10 block of North K St",1,0,N/A
"February 22, 2018",Pennsylvania,"Pittsburgh (Wilkinsburg)","1700 block of Laketon Rd",1,0,N/A
"February 22, 2018",Tennessee,"Church Hill","400 block of Hickory Hills Rd",1,0,N/A
"February 22, 2018","New Jersey",Newark,"500 block of S 19th St",1,0,N/A
"February 22, 2018",Georgia,Decatur,"Flat Shoals Rd and Shropshire Ln",1,0,N/A
"February 22, 2018",Tennessee,Clinton,"600 block of Sinking Springs Road",1,0,N/A
"February 21, 2018",Pennsylvania,Philadelphia,"5700 block of Broad St",1,0,N/A
"February 21, 2018","North Dakota",Jamestown,"US 281 and I-94",1,0,N/A
"February 21, 2018",Ohio,Cincinnati,"Shivers Ct",1,0,N/A
"February 21, 2018",Pennsylvania,"West Chester","1200 block of Allerton Rd",1,0,N/A
"February 21, 2018",Texas,Carthage,"PR 622 and Co Rd 222",1,1,N/A
"February 21, 2018",Alabama,Montgomery,"1600 block of Westcott Street",1,2,N/A
"February 21, 2018","New Jersey","Asbury Park","405 Ridge Ave",1,1,N/A
"February 21, 2018",Texas,Killeen,"1700 block of Spring Rose Cir",1,0,N/A
"February 21, 2018",Maryland,Baltimore,"200 block of N Payson St",1,0,N/A
"February 21, 2018",Washington,Eatonville,"43100 block of Mountain Hwy E",1,0,N/A
"February 21, 2018",Illinois,"Chicago (Burnham)","2400 State St",1,0,N/A
"February 21, 2018",Michigan,Detroit,"1600 block of Buena Vista St",2,0,N/A
"February 21, 2018",Texas,"San Antonio","4803 Manitou Dr",1,1,N/A
"February 21, 2018",California,Pomona,"800 block of E La Verne Ave",1,0,N/A
"February 21, 2018",Arizona,Phoenix,"3600 block of Lewis Avenue",4,0,N/A
"February 21, 2018",Maryland,Brandywine,"Chadds Ford Dr and Chadsey Ln",2,0,N/A
"February 21, 2018",Mississippi,Hernando,"McCracken Road and Slocum Road",1,0,N/A
"February 21, 2018",Maryland,Baltimore,"3800 block of Oakford Ave",1,0,N/A
"February 21, 2018",Georgia,Kingston,"Norton Rd",1,0,N/A
"February 21, 2018",Maryland,Baltimore,"500 block of McMechen St",1,0,N/A
"February 21, 2018",Mississippi,Jackson,"Deer Park Street",1,0,N/A
"February 20, 2018","New Hampshire",Danville,"Emerald Dr",1,0,N/A
"February 20, 2018",California,Banning,"500 block of N Hathaway St",1,0,N/A
"February 20, 2018",Ohio,Massillon,"7355 Mudbrook St NW",1,0,N/A
"February 20, 2018","North Carolina",Asheboro,"2625 Buffalo Ford Rd",1,0,N/A
"February 20, 2018",Virginia,"Newport News","800 block of Lassiter Dr",1,0,N/A
"February 20, 2018","New Mexico",Albuquerque,"Carlisle Blvd and Comanche Rd",1,0,N/A
"February 20, 2018",California,Littlerock,"11000 block of Hampel Ave",2,0,N/A
"February 20, 2018","New Jersey",Sewell,"535 Egg Harbor Rd",2,0,N/A
"February 20, 2018",Tennessee,Nashville,"501 Ben Allen Rd",1,0,N/A
"February 20, 2018",Michigan,"Bay City","3700 block of Wheeler Rd",3,0,N/A
"February 20, 2018",Texas,"El Paso","7100 block of Dale Rd",1,0,N/A
"February 20, 2018",Florida,Orlando,"7700 block of Toledo St",1,0,N/A
"February 20, 2018",Nevada,"Las Vegas","1000 block of Vernon Ave",1,0,N/A
"February 20, 2018",Pennsylvania,Philadelphia,"4400 block of Holden St",1,0,N/A
"February 20, 2018",Tennessee,Chattanooga,"1413 Carousel Rd",1,2,N/A
"February 20, 2018",Michigan,"Trenton (Woodhaven)","22000 block of West Rd",1,0,N/A
"February 20, 2018",Indiana,Indianapolis,"3300 Schofield Ave",1,0,N/A
"February 20, 2018",Illinois,Chicago,"6800 S Normal Ave",1,0,N/A
"February 20, 2018",California,"Santa Ynez","3400 CA-246",1,0,N/A
"February 20, 2018",Alabama,Moulton,"Pinhook Rd",1,0,N/A
"February 20, 2018","North Carolina",Taylorsville,"Edd Burgess Rd",1,0,N/A
"February 20, 2018",California,Greenfield,"600 block of Apple Ave",1,0,N/A
"February 20, 2018",Texas,Hurst,"4800 block of Wedgeview Dr",2,0,N/A
"February 20, 2018",Wisconsin,Milwaukee,"3700 block of N 6th St",1,0,N/A
"February 20, 2018",Florida,"Boynton Beach","1901 N Seacrest Blvd",1,0,N/A
"February 20, 2018",Mississippi,Ellisville,"Oak Bowery Road",1,0,N/A
"February 20, 2018",Alabama,Mobile,"West Ridge Road",1,0,N/A
"February 20, 2018",Alabama,Mobile,"Crawford Lane and Avondale Court",2,0,N/A
"February 20, 2018",Georgia,Decatur,"Warriors Path and Flat Shoals Pkwy",1,0,N/A
"February 20, 2018",Connecticut,Essex,"31 Prospect St",2,0,N/A
"February 20, 2018",Texas,Houston,"S Fwy and Holmes Rd",1,0,N/A
"February 20, 2018",Indiana,"Fort Wayne","4917 Northcrest Drive",1,0,N/A
"February 20, 2018",Washington,Seattle,"NE 55th St and 26th Ave NE",1,0,N/A
"February 20, 2018",Washington,Marysville,"300 block of Beach Ave",0,0,N/A
"February 20, 2018",California,Colton,"2200 block Reche Canyon Rd",1,0,N/A
"February 20, 2018",Georgia,Macon,"1189 Ruben Dr",1,0,N/A
"February 19, 2018",Texas,Denton,"2000 block of Spencer Rd",1,0,N/A
"February 19, 2018",Texas,Waxahachie,"411 Alliance Blvd",1,0,N/A
"February 19, 2018",Kansas,Derby,"600 block of Tanglewood Ct",2,0,N/A
"February 19, 2018",Georgia,Lithonia,"3800 Big Miller Grove Way",1,0,N/A
"February 19, 2018",Colorado,"Colorado Springs","2516 Airport Rd",1,0,N/A
"February 19, 2018",California,Compton,"2000 block S Willowbrook Ave",1,0,N/A
"February 19, 2018",Texas,Austin,"4900 block of Edge Creek Dr",1,0,N/A
"February 19, 2018","South Carolina",Charleston,"Hagood Ave and Ashton St",1,0,N/A
"February 19, 2018",California,Lancaster,"44419 Division St",1,0,N/A
"February 19, 2018",Tennessee,Nashville,"12th Ave N and Jefferson St",1,0,N/A
"February 19, 2018",Kentucky,Scottsville,"1139 Ray Pardue Rd",3,0,N/A
"February 19, 2018",Texas,Center,"1314 Shelbyville St",1,0,N/A
"February 19, 2018",Illinois,"East Saint Louis","400 Wimmer Pl",1,1,N/A
"February 19, 2018",Texas,Dallas,"S Interstate 35 E",1,0,N/A
"February 19, 2018",Maryland,Baltimore,"3219 Eastern Ave",1,2,N/A
"February 19, 2018",Ohio,Cleveland,"E 105th St and Superior Ave",1,0,N/A
"February 19, 2018",Indiana,"Fort Wayne","3330 W Coliseum Blvd",1,0,N/A
"February 19, 2018",Pennsylvania,Philadelphia,"1300 block of S 53rd St",1,0,N/A
"February 19, 2018",Nevada,"Las Vegas","4323 Del Santos Dr",1,0,N/A
"February 19, 2018",Washington,Seattle,"5500 26th Ave NE",1,0,N/A
"February 19, 2018",Montana,"Red Lodge","US 212",1,0,N/A
"February 19, 2018","South Carolina","Myrtle Beach","1298 Howard Ave",1,0,N/A
"February 19, 2018",Texas,Galveston,"6700 block of Fairway Dr",2,0,N/A
"February 19, 2018",Texas,Houston,"6600 Hoover St",1,0,N/A
"February 19, 2018",Ohio,Dayton,"2801 N Dixie Dr",2,0,N/A
"February 19, 2018",Illinois,Chicago,"7600 S Champlain Ave",1,1,N/A
"February 19, 2018",Illinois,Chicago,"2200 S Keeler Ave",1,0,N/A
"February 19, 2018",Louisiana,Thibodaux,"400 block of Frederick Drive",1,0,N/A
"February 19, 2018",Ohio,Springfield,"400 block of W Mulberry St",1,0,N/A
"February 19, 2018",Florida,"West Palm Beach","Belvedere Rd",2,0,N/A
"February 19, 2018",Pennsylvania,Philadelphia,"5800 block of N 7th St",1,0,N/A
"February 19, 2018",Illinois,Chicago,"7400 S Stony Island Ave",1,0,N/A
"February 19, 2018",Florida,Palatka,"Margarita Rd",1,1,N/A
"February 19, 2018",California,Stockton,"2494 E Fremont St",1,0,N/A
"February 19, 2018",Kansas,Wichita,"13415 W Maple St",1,0,N/A
"February 19, 2018",Missouri,"Kansas City","2711 Indiana Avenue",1,0,N/A
"February 18, 2018",Texas,"Fort Worth","3516 Pinto Trail",1,0,N/A
"February 18, 2018",Delaware,Middletown,"500 block of New St",1,0,N/A
"February 18, 2018",Arizona,Scottsdale,"7014 E Camelback Rd",1,0,N/A
"February 18, 2018",Florida,"West Palm Beach","11000 block of Mellow Court",1,0,N/A
"February 18, 2018",Kentucky,Louisville,"5930 Cooper Chapel Rd",1,1,N/A
"February 18, 2018",Arizona,Phoenix,"16th St and Thomas Rd",2,0,N/A
"February 18, 2018",Georgia,Decatur,"2300 Block of Clifton Springs Manor",1,0,N/A
"February 18, 2018",Alabama,Cusseta,"9857 US Highway 29 N",1,0,N/A
"February 18, 2018",Ohio,Cleveland,"10000 block of Lamontier Ave",1,0,N/A
"February 18, 2018",Tennessee,Chattanooga,"1818 Chestnut St",1,1,N/A
"February 18, 2018",California,Redlands,"5700 Golf Club Dr",1,0,N/A
"February 18, 2018",Virginia,Axton,"110 Keen Dr",1,0,N/A
"February 18, 2018",Texas,"San Antonio","3206 Cripple Creek St",1,0,N/A
"February 18, 2018",Louisiana,"Baton Rouge","10700 block of Clearview Avenue",1,1,N/A
"February 18, 2018",Maryland,Waldorf,"11700 block of Oak Manor Dr",1,0,N/A
"February 18, 2018",Nevada,"Las Vegas","4640 E Vegas Valley Dr",1,0,N/A
"February 18, 2018",Pennsylvania,Bensalem,"900 block of Bristol Pike",1,1,N/A
"February 18, 2018",Illinois,Chicago,"7700 S Kilbourn Ave",1,1,N/A
"February 18, 2018",Illinois,Chicago,"1500 W 80th St",1,1,N/A
"February 18, 2018","New York",Lockport,"88 Monroe St",1,0,N/A
"February 18, 2018",Florida,Jacksonville,"1300 block of Mount Herman St",1,1,N/A
"February 18, 2018",Indiana,Gary,"700 Ohio St",1,0,N/A
"February 18, 2018","South Carolina",Spartanburg,"El Camino Real",1,0,N/A
"February 18, 2018","South Carolina",Spartanburg,"Old Canaan Rd",1,1,N/A
"February 18, 2018","South Carolina",Sumter,"Meadow Cir",1,0,N/A
"February 18, 2018",Texas,Houston,"9598 Rowlett Rd",1,0,N/A
"February 18, 2018",Mississippi,Canton,"518 Isabella St",1,0,N/A
"February 18, 2018",Arizona,"Sierra Vista","77 El Camino Real",1,0,N/A
"February 18, 2018",Arizona,Scottsdale,"N 51st Ave and E Thunderbird Rd",1,0,N/A
"February 18, 2018",Texas,Converse,I-10,1,1,N/A
"February 18, 2018",California,Colton,"188 E Valley Blvd",1,0,N/A
"February 18, 2018",Texas,Houston,"9898 Forum Park Dr",1,0,N/A
"February 18, 2018",Louisiana,"New Orleans","700 block of North Broad Street",1,0,N/A
"February 18, 2018",California,Madera,"Tozer St and Olive Ave",1,1,N/A
"February 18, 2018",Texas,Odessa,"7700 block of E Hwy 191",1,0,N/A
"February 18, 2018","New Mexico",Albuquerque,"Gibson Blvd and Yale Blvd",1,1,N/A
"February 18, 2018",California,Vista,"800 block of Warmlands Avenue",2,0,N/A
"February 17, 2018",Mississippi,Greenwood,N/A,1,0,N/A
"February 17, 2018",Indiana,"Crown Point","1200 W 97th Pl",1,0,N/A
"February 17, 2018","New Mexico","Las Vegas","South Commerce Street",1,0,N/A
"February 17, 2018",Maryland,Waldorf,"12100 block of Ell Ln",1,0,N/A
"February 17, 2018",Indiana,"South Bend","4300 block of Silver Ln",1,0,N/A
"February 17, 2018",Ohio,Cleveland,"9100 block of Laisy Ave",1,0,N/A
"February 17, 2018",Ohio,Cleveland,"14100 St Clair",1,0,N/A
"February 17, 2018","New Mexico","Las Cruces","700 block of Long River Ln",1,0,N/A
"February 17, 2018",California,Salinas,"Fairview Ave and Sharon Dr",2,0,N/A
"February 17, 2018",Tennessee,Jackson,"Raintree Cove",1,0,N/A
"February 17, 2018",Florida,Hernando,"2480 N Florida Ave",1,0,N/A
"February 17, 2018",California,Hoopa,CA-96,1,0,N/A
"February 17, 2018",Tennessee,Jackson,"Georgian Cove",1,0,N/A
"February 17, 2018",Kentucky,Irvine,"126 Hood Avenue",2,0,N/A
"February 17, 2018","New Mexico","Las Cruces","1401 E Lohman Ave",1,0,N/A
"February 17, 2018",Georgia,"Forest Park","500 block of Yancey Dr",1,0,N/A
"February 17, 2018",Georgia,Atlanta,"2800 block of Pharr Ct S",1,0,N/A
"February 17, 2018",Georgia,Americus,"200 block of Waitsman Dr",1,1,N/A
"February 17, 2018",Louisiana,"Baton Rouge","6117 Cadillac St",1,0,N/A
"February 17, 2018",Kansas,"Kansas City","1615 Minnesota",1,7,N/A
"February 17, 2018",Kentucky,Corbin,"102 Ellison St",3,0,N/A
"February 17, 2018",Oklahoma,Catoosa,"E 5th St",1,0,N/A
"February 17, 2018",Florida,"Casselberry (Fern Park)","200 Maltese Cir",1,0,N/A
"February 17, 2018",Wisconsin,Milwaukee,"2400 block of S 5th Place",0,0,N/A
"February 17, 2018",Florida,"Palm Beach Gardens (Riviera Beach)","300 block of W 15th St",1,0,N/A
"February 17, 2018",Louisiana,"New Orleans","1900 St Ann St",2,0,N/A
"February 17, 2018",Florida,Orlando,"7461 Park Springs Cir",1,0,N/A
"February 17, 2018",Nebraska,Omaha,"3343 N 41st St",1,0,N/A
"February 17, 2018",Illinois,Chicago,"700 E 133rd St",1,0,N/A
"February 17, 2018",Minnesota,Mapleton,N/A,2,0,N/A
"February 17, 2018","New Jersey",Irvington,"500 block of Chancellor Ave",1,0,N/A
"February 17, 2018",Kentucky,Newport,"300 block of Lindsey",1,0,N/A
"February 17, 2018",Massachusetts,Lowell,"O'Connell St and Fay St",1,1,N/A
"February 17, 2018",Oklahoma,Tulsa,"1400 block of Young St",1,0,N/A
"February 17, 2018",Nevada,"Las Vegas","S Commerce St",1,0,N/A
"February 17, 2018",Florida,Homosassa,"6260 S Canna Lily Ave",2,0,N/A
"February 17, 2018","West Virginia",Inwood,"602 Pilgrim St",1,1,N/A
"February 17, 2018",California,Fremont,"37800 block of Third Street",2,0,N/A
"February 17, 2018","South Carolina",Columbia,"Johnson Ave",2,0,N/A
"February 17, 2018","South Carolina",Columbia,"Benedict St",1,0,N/A
"February 16, 2018",Kansas,Topeka,"3500 SE Girard St",1,0,N/A
"February 16, 2018","North Carolina",Raleigh,"5200 block of Dana Dr",1,0,N/A
"February 16, 2018",Missouri,"Kansas City","5400 block of N Poe St",1,0,N/A
"February 16, 2018",Ohio,Akron,"900 block of Mercer Ave",1,0,N/A
"February 16, 2018","South Carolina",Dillon,"500 N 8th Ave",1,0,N/A
"February 16, 2018",Texas,Spring,"2300 block of Kylie Ct",1,0,N/A
"February 16, 2018","West Virginia","Charleston (Sissonville)","First Creek Rd",1,0,N/A
"February 16, 2018",Oklahoma,"Oklahoma City","NE 33rd St and N Lincoln Blvd",1,0,N/A
"February 16, 2018",Tennessee,Milan,"4040 Reasons Blvd",1,0,N/A
"February 16, 2018",Ohio,Dayton,"100 block of Lorenz Ave",1,0,N/A
"February 16, 2018","District of Columbia",Washington,"4200 block of 7th St SE",1,1,N/A
"February 16, 2018",California,"San Francisco","Oak St and Stanyan St",1,1,N/A
"February 16, 2018",Florida,"Cocoa Beach","2001 S Banana River Blvd",1,0,N/A
"February 16, 2018",Michigan,Detroit,"1600 block of Buena Vista",2,0,N/A
"February 16, 2018",Illinois,"Mount Prospect","1700 W Algonquin Rd",1,0,N/A
"February 16, 2018",Texas,Plano,"4224 McAlice Dr",1,0,N/A
"February 16, 2018",Illinois,Zion,"2800 block of Edina Blvd",1,2,N/A
"February 16, 2018",Minnesota,"Sauk Rapids","3400 Old Creek Place",1,1,N/A
"February 16, 2018",Florida,"Fort Myers","2000 block of Central Ave",1,0,N/A
"February 16, 2018",Pennsylvania,"Mc Kees Rocks (Mckees Rocks)","Ella St",1,0,N/A
"February 16, 2018",Ohio,Cincinnati,"Colerain Ave and Ammon Ave",1,0,N/A
"February 16, 2018",California,Littlerock,"Longview Rd and Pallet Creek Rd",1,0,N/A
"February 16, 2018",Virginia,Winchester,"100 block of Gregory Pl",1,0,N/A
"February 16, 2018",California,"Westlake Village","31400 block of Glenbridge Rd",2,0,N/A
"February 16, 2018",Maryland,Baltimore,"1700 block of N Ellamont St",1,0,N/A
"February 16, 2018",Ohio,Ashtabula,"3100 block of Glover Dr",1,0,N/A
"February 16, 2018",Illinois,Dolton,"15200 S Blackstone Ave",1,0,N/A
"February 16, 2018",Illinois,Chicago,"10200 S Hoxie Ave",1,1,N/A
"February 16, 2018",Louisiana,"New Orleans","2100 block of Pauger",1,1,N/A
"February 16, 2018",Minnesota,Minneapolis,"3500 block of Lyndale Ave N",1,1,N/A
"February 16, 2018",Michigan,"Keego Harbor","2300 block of Cass Lake Road",4,0,N/A
"February 15, 2018",Massachusetts,Lowell,"101 Thorndike St",1,0,N/A
"February 15, 2018",Arizona,Phoenix,"3710 W Camelback Rd",1,0,N/A
"February 15, 2018",Texas,Houston,"8410 W Bartell Dr",1,1,N/A
"February 15, 2018","North Carolina",Henderson,"538 Skenes Ave",1,1,N/A
"February 15, 2018",Arkansas,Conway,"Bernard Dr",1,0,N/A
"February 15, 2018",California,"Santa Barbara","E Camino Cielo",1,0,N/A
"February 15, 2018",Virginia,Yorktown,"2601 George Washington Memorial Hwy",1,0,N/A
"February 15, 2018",Georgia,Columbus,"2700 block of Thomas St",1,0,N/A
"February 15, 2018",Kentucky,Louisville,"1200 block of Heafer Road",1,0,N/A
"February 15, 2018",Arizona,Mesa,"1800 block of E Nielson Ave",1,0,N/A
"February 15, 2018",Louisiana,"Baton Rouge","10950 Darryl Drive",1,0,N/A
"February 15, 2018","New Jersey",Salem,"Thompson St",1,0,N/A
"February 15, 2018",Mississippi,Brooksville,"Meadowbrook Street",1,0,N/A
"February 15, 2018",Maryland,Burtonsville,"14100 block of Aldora Cir",2,0,N/A
"February 15, 2018",Arkansas,Jacksonville,"2300 block of Hamilton Road",2,0,N/A
"February 15, 2018",Louisiana,"Baton Rouge","5765 Prescott Road",1,0,N/A
"February 15, 2018",Alabama,Auburn,"900 block of Old Mill Rd",1,0,N/A
"February 15, 2018",Florida,"Winter Springs","3100 block of Via Villanova Way",1,1,N/A
"February 15, 2018",Arkansas,"Fort Smith","5103 Townson Ave",1,0,N/A
"February 15, 2018",Illinois,Carbondale,"400 E Mill St",1,1,N/A
"February 15, 2018",California,"South Gate","13100 block of Paramount Blvd",1,0,N/A
"February 15, 2018",Alabama,Robertsdale,"24280 Patterson Road",2,0,N/A
"February 15, 2018",Arkansas,"Little Rock","33 Falcon Ct",1,0,N/A
"February 15, 2018",Alabama,Fairfield,"7201 Aaron Aronov Dr",1,0,N/A
"February 15, 2018",Ohio,Columbus,"Chinaberry Dr",1,0,N/A
"February 15, 2018",Louisiana,"New Orleans","2600 block of Josephine Street",1,0,N/A
"February 15, 2018",Pennsylvania,Philadelphia,"Rosalie St and Rising Sun Ave",1,0,N/A
"February 15, 2018",Michigan,Detroit,"14800 block of Ashton St",2,0,N/A
"February 15, 2018",Michigan,Sebewaing,"534 block of Beach St",3,0,N/A
"February 15, 2018",Indiana,Gary,"4200 Kentucky St",1,0,N/A
"February 15, 2018",Texas,Longview,"103 W Loop 281",1,1,N/A
"February 15, 2018",Louisiana,Slidell,"Salmen Ave",2,0,N/A
"February 15, 2018",Maine,Richmond,"843 Alexander Reed Rd",1,0,N/A
"February 15, 2018","New York","New York (Manhattan)","E 105th St",1,0,N/A
"February 15, 2018",Texas,"El Paso","800 block of Crathorne St",2,0,N/A
"February 14, 2018",Minnesota,Baxter,"7609 Excelsior Rd",1,0,N/A
"February 14, 2018",Massachusetts,Boston,"102 Winthrop St",1,0,N/A
"February 14, 2018",California,"Desert Hot Springs","12000 block of Avenida Alta Loma",1,1,N/A
"February 14, 2018",California,"Half Moon Bay",N/A,1,0,N/A
"February 14, 2018",Illinois,Joliet,"1500 California Ave",1,0,N/A
"February 14, 2018",Louisiana,Westlake,"Clarence Street",1,0,N/A
"February 14, 2018",Maryland,"Capitol Heights","1300 block of Oates St",1,0,N/A
"February 14, 2018",Massachusetts,"Fall River","408 S Main St",1,0,N/A
"February 14, 2018",Texas,"Fort Worth","3000 block of N Tarrant Pkwy",1,0,N/A
"February 14, 2018",Indiana,Urbana,"500 County Rd 400 N",1,0,N/A
"February 14, 2018",Georgia,Savannah,"Sunset Blvd and April St",1,1,N/A
"February 14, 2018",Missouri,Raymore,"S Dean Ave and W Lucy Webb Rd",1,0,N/A
"February 14, 2018",Mississippi,Lexington,"Old Tchula Road",1,0,N/A
"February 14, 2018",Alabama,Mobile,"5651 Renn St",1,0,N/A
"February 14, 2018",Mississippi,Prentiss,"Zion Hill Church Road",1,1,N/A
"February 14, 2018",Arkansas,"North Little Rock","11500 Maybelline Rd",2,0,N/A
"February 14, 2018",Minnesota,Baxter,"7609 Excelsior Rd",0,0,N/A
"February 14, 2018",Texas,Houston,"17900 block of Stoney Glade Ct",1,1,N/A
"February 14, 2018",Florida,"Pompano Beach (Parkland)","5901 Pine Island Rd",17,17,N/A
"February 14, 2018",Florida,"Port Richey","6349 Ridgecrest Dr",1,0,N/A
"February 14, 2018",Virginia,Centreville,"13000 block of Jeb Stuart Square",1,0,N/A
"February 14, 2018",Mississippi,Jackson,"Rose Street",1,0,N/A
"February 14, 2018",Pennsylvania,Stroudsburg,NA,1,0,N/A
"February 14, 2018",Louisiana,Farmerville,"King Johnson Rd",1,0,N/A
"February 14, 2018",Louisiana,"New Orleans","1800 block of Magnolia Street",1,0,N/A
"February 14, 2018","North Carolina","High Point (Archdale)","6479 Suits Rd",1,0,N/A
"February 14, 2018",Missouri,"Kansas City","2600 block of Cleveland Ave",1,0,N/A
"February 14, 2018",Indiana,Merrillville,"901 W Lincoln Hwy",1,0,N/A
"February 14, 2018",Nevada,"Las Vegas","2200 block of Superior Position St",1,0,N/A
"February 14, 2018",Georgia,Tifton,"1700 block of Bell Ave",1,0,N/A
"February 14, 2018","South Carolina",Walhalla,"Quarter Horse Trail",1,1,N/A
"February 13, 2018",Colorado,Denver,"2200 block of S Clermont St",2,0,N/A
"February 13, 2018",Texas,"San Antonio","300 block of Regina St",1,1,N/A
"February 13, 2018",California,Redlands,"1601 Barton Rd",1,0,N/A
"February 13, 2018",Alabama,"Phenix City","1500 block of 11th Ave",1,0,N/A
"February 13, 2018",Kentucky,Cynthiana,"414 Mount Carmel Road",2,0,N/A
"February 13, 2018",California,Vallejo,"400 block of Carolina St",1,0,N/A
"February 13, 2018",Utah,"Salt Lake City (West Valley City)","3510  W Parkway Blvd",1,2,N/A
"February 13, 2018",Louisiana,"New Orleans","5400 block of Andry Street",2,3,N/A
"February 13, 2018",Illinois,Channahon,"Bridge St",1,0,N/A
"February 13, 2018","West Virginia","Webster Springs","Paynesville Rd",1,0,N/A
"February 13, 2018",Virginia,"Locust Grove","34477 Constitution Hwy",1,0,N/A
"February 13, 2018",Illinois,Chicago,"100 W Randolph St",1,0,N/A
"February 13, 2018",Virginia,"Virginia Beach","700 block of 16th St",1,0,N/A
"February 13, 2018",Tennessee,Memphis,"3717 Robin Park Cir",1,0,N/A
"February 13, 2018",Illinois,"Calumet City","Hirsch Ave and Sibley Blvd",1,0,N/A
"February 13, 2018",Louisiana,"New Orleans","2400 block of Saint Charles Avenue",1,0,N/A
"February 13, 2018",Virginia,Portsmouth,"Portsmouth Blvd and Des Moines Ave",1,0,N/A